Review,giai_tri,luu_tru,nha_hang,an_uong,di_chuyen,mua_sam
"NhÃ  hÃ ng cÃ¡ch xa trung tÃ¢m nhÆ°ng Ä‘Æ°á»£c cÃ¡i cÃ³ chá»— Ä‘áº­u xe hÆ¡i, Ä‘i gáº§n chiá»u tá»‘i nÃªn ráº¥t mÃ¡t, lÃºc quÃ¡n lÃªn Ä‘Ã¨n khÃ¡ lÃ  xinh, giÃ¡ cáº£ khÃ¡ á»•n, thuá»™c táº§m trung khÃ´ng quÃ¡ Ä‘áº¯t",0,0,0,0,0,0
"Quy NhÆ¡n XÆ°a lÃ  nhÃ  hÃ ng toÃ n Ä‘á»“ Quy NhÆ¡n Ä‘á»‹a phÆ°Æ¡ng ngon, cáº£nh Ä‘áº¹p, ai Ä‘i Quy NhÆ¡n pháº£i tá»›i",0,0,0,0,0,0
"NhÃ  hÃ ng ráº¥t yÃªn tÄ©nh vÃ  thanh bÃ¬nh, bÃ i trÃ­ vÃ  mÃ³n Äƒn Ä‘á»u Ä‘áº­m cháº¥t quÃª hÆ°Æ¡ng. Vá»«a Äƒn mÃ  vá»«a hoÃ i niá»‡m, trong lÃ²ng bÃ¹i ngÃ¹i láº¯m. Láº§n sau sáº½ Ä‘Æ°a cáº£ Ä‘áº¡i gia Ä‘Ã¬nh Ä‘áº¿n Ä‘á»ƒ cÃ¹ng táº­n hÆ°á»Ÿng. Äá»“ Äƒn lÃªn mÃ³n nhanh mÃ  phá»¥c vá»¥ láº¡i ráº¥t táº­n tÃ¬nh. Äáº·c biá»‡t lÃ  nvs ráº¥t sáº¡ch sáº½, khÃ´ng gian cÅ©ng mÃ¡t máº» ráº¥t há»£p Ä‘i trÃ¡nh náº¯ng ngÃ y hÃ¨.",0,0,0,0,0,0
"Cuá»‘i tuáº§n cÃ¹ng gia Ä‘Ã¬nh Ä‘áº¿n Ä‘Ã¢y dÃ¹ng bá»¯a lÃ  quyáº¿t Ä‘á»‹nh ráº¥t Ä‘Ãºng Ä‘áº¯n. NhÃ  hÃ ng Ä‘áº¹p, thoÃ¡ng mÃ¡t. Äá»“ Äƒn vÃ  phá»¥c vá»¥ cÅ©ng ráº¥t lÃ  ok! Äáº·c biá»‡t lÃ  cÃ³ ráº¥t nhiá»u cáº£nh Ä‘áº¹p, tÃ´i vÃ  gia Ä‘Ã¬nh Ä‘Ã£ chá»¥p ráº¥t nhiá»u bá»©c áº£nh Ä‘áº¹p! Cáº£m Æ¡n Quy NhÆ¡n XÆ°a!",0,0,0,0,0,0
"NhÃ  hÃ ng Ä‘á»“ng quÃª yÃªn bÃ¬nh, sáº¡ch sáº½ thoÃ¡ng mÃ¡t, cÃ¡c mÃ³n Äƒn Ä‘á»u ngon. Thá»±c khÃ¡ch ngá»“i thÆ°á»Ÿng thá»©c cÃ¡c mÃ³n Äƒn trong báº§u khÃ´ng khÃ­ trÃ n ngáº­p hÆ°Æ¡ng sen.",0,0,0,0,0,0
"QuÃ¡n phong cÃ¡ch ráº¥t ráº¥t Ä‘áº¹p. Äáº­m cháº¥t cá»• xÆ°a, mang láº¡i cáº£m giÃ¡c bÃ¬nh yÃªn, tÄ©nh láº·ng, thoÃ¡t khá»i cuá»™c sá»‘ng bá»™n bá» xÃ´ bá»“ cá»§a cuá»™c sá»‘ng. Ä‚n uá»‘ng á»Ÿ Ä‘Ã¢y ráº¥t thoáº£i mÃ¡i, nhÃ¢n viÃªn nhiá»‡t tÃ¬nh, vui váº», Äƒn máº·c dá»… thÆ°Æ¡ng. MÃ³n Äƒn nhÃ¬n chung cÅ©ng khÃ¡ ngon, ngon nháº¥t lÃ  cÃ¡c mÃ³n gÃ  heo vÃ  cÃ¡ Ä‘á»“ng. Nháº¡c má»Ÿ dá»‹u nháº¹ nghe dá»… chá»‹u, Ãªm dá»‹. Toilet cÅ©ng ráº¥t sáº¡ch sáº½ vÃ  xÆ°a. Nhiá»u cáº£nh Ä‘áº¹p Ä‘á»ƒ check-in láº¯m. 2 vÆ°á»n sen hoa ná»Ÿ rá»™, quÃ¡ Ä‘áº¹p. Tuyá»‡t vá»i cho má»™t nhÃ  hÃ ng Ä‘áº·c trÆ°ng, Ä‘áº·c biá»‡t á»Ÿ Quy NhÆ¡n. NÆ¡i Ä‘áº¿n lÃ½ tÆ°á»Ÿng cho gia Ä‘Ã¬nh, nhÃ³m.",0,0,0,0,0,0
"NhÃ  hÃ ng lÃ¢u nÄƒm, khÃ´ng gian lÃ ng quÃª yÃªn bÃ¬nh, khÃ¡ xa trung tÃ¢m Quy NhÆ¡n. MÃ³n Äƒn ngon, giÃ¡ cÅ©ng á»•n.",0,0,0,0,0,0
"Má»™t nhÃ  hÃ ng áº©n mÃ¬nh trong vÃ¹ng quÃª ngoáº¡i ven thÃ nh phá»‘ Quy NhÆ¡n (má»i ngÆ°á»i trÃ¡nh vÃ o nháº§m â€œLÃ ng xÆ°a Quy NhÆ¡nâ€ phÃ­a ngoÃ i 200m cÃ¹ng phÃ­a). Cháº¥t xÆ°a Ä‘áº­m nÃ©t trong ngÃ´i nhÃ  cá»• tháº­t sá»± (khÃ´ng pháº£i phá»¥c dá»±ng). Thá»©c Äƒn Viá»‡t ngon theo phong cÃ¡ch Ä‘á»“ng quÃª, giÃ¡ ráº», phá»¥c vá»¥ Ä‘á»… máº¿n. Äáº·c biá»‡t khÃ´ng bá»‹ á»“n phiá»n vÃ¬ khÃ¡ch du lá»‹ch TQ nhÆ° cÃ¡c Ä‘á»‹a Ä‘iá»ƒm phá»• biáº¿n khÃ¡c cá»§a du lá»‹ch Quy NhÆ¡n.",0,0,0,0,0,0
"NhÃ  hÃ ng nÃ y tháº­t sá»± ráº¥t ngon vÃ  ná»•i tiáº¿ng. Tuy thá»±c Ä‘Æ¡n khÃ´ng quÃ¡ Ä‘a dáº¡ng vá» sá»‘ lÆ°á»£ng mÃ³n Äƒn nhÆ°ng má»—i mÃ³n Äƒn pháº£i nÃ³i lÃ  ráº¥t ngon.. Ä‘á»“ng thá»i khung cáº£nh thÃ´n quÃª ráº¥t Ä‘áº¹p vÃ  thoÃ¡ng Ä‘Ã£ng, giÃ¡ cáº£ cÅ©ng há»£p lÃ­.. má»i ngÆ°á»i nÃªn Ä‘áº¿n Äƒn xem sao",0,0,0,0,0,0
NhÃ  HÃ ng SÃ¢n VÆ°á»n khÃ´ng gian Ä‘áº¹p. Äáº·c biá»‡t cÃ³ há»“ sen,0,0,0,0,0,0
"NhÃ  hÃ ng rá»™ng rÃ£i, cÃ¡c mÃ³n Äƒn truyá»n thá»‘ng ráº¥t ngon, Ä‘áº·c biá»‡t mÃ³n bÃ¡nh xÃ¨o!",0,0,0,0,0,0
NhÃ  hÃ ng cháº¿ biáº¿n mÃ³n Äƒn ráº¥t ngon.Phá»¥c vá»¥ thÃ¢n thiá»‡n.NhÃ  vá»‡ sinh thÃ¬ sáº¡ch sáº½.Sáº½ giá»›i thiá»‡u vá»›i báº¡n bÃ¨,0,0,0,0,0,0
"- Champa Garden lÃ  nhÃ  hÃ ng háº£i sáº£n tÆ°Æ¡i sá»‘ng, náº±m trÃªn á»‘c Ä‘áº£o ngay cÆ°Ì‰a sÃ´ng CaÌi gáº§n khu di tiÌch ThaÌp BaÌ€ Ponagar..-  Thiáº¿t káº¿ Ä‘áº¹p, sang trá»ng, NhÃ¢n viÃªn phá»¥c vá»¥ chu Ä‘Ã¡o, Thá»©c Äƒn ngon tÆ°Æ¡i sá»‘ng..- GiÃ¡ OK !",0,0,0,0,0,0
"View biá»ƒn cÅ©ng Ä‘Æ°á»£c, ngá»“i ngoÃ i sÃ¢n cÃ³ dÃ n Ä‘Ã¨n treo sÃ¡ng rÃµ, lung linh...NhÃ  hÃ ng chuáº©n bá»‹ cáº£ menu riÃªng cho Ä‘oÃ n 30pax bÃªn mÃ¬nh luÃ´n, xá»‹n xÃ² quÃ¡ ah..Gháº¹ tÆ°Æ¡i, Ä‘áº§y thá»‹t, ko bá»‹ á»p. CÃ¡ mÃº háº¥p xÃ¬ dáº§u ngáº¥m gia vá»‹ nÃªn Äƒn ngon. Láº©u cÃ¡ Ä‘uá»‘i cÅ©ng á»•n. KhÃ´ng chÃª Ä‘Æ°á»£c chá»¯ nÃ o..CÃ¡m Æ¡n nhÃ  hÃ ng cÃ¹ng cÃ¡c báº¡n nhÃ¢n viÃªn nha",0,0,0,0,0,0
"BÃºn cÃ¡ nháº¡t nháº½o, cafe khÃ´ng thÆ¡m ngon. Phong cÃ¡ch tiáº¿p khÃ¡ch cÅ©ng chÆ°a tháº­t sá»± chuyÃªn nghiá»‡p..Hy vá»ng nhÃ  hÃ ng sáº½ lÃ m tá»‘t hÆ¡n",0,0,0,0,0,0
"Phá»¥c vá»¥ cháº­m, Ä‘i Ã­t thÃ¬ Ä‘Æ°á»£c chá»© Ä‘i Ä‘oÃ n pháº£i chá» Ä‘á»£i lÃ¢u. ÄÃ£ Ä‘áº·t trÆ°á»›c rá»“i mÃ  cáº£m tháº¥y nhÃ  hÃ ng nhÆ° khÃ´ng chuáº©n bá»‹ ká»‹p. NhÃ¢n viÃªn phá»¥c vá»¥ Ã­t.",0,0,0,0,0,0
"MÃ³n Äƒn bÃ¬nh thÆ°á»ng, mÃ³n xÃ o láº¡c. NhÃ  hÃ ng cÅ© nÃªn dÃ²m hÆ¡i báº©n, phá»¥c vá»¥ tá»‡, ko chuyÃªn nghiá»‡p. lÃªn mÃ³n cháº­m",0,0,0,0,0,0
"NhÃ  hÃ ng Äƒn sÃ¡ng ráº¥t ngon, Ä‘áº·c biá»‡t bÃ¡nh canh cua gáº¡ch, bÃºn cháº£ hÃ  ná»™i, cÃ  phÃª cÅ©ng ngon. Sáº½ quay láº¡i...",0,0,0,0,0,0
"Äáº·t tiá»‡c cho tháº±ng con lÃºc 6h tá»‘i, tá»›i khi tá»›i thÃ¬ kÃªu tÆ°á»Ÿng Ä‘áº·t lÃºc 6h sÃ¡ng. Chuyá»‡n tháº­t nhÆ° Ä‘Ã¹a á»Ÿ cÃ¡i nhÃ  hÃ ng nÃ y. NhÃ¢n viÃªn Ä‘áº·t tiá»‡c ghi xong cho cÃ³, mÃ  sÃ¡ng 6h sÃ¡ng cÅ©ng k tháº¥y gá»i há»i lÃ  sao k tháº¥y tá»›i.. cuá»‘i cÃ¹ng qua bÃªn Ngá»c Trai. May lÃ  má»i cÃ³ máº¥y ngÆ°á»i trong nhÃ  chá»© má»i 1 Ä‘á»‘ng lÃ  ko biáº¿t chui Ä‘i Ä‘Ã¢u luÃ´n.",0,0,0,0,0,0
"Thá»©c Äƒn cÅ©ng táº¡m á»•n. Sá»Ÿ dÄ© mÃ¬nh Ä‘á»ƒ 3* lÃ  vÃ¬ cty mÃ¬nh Ä‘i tour Vietravel cÃ³ tá»• chá»©c gala dinner á»Ÿ Ä‘Ã¢y mÃ  nhÃ  hÃ ng láº¡i thiáº¿u sá»± chuáº©n bá»‹ trong khÃ¢u tá»• chá»©c, trang trÃ­ sÃ¢n kháº¥u. MÃ³n láº©u háº£i sáº£n láº¡i cÃ³ vá»‹ Æ°Æ¡n.",0,0,0,0,0,0
"NhÃ  hÃ ng cÃ³ má»™t phong cÃ¡ch áº©m thá»±c ráº¥t Ä‘á»™c Ä‘Ã¡o, cÃ¡c mÃ³n Äƒn Ä‘Æ°á»£c cháº¿ biáº¿n vá»«a miá»‡ng, sáº¡ch sáº½. KhÃ´ng gian áº¥m cÃºng, sang trá»ng tuy nhiÃªn giÃ¡ khÃ´ng dÃ nh cho giá»›i bÃ¬nh dÃ¢n.",0,0,0,0,0,0
"NhÃ  hÃ ng, Ä‘Ã£i tiá»‡c, khÃ¡ch sáº¡n Ä‘áº§y Ä‘á»§. CÃ³ bÃ¡n Äƒn sÃ¡ng, giÃ¡ cáº£ mÃ³n Äƒn tá»« 60-90k, Ä‘á»“ uá»‘ng khoáº£ng 50k. NhÃ  hÃ ng phong cÃ¡ch sang trá»ng, xá»©ng Ä‘Ã¡ng vá»›i giÃ¡ tiá»n.",0,0,0,0,0,0
"NhÃ  hÃ ng sang trá»ng tá»• chá»©c tiá»‡c cÆ°á»›i ráº¥t Ä‘áº¹p, Ä‘á»“ Äƒn Ä‘áº¹p máº¯t nhÆ°ng khÃ´ng ngon",0,0,0,0,0,0
"ÄÃ¢y lÃ  má»™t nhÃ  hÃ ng sang trá»ng táº¡i Quy NhÆ¡n. KhÃ´ng gian lá»›n Ä‘áº¹p, phÃ¹ há»£p Ä‘á»ƒ tá»• chá»©c tiá»‡c Gala, tiá»‡c cÆ°á»›i, há»™i nghá»‹ khÃ¡ch hÃ ng táº¡i Quy NhÆ¡n.",0,0,0,0,0,0
"NhÃ  hÃ ng thÃ¬ ok, nhÆ°ng nhÃ¢n viÃªn thu ngÃ¢n khÃ´ng thÃ¢n thiá»‡n cho láº¯m....ko muá»‘n quay láº¡i láº§n nÃ o ná»¯a.",0,0,0,0,0,0
NhÃ  hÃ ng ráº¥t chu Ä‘Ã¡o vÃ  nhiá»‡t tÃ¬nh - Ä‘áº·c biá»‡t mÃ³n Äƒn trang trÃ­ Ä‘áº¹p máº¯t vÃ  kháº©u vá»‹ ráº¥t háº¥p dáº«n,0,0,0,0,0,0
"NhÃ  hÃ ng Ná»•i tiáº¿ng nháº¥t Quy NhÆ¡n. Táº§ng 2 Äƒn sÃ¡ng nhiá»u mÃ³n Ä‘áº·c sáº¯c : bÃ¡nh canh cua gáº¡ch, phá»Ÿ, há»§ tÃ­u, bÃ¡nh xÃ¨o, bÃ¡nh bá»™t lá»c, bÃºn cÃ¡.....Äáº·c biá»‡t Äƒn trÆ°a cÆ¡m Viá»‡t Nam ráº¥t ngon, háº£i sáº£n phong phÃº.",0,0,0,0,0,0
"LÃ  nhÃ  hÃ ng ná»•i tiáº¿ng tá»« lÃ¢u Ä‘á»i cá»§a Quy NhÆ¡n.  ThÃ­ch há»£p Ä‘Ã£i khÃ¡ch, tiá»‡c CÃ´ng ty",0,0,0,0,0,0
"nhÃ  hÃ ng Lá»“ng ÄÃ¨n Äá» : Ngon ráº» , áº¥m cÃºng  , lá»‹ch sá»±, mÃ¬nh thÆ°á»ng Ä‘áº¿n Ä‘Ã¢y khi ra  Quy NhÆ¡n",0,0,0,0,0,0
"NhÃ  hÃ ng cÃ³ kiáº¿n trÃºc Ä‘áº¹p, trang trÃ­ cá»• Ä‘iá»ƒn, cao cáº¥p",0,0,0,0,0,0
"NhÃ  hÃ ng cÃ³ phá»¥c vá»¥ tiá»‡c cÆ°á»›i, phá»¥c vá»¥ tá»‘t, thá»©c Äƒn ngon",0,0,0,0,0,0
NhÃ  hÃ ng tiá»‡c sang trá»ng. Thá»©c Äƒn ngon. Phá»¥c vá»¥ tá»‘t,0,0,0,0,0,0
"Äi cÃ´ng tÃ¡c táº¡i Quy NhÆ¡n Ä‘Æ°á»£c chá»‹ Sáº¿p giá»›i thiá»‡u Ä‘áº¿n Äƒn thá»­ mÃ³n láº©u tÃ´m hÃ¹m buá»•i trÆ°a. MÃ¬nh khÃ´ng thÃ­ch Äƒn háº£i sáº£n láº¯m nÃªn cÃ³ pháº§n hÆ¡i lo nhÆ°ng mÃ  Äƒn rá»“i thÃ¬ Ngon Tuyá»‡t..Vá»‹ nÆ°á»›c thanh, mÃ¹i Ä‘áº·c trÆ°ng cá»§a tÃ´m hÃ¹m ráº¥t ngon. Thá»‹t bÃ², tÃ´m, hÃ u Äƒn kÃ¨m khÃ¡ nhiá»u, cháº¥m nÆ°á»›c máº¯m á»›t Ä‘áº·c trÆ°ng tháº­t khÃ³ quÃªn. Tiáº¿t tÃ´m hÃ¹m tÆ°Æ¡i ngá»t, thá»‹t tÃ´m giÃ²n giÃ²n sá»±c sá»±c, dai ngon ngá»t tháº­t há»£p kháº©u vá»‹..KhÃ´ng gian nhÃ  hÃ ng Ä‘áº¹p vÃ  sang trá»ng Vá»‹ trÃ­ khÃ¡ thuáº­n tiá»‡n..Nháº¥t Ä‘á»‹nh sáº½ quay láº¡i khi ra Quy NhÆ¡n cÃ´ng tÃ¡c.",0,0,0,0,0,0
"KhÃ´ng gian nhÃ  hÃ ng Ä‘áº¹p vÃ  sang trá»ng, nhÃ¢n viÃªn phá»¥c vá»¥ táº­n tÃ¬nh , chu Ä‘Ã¡o. Quáº§y buffet nhiá»u mÃ³n Äƒn Ã - Ã‚u Ä‘á»™c Ä‘Ã¡o ğŸ¤¤ğŸ¤¤ğŸ¤¤. Äáº·c biá»‡t sáº½ Ä‘Æ°á»£c thÆ°á»Ÿng thá»©c cÃ¡c mÃ³n tÃ´m hÃ¹m sá»‘t vá»‹ Ä‘áº·c biá»‡t",0,0,0,0,0,0
"NhÃ  hÃ ng sang trá»ng, nhÃ¢n viÃªn phá»¥c vá»¥ nhiá»‡t tÃ¬nh vÃ  chu Ä‘Ã¡o. Buffet TÃ´m HÃ¹m ko giá»›i háº¡n thoáº£ thÃ­ch , cÃ¡c loáº¡i nÆ°á»›c Ä‘a dáº¡ng. Cháº¯c cháº¯n sáº½ quay láº¡iâ¤ï¸",0,0,0,0,0,0
"KhÃ´ng gian thÆ° giÃ£n, rá»™ng rÃ£i, nháº¡c jazz, áº¥m cÃºng nhÆ°ng sang trá»ng, giÃ¡ há»£p lÃ½. Quáº£n lÃ½ vÃ  cÃ¡c báº¡n nhÃ¢n viÃªn ráº¥t thÃ¢n thiá»‡n vÃ  chuyÃªn nghiá»‡p. Gá»i má»™t set láº©u tÃ´m hÃ¹m bÃ n 6 mÃ³n cho hai ngÆ°á»i Äƒn thoáº£i mÃ¡i. TÃ´m tÆ°Æ¡i sá»‘ng, biá»ƒu diá»…n cáº¯t tiáº¿t ngay táº¡i bÃ n. Trong set cÃ³ mÃ³n bÃ² vÃ  gá»i á»‘c khÃ¡ vá»«a miá»‡ng, nÆ°á»›c láº©u vá»‹ cá»‘t dá»«a há»£p vá»›i tÃ´m hÃ¹m. Cooktail ngon, nÃªn thá»­. NhÃ  hÃ ng cÃ²n phá»¥c vá»¥ thÃªm má»™t mÃ³n nÆ°á»›c trÃ¡i cÃ¢y khai vá»‹.",0,0,0,0,0,0
"NhÃ  hÃ ng buffet ngon ngoÃ i mong Ä‘á»£i, tráº£i nghiá»‡m ráº¥t tuyá»‡t vá»i!.Cá»±c ká»³ Ä‘Ã¡ng tiá»n vÃ  mong VN cÃ³ thÃªm nhiá»u nÆ¡i nhÆ° tháº¿ nÃ y ná»¯a !",0,0,0,0,0,0
NhÃ  hÃ ng trang trÃ­ Ä‘áº¹p tá»« Ä‘á»“ Äƒn Ä‘áº¿n khÃ´ng gian nhÃ  hÃ ng.NhÃ¢n viÃªn thÃ¢n thiá»‡n ráº¥t chÄƒm chÃº quan tÃ¢m khÃ¡ch hÃ ng ğŸ‘,0,0,0,0,0,0
"1/6 khÃ´ng biáº¿t Ä‘Æ°a con Ä‘i Ä‘Ã¢u, nháº­n Ä‘Æ°á»£c lá»i giá»›i thiá»‡u tá»« báº¡n bÃ¨ nÃªn vá»£ chá»“ng mÃ¬nh Ä‘Ã£ Ä‘Æ°a con Ä‘áº¿n nhÃ  hÃ ng Ngon Gallery dÃ¹ng buffet tÃ´m hÃ¹m cao cáº¥p. HÃ´m Ä‘Ã³ cÃ²n cÃ³ xiáº¿c vÃ  áº£o thuáº­t nÃªn 3 bÃ© nhÃ  mÃ¬nh ráº¥t thÃ­ch. Äá»“ Äƒn ngon, Ä‘a dáº¡ng, tÃ´m hÃ¹m tÆ°Æ¡i, khÃ´ng gian sang trá»ng vÃ  phá»¥c vá»¥ tháº­t chuyÃªn nghiá»‡p. Cháº¯c cháº¯n sáº½ quay láº¡i. Cáº£m Æ¡n Ä‘á»™i ngÅ© nhÃ©!",0,0,0,0,0,0
"Äá»“ Äƒn ngon, nhÃ  hÃ ng sang trá»ng, nhÃ¢n viÃªn nhiá»‡t tÃ¬nh thÃ¢n thiá»‡n â¤ï¸â¤ï¸â¤ï¸",0,0,0,0,0,0
QuÃ¡ xuáº¥t sáº¯c vá» Ä‘á»“ Äƒn vÃ  dá»‹ch vá»¥. TÃ´m hÃ¹m tÆ°Æ¡i vÃ  cÃ³ nhiá»u sá»‘t ngon mÃ  khÃ´ng má»™t nÆ¡i nÃ o cÃ³. Cáº£m Æ¡n nhÃ  hÃ ng nhÃ©,0,0,0,0,0,0
"KhÃ´ng gian sang trá»ng..Thá»©c Äƒn Ä‘a dáº¡ng, vá»‹ ngon vá»«a miá»‡ng.NhÃ¢n viÃªn chuyÃªn nghiá»‡p thÃ¢n thiá»‡n.NhÃ  hÃ ng Ä‘Ã´ng nhÆ°ng khÃ´ng á»“n Ã o, muá»‘n Äƒn pháº£i Ä‘áº·t bÃ n trÆ°á»›c.",0,0,0,0,0,0
"Biáº¿t Ä‘áº¿n nhÃ  hÃ ng hÃ´m sinh nháº­t cá»§a báº¡n mÃ¬nh, trÆ°á»›c Ä‘Ã³ cÅ©ng Ä‘Ã£ tháº¥y nhÃ¢n viÃªn quÃ¡n leak hÃ¬nh áº£nh trÃªn fb, tháº¥y cÃ¡i cÃ¡ch decor cá»§a nhÃ  hÃ ng ráº¥t hiá»‡n Ä‘áº¡i vÃ  sang trá»ng, tháº§m nghÄ© ráº¥t thÃ­ch há»£p cho viá»‡c háº¹n hÃ², tá»• chá»©c sinh nháº­t, bá»¯a tiá»‡c gia Ä‘Ã¬nh....Sau Ä‘Ã³ mÃ¬nh cÃ³ liÃªn há»‡ Ms.Phá»¥ng (em nÃ y Ä‘Ã£ vÃ´ tÃ¬nh leak Ä‘á»ƒ mÃ¬nh tháº¥y) Ä‘á»ƒ book 1 bÃ n dÃ nh cho 4 ngÆ°á»i, nÃ³i chung em áº¥y ráº¥t nhiá»‡t tÃ¬nh vÃ  chu Ä‘Ã¡o, khÃ´ng chá»‰ riÃªng em áº¥y mÃ  toÃ n thá»ƒ nhÃ¢n viÃªn cá»§a quÃ¡n cÅ©ng tháº¿, take care khÃ¡ch ráº¥t kÄ©. MÃ¬nh gá»i set menu Ã vÃ¬ láº§n Ä‘áº§u cÅ©ng khÃ´ng biáº¿t gá»i mÃ³n gÃ¬ nÃªn cá»© set menu cho dá»… Äƒn khá»i lÄƒn tÄƒn, nhÃ¬n chung thÃ¬ mÃ³n Äƒn ráº¥t Ä‘áº­m vá»‹, nhiá»u, Äƒn no luÃ´n nhÃ©, Ã  thÃªm 4 ly rÆ°á»£u wine Ä‘á» cÅ©ng tuyá»‡t vá»i. Thá»i gian Ä‘áº§u tháº­m chÃ­ chÆ°a openning mÃ  nhÃ  hÃ ng nhÆ° tháº¿ thÃ¬ quÃ¡ tá»‘t rá»“i..Láº§n Ä‘áº§u review nÃªn khÃ´ng biáº¿t nÃ³i gÃ¬ hÆ¡n, nÃ³i chung tuyá»‡t vá»i..Rating: 8/10",0,0,0,0,0,0
"NhÃ  hÃ ng sang trá»ng, Ä‘áº¹p, thá»©c Äƒn ngon, giÃ¡ cáº£ pháº£i chÄƒng",0,0,0,0,0,0
"Ráº¥t báº¥t ngá» khi Ä‘áº¿n nhÃ  hÃ ng , 1 khÃ´ng gian rá»™ng rÃ£i, vá»›i 1 sÃ¢n kháº¥u tuyá»‡t vá»i. buffe háº£i sáº£n vá»›i nhiá»u lá»±a chá»n, Äáº·c biá»‡t lÃ  mÃ³n tÃ´m hÃ¹m sá»‘t á»›t.CÃ¡c loáº¡i cocktail á»Ÿ Ä‘Ã¢y ráº¥t Ä‘á»™c Ä‘Ã¡o vÃ  ngon. Sáº½ giá»›i thiá»‡u vá»›i báº¡n bÃ¨ vÃ  gia Ä‘Ã¬nh.",0,0,0,0,0,0
"NhÃ  hÃ ng sang trá»ng, Ä‘áº¹p, phong cÃ¡ch phá»¥c vá»¥ cá»§a nhÃ¢n viÃªn ráº¥t chuyÃªn nghiá»‡p, táº­n tÃ¬nh. CÃ¡c mÃ³n Äƒn á»Ÿ Ä‘Ã¢y lÃ m cho tÃ´i ráº¥t hÃ i lÃ²ng. Náº¿u cÃ³ dá»‹p quay trá»Ÿ láº¡i Quy NhÆ¡n tÃ´i sáº½ Ä‘áº¿n Gallery láº§n ná»¯a.",0,0,0,0,0,0
"TÃ¬nh cá» Ä‘Æ°á»£c báº¡n bÃ¨ giá»›i thiá»‡u tá»›i nhÃ  hÃ ng vÃ o nhá»¯ng ngÃ y khai trÆ°Æ¡ng. Ráº¥t áº¥n tÆ°á»£ng vá»›i cÃ¡ch bÃ y trÃ­, Ä‘á»“ Äƒn ráº¥t ngon , nhÃ¢n viÃªn thÃ¢n thiá»‡n, nhiá»‡t tÃ¬nh . Äáº·c biá»‡t cocktail Pink Bubble vÃ´ cÃ¹ng láº¡. Sáº½ cÃ²n quay láº¡i .",0,0,0,0,0,0
á» Citines lÆ°á»£n lÆ°á»£n sao gáº·p Ngon gallery má»›i má»Ÿ.KhÃ´ng gian sang trá»ng cÃ³ chÆ¡i Ä‘Ã n piano.Äa pháº§n cÃ¡c mÃ³n Viá»‡t ráº¥t ngon vÃ¬ mÃ¬nh thÃ­ch nháº¥t nhÃ  hÃ ng nÃ o chÃº trá»ng mÃ³n Viá»‡t.RiÃªng buffet tÃ´m hÃ¹m cÃ¡c báº¡n nÃªn gá»i tÃ´m hÃ¹m sá»‘t á»›t ngon xuáº¥t sáº¯c.Ä‚n no tÃ´m hÃ¹m vÃ  háº£i sáº£n quÃ¡ trá»i no mÃ  giÃ¡ chá»‰ 1tr2,0,0,0,0,0,0
"MÃ¬nh vÃ  ngÆ°á»i yÃªu Ä‘áº·t bÃ n á»Ÿ Ä‘Ã¢y má»™t láº§n Ä‘á»ƒ ká»‰ niá»‡m. NhÃ  hÃ ng phong cÃ¡ch ráº¥t TÃ¢y, vÃ o hÃ¬nh nhÆ° Ä‘ang á»Ÿ nhÃ  hÃ ng ChÃ¢u Ã‚u áº¥y. Vá» mÃ³n Äƒn thÃ¬ á»•n vá»›i giÃ¡ thÃ nh. MÃ¬nh vÃ  ngÆ°á»i yÃªu Äƒn 1 set chá»‰ 450K mÃ  no cÄƒng bá»¥ng.",0,0,0,0,0,0
"ThÃ¡ng 6 vá»«a rá»“i Ä‘i du lá»‹ch á»Ÿ Quy NhÆ¡n thÃ¬ vÃ´ tÃ¬nh Ä‘Æ°á»£c báº¡n giá»›i thiá»‡u tá»›i nhÃ  hÃ ng Ä‘Ãºng dá»‹p Ä‘ang Ä‘Æ°á»£c khuyáº¿n mÃ£i.  NhÃ  hÃ ng sang trá»ng vÃ  lá»‹ch sÆ° tháº­t sá»± ráº¥t thÃ­ch khÃ´ng gian á»Ÿ Ä‘Ã¢y !  Thá»©c Äƒn ráº¥t ngon, cÃ¡c loáº¡i cocktail tháº­t tuyá»‡t vá»i vÃ  cuá»‘i cÃ¹ng nhÆ°ng khÃ´ng kÃ©m pháº§n quan trá»ng, Ä‘á»™i ngÅ© nhÃ¢n viÃªn ráº¥t chu Ä‘Ã¡o vÃ  Ä‘áº£m báº£o báº¡n sáº½ cÃ³ má»™t khoáº£ng thá»i gian tuyá»‡t vá»i.  MÃ¬nh Ä‘Ã£ cÃ³ má»™t cuá»™c trÃ² chuyá»‡n thÃº vá»‹ vá»›i má»™t ngÆ°á»i phá»¥c vá»¥ tÃªn lÃ  Tip Top, anh áº¥y cÅ©ng giá»›i thiá»‡u cho minh nhiá»u nÆ¡i Ä‘á»ƒ ghÃ© thÄƒm. Náº¿u cÃ³ cÆ¡ há»™i ra Quy NhÆ¡n má»™t láº§n ná»¯a mÃ¬nh  sáº½ trá»Ÿ láº¡i.",0,0,0,0,0,0
"Táº¥t cáº£ má»i thá»© Ä‘á»u tuyá»‡t vá»i tá»« mÃ³n Äƒn, khÃ´ng gian cho Ä‘áº¿n nhÃ¢n viÃªn phá»¥c vá»¥ Ä‘á»u chinh phá»¥c mÃ¬nh. Menu khÃ¡ Ä‘áº·c sáº¯c, cÃ¡c mÃ³n Ä‘Æ°á»£c decor khÃ¡ cáº§u kÃ¬ vÃ  báº¯t máº¯t chá»©ng tá» ngÆ°á»i Ä‘áº§u báº¿p Ä‘áº·t ráº¥t nhiá»u tÃ¢m huyáº¿t vÃ o má»—i Ä‘Ä©a thá»©c Äƒn há» lÃ m. VÃ¬ nhÃ  hÃ ng náº±m á»Ÿ gáº§n biá»ƒn nguá»“n háº£i sáº£n dá»“i dÃ o vÃ¬ váº­y nÃªn cháº¯c cháº¯n háº£i sáº£n ráº¥t tÆ°Æ¡i ngon vÃ  to. Khuyáº¿n khÃ­ch báº¡n Ä‘áº¿n Ä‘Ã¢y náº¿u Ä‘i du lá»‹ch Quy NhÆ¡n. GiÃ¡ ko pháº£i ráº» nhÆ°ng tháº­t sá»± Ä‘Ã¡ng Ä‘á»“ng tiá»n",0,0,0,0,0,0
"KhÃ´ng gian nhÃ  hÃ ng Ä‘áº¹p , buffe tÃ´m hÃ¹m giÃ¡ cáº£ pháº£i chÄƒng , cháº¥t lÆ°á»£ng tuyá»‡t vá»i . NhÃ¢n viÃªn phá»¥c vá»¥ nhiá»‡t tÃ¬nh , thÃ¢n thiá»‡n . Sáº½ quay láº¡i trong dá»‹p gáº§n nháº¥t .",0,0,0,0,0,0
"NhÃ  hÃ ng Ä‘áº¹p vÃ  cÃ³ Ä‘á»™i ngÅ© nhÃ¢n viÃªn ráº¥t thÃ¢n thiá»‡n.tÃ´i Ä‘Ã£ Ä‘Æ°á»£c thÆ°á»Ÿng thá»©c trá»n váº¹n buffet á»Ÿ Ä‘Ã¢y vá»›i nhiá»u mÃ³n hÃ i sáº£n tÆ°Æ¡i ngon,Ä‘áº·c biá»‡t lÃ  mÃ³n tÃ´m hÃ¹m.tÃ´i sáº½ quay láº¡i Ä‘Ã¢y nhiá»u láº§n ná»¯a.",0,0,0,0,0,0
"Biáº¿t Ä‘áº¿n Ngon Gallery trong chuyáº¿n du lá»‹ch Quy NhÆ¡n vá»«a rá»“i. Khung cáº£nh Ä‘áº¹p , Ä‘á»“ Äƒn tÆ°Æ¡i ngon , nhÃ¢n viÃªn nhiá»‡t tÃ¬nh <3 CÃ³ cÆ¡ há»™i gÃ© thÄƒm Quy NhÆ¡n láº§n ná»¯a thÃ¬ cháº¯c cháº¯n sáº½ tiáº¿p tá»¥c á»§ng há»™ nhÃ  hÃ ng .",0,0,0,0,0,0
"Biáº¿t Ä‘áº¿n nhÃ  hÃ ng qua lá»i giá»›i thiá»‡u cá»§a báº¡n bÃ¨. KhÃ´ng gian nhÃ  hÃ ng sang trá»ng, decor Ä‘áº¹p máº¯t, ná»™i tháº¥t Ä‘Æ°á»£c bá»‘ trÃ­ tinh táº¿. Äá»“ Äƒn ngon vá»›i nhiá»u lá»±a chá»n, trang trÃ­ Ä‘áº·c sáº¯c. NhÃ¢n viÃªn phá»¥c vá»¥ chuyÃªn nghiá»‡p vÃ  nhiá»‡t tÃ¬nh. Cháº¯n cháº¯n sáº½ tiáº¿p tá»¥c á»§ng há»™ nhÃ  hÃ ng",0,0,0,0,0,0
"Äáº¿n Quy NhÆ¡n cÃ¹ng gia Ä‘Ã¬nh vÃ  Ä‘Æ°á»£c má»™t ngÆ°á»i báº£n Ä‘á»‹a giá»›i thiá»‡u cho nhÃ  hÃ ng nÃ y...LÃºc Ä‘áº§u mÃ¬nh hÆ¡i phÃ¢n vÃ¢n vÃ¬ search trÃªn gg tháº¥y nhÃ  hÃ ng chá»‰ má»›i má»Ÿ cá»­a chÆ°a Ä‘Æ°á»£c má»™t thÃ¡ng. NhÆ°ng vÃ¬ tháº¥y lÃ  nhÃ  hÃ ng buffet nÃªn mÃ¬nh quyáº¿t Ä‘á»‹nh Ä‘Ã¡nh liá»u thá»­ xem tháº¿ nÃ o...May máº¯n lÃ  mÃ¬nh Ä‘Ã£ quyáº¿t Ä‘á»‹nh thá»­ vÃ¬ nÃ³ thá»±c sá»± xá»©ng Ä‘Ã¡ng. NhÃ  hÃ ng má»›i má»Ÿ nÃªn chÆ°a quÃ¡ Ä‘Ã´ng, khÃ´ng gian sang trá»ng hiá»‡n Ä‘áº¡i. NhÃ¢n viÃªn niá»m ná»Ÿ tiáº¿p gia Ä‘Ã¬nh chu Ä‘Ã¡o tá»« cá»­a vÃ o. Äá»“ Äƒn Ä‘a dáº¡ng, phong phÃº. TÃ´m hÃ¹m cháº¯c thá»‹t, cháº¥t lÆ°á»£ng. Bá»‘ máº¹ mÃ¬nh lÃ  ngÆ°á»i khÃ³ tÃ­nh mÃ  cÃ²n pháº£i khen táº¥m táº¯c.",0,0,0,0,0,0
"Táº¥t cáº£ má»i thá»© Ä‘á»u rÃ¢Ìt tuyá»‡t vá»i, caÌc moÌn Äƒn rÃ¢Ìt ngon, nhÃ¢n viÃªn phuÌ£c vuÌ£ rÃ¢Ìt nhiÃªÌ£t tiÌ€nh vaÌ€ thÃ¢n thiÃªÌ£n. NhÃ  hÃ ng náº±m á»Ÿ gáº§n biá»ƒn nÃªn nguá»“n háº£i sáº£n rÃ¢Ìt dá»“i dÃ o vaÌ€  háº£i sáº£n ráº¥t tÆ°Æ¡i ngon. CaÌc báº¡n coÌ Ä‘i du lá»‹ch Æ¡Ì‰ Quy NhÆ¡n thiÌ€ haÌƒy gheÌ nhaÌ€ haÌ€ng naÌ€y nheÌ. ChuÌc caÌc baÌ£n coÌ 1 kyÌ€ nghiÌ‰ tuyÃªÌ£t vÆ¡Ì€i",0,0,0,0,0,0
"MÃ¬nh vÃ  ngÆ°á»i yÃªu Ä‘áº·t bÃ n táº¡i Ä‘Ã¢y. VÃ  ráº¥t tuyá»‡t vá»i. NhÃ  hÃ ng Ä‘áº¹p, khÃ´ng gian áº¥m cÃºng, nhÃ¢n viÃªn nhiá»‡t tÃ¬nh vÃ  chu Ä‘Ã¡o. Äá»“ Äƒn ráº¥t tuyá»‡t vá»›i. Nhá»¯ng mÃ³n háº£i sáº£n tÆ°Æ¡i ngon. ÄÆ°á»£c trang trÃ­ ráº¥t cáº§u ká»³ vÃ  báº¯t máº¯t. ChÃºng tÃ´i sáº½ trá»Ÿ láº¡i",0,0,0,0,0,0
"Má»™t nhÃ  hÃ ng tuyá»‡t vá»i, khÃ´ng gian sang trá»ng, Ä‘á»“ Äƒn ráº¥t tuyá»‡t, Ä‘áº·c biá»‡t lÃ  mÃ³n TÃ´m HÃ¹m sá»‘t á»›t. MÃ¬nh vÃ  vÃ  gia Ä‘Ã¬nh Ä‘Ã£ cÃ³ 1 Ä‘Ãªm ráº¥t vui bá»¡i nhá»¯ng nhÃ¢n viÃªn thÃ¢n thiá»‡n á»Ÿ Ä‘Ã¢y!",0,0,0,0,0,0
"NhÃ  hÃ ng náº±m trÃªn táº§ng 2, cÃ³ view Ä‘áº¹p. Lobster buffet á»Ÿ Ä‘Ã¢y giÃ¡ á»•n, mÃ³n tÃ´m hÃ¹m sá»‘t á»›t ráº¥t ngon.",0,0,0,0,0,0
TÃ´i Ä‘Ã£ tá»«ng Ä‘Æ°a gia Ä‘Ã¬nh báº¡n bÃ¨ cá»§a tÃ´i Ä‘áº¿n nhÃ  hÃ ng Ngon gallery. TÃ´i thÃ­ch phong cÃ¡ch set up cá»§a nhÃ  hÃ ng vÃ  mÃ³n Äƒn á»Ÿ Ä‘Ã¢y tháº­t sá»± tuyá»‡t vá»i. Hy vá»ng tÃ´i sáº½ Ä‘Æ°á»£c trá»Ÿ láº¡i Ä‘Ã¢y vÃ o thá»i gian tá»›i,0,0,0,0,0,0
"TÃ´i Ä‘Æ°á»£c báº¡n bÃ¨ giá»›i thiá»‡u Ä‘áº¿n vá»›i Ngon Gallery Quy NhÆ¡n khi Ä‘i du lá»‹ch á»Ÿ Ä‘Ã¢y ..Má»i thá»© OK vá»i tá»« Ä‘á»“ Äƒn , thá»©c uá»‘ng ,nhÃ¢n viÃªn , khÃ´ng gian nhÃ  hÃ ng ráº¥t tuyá»‡t..TÃ´i sáº½ giá»›i thiá»‡u cho ngÆ°á»i thÃ¢n vÃ  báº¡n bÃ¨ ..Sáº½ quay láº¡i trong thá»i gian gáº§n nháº¥t ğŸ˜Šâ¤ï¸",0,0,0,0,0,0
"Thá»©c Äƒn ráº¥t ngon, trÃ¬nh bÃ y ráº¥t Ä‘áº¹p máº¯t.Tuy Ä‘Ã£ Ä‘Æ°á»£c báº¡n bÃ¨ giá»›i thiá»‡u nhÆ°ng má»i thá»© khi Ä‘áº¿n nhÃ  hÃ ng Ä‘á»u trÃªn sá»± mong Ä‘á»£i. Äáº·c biá»‡t cocktail á»Ÿ Ä‘Ã¢y ráº¥t ngon vÃ  láº¡. CÃ³ dá»‹p nhÃ¢Ìt Ä‘iÌ£nh seÌ‰ quay laÌ£i !!",0,0,0,0,0,0
"Äc biáº¿t Ä‘áº¿n nhÃ  hÃ ng do Ä‘c anh chá»‹ giá»›i thiá»‡u khi mÃ¬nh Ä‘áº¿n du lá»‹ch táº¡i Quy NhÆ¡n. Tháº­t sá»± khÃ´ng uá»•ng cÃ´ng, mÃ³n Äƒn ráº¥t ngon, nhÃ¢n viÃªn phá»¥c vá»¥ ráº¥t nhiá»‡t tÃ¬nh vÃ  chu Ä‘Ã¡o. Nháº¥t Ä‘á»‹nh mÃ¬nh sáº½ quay láº¡ii",0,0,0,0,0,0
nhá»¯ng mÃ³n Äƒn vÃ´ cÃ¹ng tÆ°Æ¡i ngon .KhÃ´ng gian nhÃ  hÃ ng sang trá»ng thanh lá»‹ch. NhÃ¢n viÃªn thÃ¢n thiá»‡n . KÃ¬ nghá»‰ cá»§a mÃ¬nh tuyá»‡t vá»i khi thÆ°á»Ÿng thá»©c Ä‘á»“ Äƒn á»Ÿ nhÃ  hÃ ng .,0,0,0,0,0,0
nhÃ  hÃ ng vá»›i Ä‘á»“ Äƒn ráº¥t tÆ°Æ¡i ngon nhÃ¢n viÃªn phá»¥c vá»¥ tá»‘t giÃ¡ tiá»n phÃ¹ há»£p vÃ  há»£p lÃ½ khÃ´ng gian miá»…n bÃ n ráº¥t thoáº£i mÃ¡i nhÃ¢n viÃªn phá»¥c vá»¥ nhiá»‡t tÃ¬nh vÃ  chu Ä‘Ã¡o sáº½ quay láº¡ Ä‘Ã¢y láº§n ná»¯a,0,0,0,0,0,0
"Má»™t trong nhá»¯ng nhÃ  hÃ ng buffet viá»‡t ngon nháº¥t táº¡i Quy NhÆ¡n mÃ  tÃ´i Ä‘Ã£ tá»«ng tráº£i nghiá»‡m. TÃ´i biáº¿t nhÃ  hÃ ng qua giá»›i thiá»‡u cá»§a má»™t ngÆ°á»i báº¡n. VÃ  tÃ´i hoÃ n toÃ n khÃ´ng há» tháº¥t vá»ng vá» nÆ¡i Ä‘Ã¢y. Äá»“ Äƒn ngon, nhÃ¢n viá»‡t phá»¥c vá»¥ nhiá»‡t tÃ¬nh vÃ  thÃ¢n thiá»‡n. Cháº¯c cháº¯n tÃ´i sáº½ trá»Ÿ láº¡i",0,0,0,0,0,0
"Má»™t trong nhá»¯ng nhÃ  hÃ ng buffet ngon nháº¥t mÃ  tÃ´i Ä‘Ã£ tá»«ng thá»­ táº¡i Quy NhÆ¡n, khÃ´ng gian Ä‘áº¹p vÃ  khÃ´ng khÃ­ áº¥m cÃºng, Ä‘á»“ Äƒn ngon chuáº¥n hÆ°Æ¡ng vá»‹ viá»‡t, nhÃ¢n viÃªn nhiá»‡t tÃ¬nh vÃ  thÃ¢n thiá»‡n, Ä‘áº·c biá»‡t lÃ  nhá»¯ng mÃ³n háº£i sáº£n tÆ°Æ¡i ngon, Ä‘áº·c biá»‡t lÃ  mÃ³n tÃ´m hÃ¹m sá»‘t á»›t, tháº­t Ä‘Ã¡ng Ä‘á»“ng tiá»n bÃ¡t gáº¡o",0,0,0,0,0,0
KhÃ´ng gian nhÃ  hÃ ng sang trá»ng . Phong cÃ¡ch ráº¥t chuyÃªn nghiá»‡p. Ráº¥t thÃ­ch há»£p cho nhá»¯ng cáº·p Ä‘Ã´i Ä‘á»ƒ ká»‰ niá»‡m hay cáº§u hÃ´n háº¹n hÃ² cháº³ng háº¡n..Äá»“ Äƒn cÃ¡c loáº¡i nÆ°á»›c uá»‘ng khÃ¡ thÃº vá»‹ vÃ  láº¡ miá»‡ng..Sáº½ ghÃ© láº¡i khi Ä‘áº¿n Quy NhÆ¡n láº§n ná»¯a.,0,0,0,0,0,0
"Nha hÃ ng Äá»“ Äƒn ngon ,cÃ¡ch nhÃ¢n viÃªn phá»¥c vá»¥ nhiá»‡t tÃ¬nh chu Ä‘Ã¡o.! ÄÃ¡ng Ä‘á»ƒ thá»­ mong nhÃ  hÃ ng ngÃ y cÃ ng Ä‘Æ°á»£c nhiá»u ngÆ°á»i biáº¿t Ä‘áº¿n vÃ  tráº£i nghiá»‡m ! ÄÆ°a áº©m thá»±c Viá»‡t Nam! LÃªn táº§m cao má»›i :)",0,0,0,0,0,0
NhÃ  hÃ ng ráº¥t tuyá»‡t vá»i.gia Ä‘Ã¬nh tÃ´i Ä‘Ã£ Ä‘Æ°á»£c Äƒn ráº¥t nhiá»u mÃ³n ngon vÃ  há»£p kháº©u vá»‹ táº¡i Ä‘Ã¢y.tÃ´i cháº¯c cháº¯n sáº½ quay láº¡i thÃªm nhiá»u láº§n ná»¯a,0,0,0,0,0,0
"NhÃ  hÃ ng Ä‘áº¹p vÃ  sang trá»ng ráº¥t thÃ­ch há»£p cho buá»•i háº¹n hÃ² , tá»• chá»©c tiá»‡c gáº·p máº·t , sinh nháº­t ... NhÃ¢n viÃªn  phuc vu ráº¥t nhiá»‡t tÃ¬nh vÃ  chu Ä‘ao.",0,0,0,0,0,0
"NhÃ  hÃ ng Ä‘áº¹p, khÃ´ng gian thoÃ¡ng Ä‘Ã£ng áº¥m cÃºng, Ä‘á»“ Äƒn ngon Ä‘áº·c biá»‡t lÃ  háº£i sáº£n. má»™t nÆ¡i cá»±c thÃ­ch há»£p cho cÃ¡c cáº·p Ä‘Ã´i",0,0,0,0,0,0
"KhÃ´ng gian nhÃ  hÃ ng sang trá»ng áº¥m cÃºng, cÃ³ sÃ¢n kháº¥u vá»›i ban nháº¡c chÆ¡i ráº¥t hay. Äá»“ Äƒn vÃ  thá»©c uá»‘ng ráº¥t ngon, nhÃ¢n viÃªn táº­n tÃ¬nh . Sáº½ cÃ²n quay láº¡i",0,0,0,0,0,0
NhÃ  hÃ ng ráº¥t tuyá»‡t.tÃ´i Ä‘Ã£ Ä‘Æ°á»£c phá»¥c vá»¥ bá»Ÿi má»™t Ä‘á»™i ngÅ© nhÃ¢n viÃªn thÃ¢n thiá»‡n cÃ¹ng cÃ¡c mÃ³n Äƒn ngon bÃªn gia Ä‘Ã¬nh.cáº£m Æ¡n ráº¥t nhiá»u,0,0,0,0,0,0
Vá»«a rá»“i Ä‘áº¿n Äƒn cÃ¹ng gia Ä‘Ã¬nh thÃ¬ mÃ¬nh tháº¥y Ä‘á»“ Äƒn ngon. Phá»¥c vá»¥ chuyÃªn nghiá»‡p. NhÃ  hÃ ng trang trÃ­ ráº¥t Ä‘áº¹p vÃ  sang trá»ng. LÃ  nÆ¡i nÃªn Ä‘áº¿n khi cÃ³ dá»‹p Ä‘áº¿n Quy NhÆ¡n.,0,0,0,0,0,0
"NhÃ  hÃ ng cÃ³ view cá»±c xinh, thá»©c Äƒn ngon miá»‡ng, Ä‘iá»ƒm cá»™ng cho nhÃ  hÃ ng lÃ  nhÃ¢n viÃªn thÃ¢n thiá»‡n, vui váº», thÃ¡i Ä‘á»™ chuyÃªn nghiá»‡p. Nháº¥t Ä‘á»‹nh sáº½ quay láº¡i láº§n ná»¯a.",0,0,0,0,0,0
Vinh háº¡nh Ä‘Æ°á»£c má»i Äƒn á»Ÿ Ä‘Ã¢y 1 láº§n. MÃ³n tÃ´m hÃ¹m sá»‘t á»›t Ä‘áº·c biá»‡t cÃ³ vá»‹ ráº¥t Ä‘áº·c trÆ°ng. NhÃ¢n viÃªn há»i han táº­n tÃ¬nh. NhÃ¬n chung lÃ  má»™t nhÃ  hÃ ng cÃ³ dá»‹ch vá»¥ tá»‘t á»Ÿ Quy NhÆ¡n.,0,0,0,0,0,0
"NhÃ  hÃ ng xá»©ng táº§m Ä‘áº³ng cáº¥p 5 sao, view Ä‘áº¹p vÃ  Ä‘á»“ háº£i sáº£n thÃ¬ phong phÃº thÃ´i rá»“i. NÃ³i chung mÃ¬nh tháº¥y ráº¥t Ä‘Ã¡ng tiá»n, nhÃ  mÃ¬nh Äƒn thá»­ mÃ³n tÃ´m hÃ¹m Ä‘Æ°á»£c nhÃ¢n viÃªn giá»›i thiá»‡u, ráº¥t tÆ°Æ¡i vÃ  ngon nhÃ©. MÃ¬nh sáº½ giá»›i thiá»‡u cho ngÆ°á»i nhÃ  Ä‘áº¿n NT láº§n tá»›i. hihi",0,0,0,0,0,0
"KhÃ´ng gian nhÃ  hÃ ng thoÃ¡ng mÃ¡t, sáº¡ch sáº½, mang láº¡i cáº£m giÃ¡c ráº¥t thoáº£i mÃ¡i cho khÃ¡ch hÃ ng, nhÃ¢n viÃªn phá»¥c vá»¥ ráº¥t táº­n tÃ¬nh vÃ  Ä‘áº·c biá»‡t Ä‘á»“ dÃ¹ng á»Ÿ Ä‘Ã¢y ráº¥t lÃ  ok ğŸ˜ğŸ˜€, sáº½ ghÃ© thÄƒm nÆ¡i nÃ y nhiá»u nhiá»u.",0,0,0,0,0,0
"Äá»“ Äƒn ráº¥t ngon, Ä‘a dáº¡ng phong phÃº vá» mÃ³n Äƒn. Äáº·c biá»‡t háº£i sáº£n tÆ°Æ¡i sá»‘ng. Äá»“ uá»‘ng ráº¥t phong phÃº vÃ  Ä‘Æ°á»£c trang trÃ­ Ä‘áº¹p máº¯t. KhÃ´ng gian nhÃ  hÃ ng ráº¥t Ä‘áº¹p, trang trÃ­ ráº¥t sang trá»ng vÃ  lá»‹ch sá»±.",0,0,0,0,0,0
NhÃ  hÃ ng Ä‘áº¹p . NhÃ¢n viÃªn phá»¥c vá»¥ tá»‘t . Äáº·c biá»‡t mÃ³n Äƒn ráº¥t ngon . Tuyá»‡t vá»i .Thanks NhÃ  HÃ ng.CÃ³ dá»‹p sáº½ ghÃ© láº¡i,0,0,0,0,0,0
"NhÃ  hÃ ng nÃ y náº±m trong toÃ  Citadine, nÃªn má»›i Ä‘áº§u mÃ¬nh tÃ¬m cÅ©ng hÆ¡i khÃ³, nhÆ°ng Ä‘á»•i láº¡i Ä‘á»“ Äƒn ráº¥t ngon , cÃ¡ch phá»¥ vá»¥ ráº¥t nhiá»‡t tÃ¬nh ná»¯a mÃ¬nh cÃ²n nhá»› cÃ³ báº¡n nhÃ¢n viÃªn ná»¯ pastion báº¡n ráº¥t nhiá»‡t tÃ¬nh, nhá» báº¡n Ã½ mÃ  mÃ¬nh biáº¿t thÃªm vÃ i Ä‘iá»ƒm thÃº vá»‹ á»Ÿ NT .",0,0,0,0,0,0
MÃ³n Äƒn ngon mang nhiá»u hÆ°Æ¡ng vá»‹ khÃ¡c nhau.Äáº·c biá»‡t Ä‘á»™i ngÅ© nhÃ¢n viÃªn ráº¥t chu Ä‘Ã¡o vÃ  niá»m ná»Ÿ Ä‘Ã³n tiáº¿p khÃ¡ch.NhÃ  hÃ ng khÃ¡ sang trá»ng.PhÃ¹ há»£p cho nhá»¯ng tiá»‡c lÃ£ng máº¡n hay nhá»¯ng bá»¯a tiá»‡c gia Ä‘Ã¬nh.1 sá»± lá»±a chá»n Ä‘Ãºng Ä‘áº¯n khi Ä‘áº·t chÃ¢n Ä‘áº¿n Quy NhÆ¡n,0,0,0,0,0,0
"mÃ³n Äƒn tuyá»‡t vá»i, khÃ´ng gian sang trá»ng hÃ i hÃ²a ,cÃ¡ch phá»¥c vá»¥ chuyÃªn nghiá»‡p , cáº£ gia Ä‘Ã¬nh báº¡n bÃ¨ tÃ´i ráº¥t thÃ­ch, háº¹n quay láº¡i nhÃ  hÃ ng 1 ngÃ y gáº§n nháº¥t,",0,0,0,0,0,0
"NhÃ  hÃ ng siÃªu Ä‘áº¹p vá»›i khÃ´ng gian tuyá»‡t vá»i, Ä‘á»“ Äƒn tÆ°Æ¡i ngon vÃ  há»£p kháº©u vá»‹.NhÃ¢n viÃªn thÃ¢n thiá»‡n vÃ  chuyÃªn nghiá»‡p. Ráº¥t muá»‘n Ä‘á»ƒ quay trá»Ÿ láº¡i",0,0,0,0,0,0
NhÃ  hÃ ng ngon.háº£i sáº£n háº¥p dáº«n vÃ  cÃ³ dá»™i ngÅ© nhÃ¢n viÃªn thÃ¢n thiá»‡n tuyá»‡t vá»i.tÃ´i ráº¥t mong Ä‘Æ°á»£c trá»Ÿ láº¡i thÃªm nhiá»u láº§n ná»¯a,0,0,0,0,0,0
"NhÃ  hÃ ng view Ä‘áº¹p, Ä‘á»“ Äƒn ngon miá»‡ng, tháº­t sá»± khi vÃ o Ä‘Ã¢y dÃ¹ng bá»¯a ráº¥t thoáº£i mÃ¡i. 5* cho táº¥t cáº£.",0,0,0,0,0,0
"NhÃ  hÃ ng sang trá»ng, set up Ä‘áº¹p ráº¥t phÃ¹ há»£p cho buá»•i háº¹n hÃ² hoáº·c gáº·p khÃ¡ch hÃ ng. TÃ´i Ä‘Ã£ Ä‘áº¿n Ä‘Ã¢y 2 láº§n vÃ  ráº¥t hÃ i lÃ²ng tá»« má»i thá»©, nhÃ¢n viÃªn xinh phá»¥c vá»¥ nhiá»‡t tÃ¬nh, Ä‘á»“ Äƒn khÃ¡ ngon vÃ  trang trÃ­ báº¯t máº¯t.ğŸ‘",0,0,0,0,0,0
NhÃ  hÃ ng tháº­t tuyá»‡t.tÃ´i vÃ  gia Ä‘Ã¬nh Ä‘Ã£ cÃ³ má»™t ngÃ y thÆ°á»Ÿng thá»©c bá»¯a Äƒn tháº­t ngon táº¡i Ä‘Ã¢y.cáº£m Æ¡n cÃ¡c báº¡n nhÃ¢n viÃªn táº¡i Ngon,0,0,0,0,0,0
"ÄÃ¢y lÃ  má»™t Ä‘á»‹a Ä‘iá»ƒm tuyá»‡t vá»i cho nhá»¯ng ai muá»‘n thÆ°á»Ÿng thá»©c mÃ³n Äƒn Ä‘áº­m hÆ°Æ¡ng vá»‹ Viá»‡t, khÃ´ng gian sang trá»ng, nhÃ¢n viÃªn thÃ¢n thiá»‡n nhiá»‡t tÃ¬nh. Äáº·c  biá»‡t do gáº§n biá»ƒn nÃªn báº¡n cÃ³ thá»ƒ thÆ°á»Ÿng thá»©c Ä‘uá»c ráº¥t nhiá»u mÃ³n háº£i sáº£n Ä‘áº·c sÄƒc á»Ÿ Ä‘Ã¢y. MÃ¬nh vÃ  gia Ä‘Ã¬nh Ä‘Ã£ cÃ³ nhá»¯ng tráº£i nghiá»‡m tuyá»‡t vá»i vá»›i nhÃ  hÃ ng. Highly recommend",0,0,0,0,0,0
NhÃ¢n viÃªn phá»¥c vá»¥ ráº¥t chuyÃªn nghiá»‡p vÃ  vui váº».MÃ³n Äƒn ngon khÃ´ng gian nhÃ  hÃ ng sang trá»ng trang trÃ­ ráº¥t Ä‘áº¹p.Sáº½ quay láº¡i náº¿u cÃ³ dá»‹p,0,0,0,0,0,0
"TÃ´i Ä‘Ã£ cÃ³ má»™t bá»¯a tá»‘i thÃº vá»‹ táº¡i nhÃ  hÃ ng,  má»™t khÃ´ng gian sang trá»ng, dá»… chá»‹u Ä‘á»ƒ thÆ°á»Ÿng thá»©c bá»¯a tá»‘i cÃ¹ng ngÆ°á»i thÃ¢n..NhÃ¢n viÃªn chuyÃªn nghiá»‡p vÃ  phá»¥c vá»¥ tá»‘t..Cáº£m Æ¡n bá»¯a tá»‘i tuyá»‡t vá»i!",0,0,0,0,0,0
NhÃ  hÃ ng ráº¥t sang trá»ng ... mÃ³n Äƒn ngon nhÃ¢n viÃªn phá»¥c vá»¥ minh cho la tá»‘t . Minh ráº¥t thÃ­ch khÃ´ng gian nÆ¡i nay,0,0,0,0,0,0
"NhÃ  hÃ ng sang trá»ng, nhÃ¢n viÃªn dá»… thÆ°Æ¡ng. Ráº¥t thÃ­ch mÃ³n cocktail Bay at Night táº¡i Ä‘Ã¢y. Sáº½ cÃ²n quay láº¡i",0,0,0,0,0,0
NhÃ  hÃ ng lÃ£ng máº¡ng khi cÃ³ náº¿n vÃ  nháº¡c cÃ´ng chÆ¡i piano. Thá»©c Äƒn ráº¥t tÆ°Æ¡i vÃ  ngon. NhÃ¢n ViÃªn dá»… thÆ°Æ¡ng.,0,0,0,0,0,0
"Má»™t nhÃ  hÃ ng tuyá»‡t vá»i vá»›i phong cÃ¡ch sang trá»ng, cÃ¹ng vá»›i Ä‘á»“ Äƒn ngon káº¿t há»£p vá»›i Ã¢m nháº¡c tá»« Philipin band. Sáº½ cÃ²n quay láº¡i",0,0,0,0,0,0
NhÃ  hÃ ng nÃ y tá»« phá»¥c vá»¥ Ä‘áº¿n náº¥u Äƒn Ä‘á»u ngon vÃ  Ä‘Ãºng chuáº©n.nhÃ¢n viÃªn phá»¥c vá»¥ vui váº» táº­n tÃ¬nh,0,0,0,0,0,0
NhÃ  hÃ ng vá»›i khÃ´ng gian tháº­t lÃ£ng máº¡ng. NhÃ¢n ViÃªn dá»… thÆ°Æ¡ng vÃ  thÃ¢n thiá»‡n. Thá»©c Äƒn ráº¥t há»£p kháº©u vá»‹. Tuyá»‡t vá»i 5*,0,0,0,0,0,0
"NhÃ  hÃ ng view Ä‘áº¹p, thoÃ¡ng mÃ¡t, sáº¡ch sáº½. MÃ³n Äƒn ráº¥t vá»«a miá»‡ng. NhÃ¢n viÃªn thÃ¢n thiá»‡n. Sáº½ cÃ²n quay láº¡i ğŸ˜",0,0,0,0,0,0
Tuyá»‡t vá»i má»™i thá»© cá»§a nhÃ  hÃ ng Ngon Gallery Ä‘á»u lÃ m tÃ´i ráº¥t lÃ  hÃ i lÃ²ng. Sáº½ quay láº¡i trong thá»i gian sá»›m nháº¥t.,0,0,0,0,0,0
"NhÃ  hÃ ng view Ä‘áº¹p, Ä‘á»“ Äƒn ngon báº¯t máº¯t, sáº½ giá»›i thiá»‡u báº¡n bÃ¨ vÃ  quay láº¡i ná»¯a áº¡h.",0,0,0,0,0,0
Má»™t Ä‘á»‹a Ä‘iá»ƒm mÃ  cÃ¡c báº¡n nÃªn Ä‘áº¿n vÃ  thÆ°á»Ÿng thá»©c mÃ³n Äƒn ngon vÃ  phá»¥c vá»¥ táº­n tÃ¬nh nhÃ  hÃ ng Ä‘áº¹p .,0,0,0,0,0,0
"NhÃ  hÃ ng khÃ´ng gian Ä‘áº¹p , Ä‘á»“ Äƒn ráº¥t lÃ  ngon , nhÃ¢n viÃªn nhiá»‡t tÃ¬nh , thÃ¢n thiá»‡n",0,0,0,0,0,0
"MÃ³n Äƒn ngon! Trang trÃ­ Ä‘áº¹p phá»¥c vá»¥ nhiá»‡t tÃ¬nh, nhÃ  hÃ ng sáº½ mau phÃ¡t triá»ƒn máº¡nh.",0,0,0,0,0,0
"NhÃ  hÃ ng sang trá»ng, Ä‘á»“ Äƒn ngon,  nhÃ¢n viÃªn thÃ¢n thiá»‡n. MÃ¬nh sáº½ trá»Ÿ láº¡i Ä‘Ã¢y nhiá»u láº§n ná»¯a! ^^",0,0,0,0,0,0
NhÃ  hÃ ng cÃ³ view Ä‘áº¹p. TÃ´m hÃ¹m sá»‘t á»›t ráº¥t ngon. Sáº½ quay láº¡i láº§n ná»¯a,0,0,0,0,0,0
"nhÃ  hÃ ng ráº¥t sang trá»ng , nhÃ¢n viÃªn vÃ´ cÃ¹ng dá»… thÆ°Æ¡ng thÃ¢n thiá»‡n, khÃ¡c biá»‡t vá»›i nhá»¯ng nhÃ  hÃ ng khÃ¡c. Má»i ngÆ°á»i nÃªn ghÃ© tá»›i tráº£i nghiá»‡m",0,0,0,0,0,0
NhÃ  hÃ ng khÃ´ng gian áº¥m cÃºng. Äá»“ Äƒn ngon. NhÃ¢n viÃªn phá»¥c vá»¥ tá»‘t,0,0,0,0,0,0
"Äá»“ Äƒn tÆ°Æ¡i, ngon. NhÃ  hÃ ng bÃ i trÃ­ Ä‘áº¹p, sang trá»ng. NhÃ¢n viÃªn chuyÃªn nghiÃªÌ£p",0,0,0,0,0,0
"nhÃ  hÃ ng ráº¥t Ä‘áº¹p vÃ  sang trá»ng, dá»‹ch vá»¥ tuyá»‡t vá»i thá»±c sá»± lÃ m tÃ´i muá»‘n quay láº¡i 1 láº§n ná»¯a",0,0,0,0,0,0
"NhÃ  hÃ ng ráº¥t sang trá»ng, Ä‘á»“ Äƒn vÃ  nÆ°á»›c uá»‘ng ráº¥t ngon. Ráº¥t Ä‘Ã¡ng Ä‘áº¿ tráº£i nghiá»‡m !",0,0,0,0,0,0
"NhÃ  hÃ ng má»›i má»Ÿ á»Ÿ Quy NhÆ¡n, nhÃ¢n viÃªn vui váº», Ä‘áº·c biá»‡t nhÃ¢n viÃªn CÃ¡t YÃªn phá»¥c vá»¥ ráº¥t nhiá»‡t tÃ¬nh",0,0,0,0,0,0
"NhÃ  hÃ ng ráº¥t Ä‘áº¹p, háº£i sáº£n tÆ°Æ¡i ngon, Ä‘áº·c biá»‡t mÃ³n tÃ´m hÃ¹m .",0,0,0,0,0,0
"Phong cÃ¡ch phá»¥c vá»¥ chuyÃªn nghiá»‡p, thá»©c Äƒn ngon vÃ  khÃ´ng gian nhÃ  hÃ ng sang trá»ng.",0,0,0,0,0,0
Sang trá»ng vÃ  tuyá»‡t vá»i tá»« mÃ³n Äƒn cho Ä‘áº¿n nhÃ¢n viÃªn cÅ©ng nhÆ° khÃ´ng gian cá»§a nhÃ  hÃ ng,0,0,0,0,0,0
NhÃ  hÃ ng Ä‘áº¹p. Äá»“ Äƒn cháº¥t lÆ°á»£ng. NhÃ¢n viÃªn phá»¥c vá»¥ tá»‘t,0,0,0,0,0,0
NhÃ  hÃ ng vá»›i khÃ´ng gian Ä‘áº¹p vÃ  phong cÃ¡ch phá»¥c vá»¥ chuyÃªn nghiá»‡p.,0,0,0,0,0,0
"KhÃ´ng gian nhÃ  hÃ ng Ä‘áº¹p, Ä‘á»“ Äƒn ngon, phá»¥c vá»¥ ráº¥t tá»‘t â¤ï¸â¤ï¸",0,0,0,0,0,0
"Háº£i sáº£n á»Ÿ Ä‘Ã¢y ngon vÃ  Ä‘a dáº¡ng. NhÃ  hÃ ng Ä‘áº¹p, áº¥m cÃºng.",0,0,0,0,0,0
"Ä‘á»“ Äƒn ngon phá»¥c vá»¥ tá»‘t, nhÃ  hÃ ng sang trá»ng báº¯t máº¯t áº¡",0,0,0,0,0,0
"NhÃ  hÃ ng Ä‘áº¹p, thá»©c Äƒn ngon, phá»¥c vá»¥ háº¿t sá»©c nhiá»‡t tÃ¬nh.",0,0,0,0,0,0
"NhÃ¢n viá»‡c phá»¥c vá»¥ ráº¥t tá»‘t, nhÃ  hÃ ng ráº¥t Ä‘áº¹p. Äá»“ Äƒn ráº¥t ngon",0,0,0,0,0,0
"KhÃ´ng gian nhÃ  hÃ ng sang trá»ng, Ä‘á»“ Äƒn ngon ,trang trÃ­ Ä‘áº¹p máº¯t.",0,0,0,0,0,0
"NhÃ  hÃ ng sang trá»ng, Ä‘á»“ Äƒn ngon. NhÃ¢n viÃªn ráº¥t chu Ä‘Ã¡o",0,0,0,0,0,0
"KhÃ´ng gian nhÃ  hÃ ng áº¥m cÃºng, nhÃ¢n viÃªn nhiá»‡t tÃ¬nh.Ráº¥t hÃ i lÃ²ng",0,0,0,0,0,0
CÃ³ 1 Ä‘Ãªm ráº¥t hÃ i lÃ²ng vá»›i má»i thá»© á»Ÿ nhÃ  hÃ ng. Sáº½ quay láº¡i.,0,0,0,0,0,0
"NhÃ  hÃ ng cÃ³ mÃ³n bia tÆ°Æ¡i sáº£n xuáº¥t thá»§ cÃ´ng ráº¥t Ä‘áº·c biá»‡t. MÃ³n Äƒn cá»±c cháº¥t. Khuyáº¿n nghá»‹ anh em Ä‘i Äƒn gá»i Ä‘á»“ vá»«a pháº£i trÃ¡nh thá»«a, bia thÃ¬ cá»© bÃ¬nh 5 lÃ­t má»™t uá»‘ng háº¿t gá»i tiáº¿p. Há»£p lÃ½ cho gia Ä‘Ã¬nh, anh em tiáº¿p khÃ¡ch, cÃ´ng ty tráº£i nghiá»‡m thÆ°á»Ÿng thá»©c.",0,0,0,0,0,0
NhÃ  hÃ ng Ä‘áº¹p - phá»¥c vá»¥ nhiá»‡t tÃ¬nh - mÃ³n Äƒn ngon.CÃ³ ca nháº¡c sá»‘ng vÃ o 20:30 h,0,0,0,0,0,0
"Cáº£nh quan nhÃ  hÃ ng Ä‘áº¹p, nhiá»u cÃ¢y xanh, nhÆ°ng Äƒn trÆ°a tÆ°Æ¡ng Ä‘á»‘i nÃ³ng, dÃ¹ Ä‘Æ°á»£c bá»‘ trÃ­ khÃ¡ nhiá»u quáº¡t xung quanh, nÃªn Äƒn táº§m chiá»u tá»‘i á»Ÿ Ä‘Ã¢y thÃ¬ khÃ´ng khÃ­ mÃ¡t máº», chá»¥p áº£nh sá»‘ng áº£o thoáº£i mÃ¡i..Äá»“ Äƒn ngon, phá»¥c vá»¥ chu Ä‘Ã¡o nhiá»‡t tÃ¬nh áº¡",0,0,0,0,0,0
"NhÃ  hÃ ng rá»™ng rÃ£i, thoÃ¡ng mÃ¡t, giÃ¡ cáº£ vá»«a pháº£i, cáº£nh Ä‘áº¹p",0,0,0,0,0,0
"NhÃ  hÃ ng mÃ³n Äƒn ngon há»£p kháº©u vá»‹, nhÃ¢n viÃªn ráº¥t dá»… thÆ°Æ¡ng vÃ  nhiá»‡t tÃ¬nh. KhÃ´ng gian thoÃ¡ng mÃ¡t , giÃ¡ cáº£ pháº£i chÄƒng , Ä‘á»“ Äƒn ngon hÆ¡n cáº£ ngÆ°á»i yÃªu cÅ© â¤",0,0,0,0,0,0
NhÃ  hÃ ng view ráº¥t Ä‘áº¹p Ä‘á»“ Äƒn ngon há»£p kháº©u vá»‹ cá»§a mn k nhá»¯ng view vÃ  Ä‘á»“ Äƒn mÃ  vá» nhÃ¢n viÃªn phá»¥c vá»¥ ráº¥t nhiá»‡t tÃ¬nh thÃ¢n thiá»‡n dá»ƒ thÆ°Æ¡g vÃ  vui váº» hoÃ  Ä‘á»“ng ..ğŸ¤â˜ºï¸â˜ºï¸,0,0,0,0,0,0
"NhÃ  hÃ ng view Ä‘áº¹p nháº¥t mÃ  mÃ¬nh tá»«ng Ä‘áº¿n. ÄÃ£ tháº¿ Ä‘á»“ Äƒn láº¡i cá»±c ká»³ ngon, giÃ¡ cáº£ pháº£i chÄƒng, nhÃ¢n viÃªn thÃ¢n thiá»‡n, phá»¥c vá»¥ nhiá»‡t tÃ¬nh. Cháº¯c cháº¯n mÃ¬nh sáº½ ghÃ© láº¡i quÃ¡n khi cÃ³ dá»‹p ra Quy NhÆ¡n láº§n tiáº¿p theo.",0,0,0,0,0,0
"NhÃ  hÃ ng view Ä‘áº¹p giÃ¡ cáº£ há»£p lÃ­ Ä‘á»“ Äƒn nÆ°á»›c uá»‘ng ngon, nhÃ¢n viÃªn nhiá»‡t tÃ¬nh chu Ä‘Ã¡o láº§n sau sáº½ quay láº¡i",0,0,0,0,0,0
NhÃ  hÃ ng view Ä‘áº¹p mÃ¡t máº» thoÃ¡ng nha ğŸ˜‹ Ä‘á»“ Äƒn ngon phá»¥c vá»¥ táº­n tÃ¬nh quÃ½ khÃ¡ch vui váº½ hÃ²a Ä‘á»“ng áº¡ â¤,0,0,0,0,0,0
"âœ… NhÃ  hÃ ng view nhÆ° má»™t Dalas thu nhá» giá»¯a 1 trung tÃ¢m thÃ nh phá»‘..âœ… Thá»±c Ä‘Æ¡n phong phÃº, Ä‘a dáº¡ng cá»§a táº¥t cáº£ cÃ¡c vÃ¹ng miá»n, Ä‘áº·t biá»‡t lÃ  Ä‘áº·c sáº£n rá»«ng- biá»ƒn..NhÃ¢n viÃªn phá»¥c vá»¥ nhiá»‡t tÃ¬nh, siÃªu ciu te :)))..ğŸ‘ğŸ‘ CÃ¡c báº¡n hÃ£y ghÃ© Ä‘áº¿n Ä‘á»ƒ Ä‘Æ°á»£c tráº£i nghiá»‡m Ä‘iá»u tuyá»‡t vá»i nháº¥t nhÃ© â¤ï¸",0,0,0,0,0,0
"NhÃ  hÃ ng view Ä‘áº¹p , nhÃ¢n viÃªn chuyÃªn nghiá»‡p nhiá»‡t tÃ¬nh giÃ¡ cáº£ há»£p lÃ­, Ä‘á»“ Äƒn ngon tuyá»‡t vá»iâ¤ï¸",0,0,0,0,0,0
"NhÃ  hÃ ng Ä‘áº¹p, thoÃ¡ng mÃ¡t, nv chuyÃªn nghiá»‡p, nhiá»‡t tÃ¬nh. Sáº½ giá»›i thiá»‡u thÃªm báº¡n bÃ¨ ğŸ˜Š",0,0,0,0,0,0
"NhÃ  hÃ ng thoÃ¡ng mÃ¡t, phá»¥c vá»¥ chuyÃªn nghiá»‡p mÃ³n Äƒn nÆ°á»›c uá»‘ng okee..5sao",0,0,0,0,0,0
"NhÃ  hÃ ng nhÃ¢n viÃªn ráº¥t nhiá»‡t tÃ¬nh ,sáº¡ch sáº½ phong cáº£nh ráº¥t Ä‘áº¹p, mÃ³n Äƒn ngon",0,0,0,0,0,0
NhÃ  hÃ ng ca fe quÃª 79 Ä‘áº§u báº¿p mÃ³n Äƒn ngon phá»¥ vá»¥ nhiá»‡t tÃ¬nh dá»ƒ thÆ°Æ¡ng,0,0,0,0,0,0
NhÃ  HÃ ng lÃ m Ä‘á»“ Äƒn ngon view Ä‘áº¹p nhÃ¢n viÃªn  nhiá»‡t tÃ¬nh nháº¥t lÃ  bÃ© An,0,0,0,0,0,0
Du lá»‹ch Quy NhÆ¡n nhá»› ghÃ© qua nhÃ  hÃ ng nÃ y nhÃ©. Háº£i sáº£n tÆ°Æ¡i ngon cháº¿ biáº¿n theo ngÆ°á»i Nháº­t thÃ¬ thÃ´i rá»“i. Ngon Æ¡i lÃ  ngon,0,0,0,0,0,0
"LÃ  nhÃ  hÃ ng Nháº­t mÃ¬nh thÃ­ch nháº¥t á»Ÿ Quy NhÆ¡n. Äá»“ Äƒn ngon, cháº¥t lÆ°á»£ng, giÃ¡ táº§m trung, nhiá»u lá»±a chá»n. Äá»“ Äƒn thÃ¬ mang Ä‘áº­m hÆ°Æ¡ng vá»‹ nháº­t ( Anh chá»§ lÃ  ngÆ°á»i Nháº­t mÃ ) nhÆ°ng váº«n phÃ¹ há»£p vá»›i ngÆ°á»i Viá»‡t nha. Fan cá»§a sushi thÃ¬ khÃ´ng thá»ƒ bá» quÃ¡n nÃ y khá»i list Ä‘Ã¢u.",0,0,0,0,0,0
"MÃ¬nh khÃ´ng thÆ°á»ng hay Äƒn Ä‘á»“ Nháº­t. Tuy nhiÃªn sushi á»Ÿ Ä‘Ã¢y pháº£i nÃ³i lÃ  ngon tháº­t, cáº£m giÃ¡c ráº¥t tÆ°Æ¡i. MÃ¬ Udon cÅ©ng ngon ná»¯a. NhÃ¢n viÃªn láº¡i cá»±c ká»³ nhiá»‡t tÃ¬nh. NhÆ°ng giÃ¡ cáº£ cÅ©ng khÃ´ng ráº» (vÃ¬ lÃ  nhÃ  hÃ ng Nháº­t mÃ ) nÃªn sáº½ khÃ´ng thá»ƒ lui ghÃ© thÆ°á»ng xuyÃªn Ä‘Æ°á»£c.Huhu. Máº·c dÃ¹ ráº¥t Ä‘Ã¡ng Ä‘á»“ng tiá»n bÃ¡t gáº¡o. ÄÃ¡ng Ä‘iá»ƒm 10 cho cháº¥t lÆ°á»£ng ğŸ‘Œ",0,0,0,0,0,0
