"Nhà hàng có khung cảnh rất lãng mạn và ấm cúng. Thức ăn rất nhiều sự lựa chọn, đặc biệt là beef steak có chất lượng ngon nhất trong số những nhà hàng Âu ở Quy Nhơn mà tôi từng trải nghiệm"
"Thân gửi 330phongt,. . Cảm ơn 330phongt đã dành thời gian đánh giá nhà hàng Sea.Fire.Salt,. . Thay mặt cho nhân viên bộ phận ẩm thực, chúng tôi rất vui vì Quý khách đã có một trải nghiệm đáng nhớ. Bên cạnh dịch vụ ăn tại nhà hàng, chúng tôi còn có dịch vụ Ăn tối lãng mạn tại bờ biển Dining by Design.. . Rất mong sớm được tiếp đón Quý khách quay trở lại nhà hàng Sea.Fire.Salt.. . Trân trọng,. . Harry Le. Trưởng Bộ Phận Ẩm Thực"
"Cực kỳ chu đáo trong cung cách phục vụ , món ăn rất ngon và khác biệt . Mỗi món ăn đều được phục vụ với chất lượng tốt nhất . Hãy tới đây để trải nghiệm bạn sẽ không sợ bị thất vọng ."
"Thân gửi chinhiz,. . Rất cảm ơn bạn đã dành thời gian để đánh giá nhà hàng Sea.Fire.Salt.. . Thay mặt đội ngũ nhân viên nhà hàng, chúng tôi rất xin cảm ơn bạn đã tới trải nghiệm tại nhà hàng Sea.Fire.Salt. Rất mong sớm được chào đón gia đình mình tại Sea.Fire.Salt một dịp tới đây.. . Trân trọng,. Nguyên Hải"
"Nhà hàng đẹp. Nhân viên phục vụ nhiệt tình, chu đáo, luôn thân thiện. Đồ ăn ngon. Mình mong sẽ quay lại đây."
"Dear Maianh1125,. . Lời đầu tiên, chúng tôi chân thành cảm ơn quý khách đã dành thời gian đánh giá nhà hàng Sea.Fire.Salt trên TripAdvisor.. . Chúng tôi rất vui quý khách đã có một khoảng thời gian thật vui và đáng nhớ tại nhà hàng tận hưởng đồ ăn và dịch vụ tại Sea.Fire.Salt.. . Rất mong sớm được chào đón quý khách quay trở lại!. . Trân trọng,. . Nguyên Hải. . Trưởng bộ phận Ẩm thực"
"Đồ ăn ở nhà hàng rất ngon, đặc biệt là 20 loại muối cùng với món đá muối rất tuyệt. Nhân viên nhà hàng rất dễ thương và thân thiện. Nhất định sẽ quay trở lại lần nữa."
"Dear Hoalethanh,. . Lời đầu tiên, xin chân thành cảm ơn quý khách đã dành thời gian đánh giá nhà hàng Sea.Fire.Salt trên TripAdvisor.. . Đội ngũ nhân viên nhà hàng rất vui khi nhận được phản hồi từ quý khách. Chúng tôi luôn mong muốn mọi khách hàng tới nhà hàng Sea.Fire.Salt đều tận hưởng dịch vụ và món ăn ngon nhất.. . Rất mong sớm được đón tiếp quý khách tại nhà hàng Sea.Fire.Salt trong thời gian gần nhất !. . Trân trọng,. . Nguyên Hải. . Trưởng bộ phận Nhà hàng"
"Nhân viên nhiệt tình thân thiện, hỗ trợ gọi món và chỉ dẫn hướng dẫn dịch vụ. Đồ ăn rất ngon và hợp khẩu vị."
"Gửi firelotusgiude,. . Xin gửi lời cảm ơn chân thành nhất tới bạn vì đã dành thời gian đánh giá nhà hàng Sea.Fire.Salt trên Tripadvisor.. . Chúng tôi rất vui vì bạn đã có kỉ niệm đẹp tại nhà hàng Sea.Fire.Salt về đồ ăn và chất lượng dịch vụ. Đối với mỗi khách hàng, nhân viên chúng tôi luôn cố gắng hết sức để đảm bảo mọi khách hàng đều hài lòng về chất lượng đồ ăn và dịch vụ .. . Rất mong sớm được chào đón bạn quay trở lại cùng người thân và bạn bè !. . Trân trọng,. . Nguyên Hải. . Trưởng bộ phận Nhà hàng"
"Nhân viên phục vụ Sương dễ thương tận tình...món ăn ngon,hải sản rất tươi....món tôm hùm nướng bơ tỏi ngon xuất sắc.....món pasta hải sản rất ngon,lần đầu mình ăn thấy vị ngon như vậy...."
"Chào Evatransinger,. . Xin chân thành cảm ơn bạn đã dành thời gian đánh giá về nhà hàng Sea.Fire.Salt.. . Chúng tôi thực sự rất vui khi được biết là bạn đã có những trải nghiệm đáng nhớ tại đây. Tôi sẽ gởi tới Sương những lời này của bạn. Sương sẽ rất vui khi đọc được những dòng này. Những lời khen về chất lượng đồ ăn sẽ được gửi tới bếp. Đây là lời động viên rất lớn tới bộ phận bếp.. . Rất mong sớm được chào đón bạn quay trở lại nhà hàng Sea.Fire.Salt,. . Trân trọng,. . Nguyên Hải. . Trưởng bộ phận nhà hàng"
"Thật sự đồ ăn ở đây rất là ngon =)) là sự kết hợp vô cùng tươi mới, lạ miện nhưng vô cùng ngon lành. Lần nào tới Quy Nhơn tuy không ở Anatara cũng phải ghé đây ăn."
"Chào martin2504,. . Lời đầu tiên, xin trân trọng cảm ơn bạn đã dành thời gian để đánh giá nhà hàng Sea.Fire.Salt trên Tripadvisor.. . Chúng tôi rất vui khi gia đình mình đã có một khoảng thời gian thật thư giãn và thoải mái tại nhà hàng Sea.Fire.Salt. Rất mong Sea.Fire.Salt là một điểm đến yêu thích của gia đình mình mỗi lần ghé qua Quy Nhơn.. . Rất mong sớm lại được phục vụ gia đình mình !. . Trân trọng,. . Nguyên Hải. Trưởng bộ phận nhà hàng"
"Không khí biển cả về đêm thực sự rất tuyệt vời, đặc biêt được thưởng thức món ăn tại nhà hàng kiểu Âu. Món ăn trên đá muối đã gây bất ngờ cho gia đình tôi. Bọn trẻ rất thích thú. Cảm ơn bạn Linh luôn luôn xuất hiên đúng lúc. Recommend for everyone."
"Chào vietnguyen1,. . Lời đầu tiên, xin trân trọng cảm ơn bạn đã dành thời gian để đánh giá nhà hàng Sea.Fire.Salt trên Tripadvisor.. . Chúng tôi rất vui khi gia đình mình đã có một khoảng thời gian thật thư giãn và thoải mái tại nhà hàng Sea.Fire.Salt. Bạn Linh sẽ rất vui khi nhận được lời khen từ bạn. Mang lại hạnh phúc cho khách hàng là điều mà mọi nhân viên của Sea.Fire.Salt đều hướng tới. . Rất mong sớm lại được phục vụ gia đình mình !. . Trân trọng,. . Nguyên Hải. Trưởng bộ phận nhà hàng"
"Nhà hàng Sea Fire Salt mang phong cách châu Âu, món ăn được thiết kế đặc biệt đến bất ngờ, lần đầu tiên tôi được thấy viên đá muối Hymalya được dùng để nướng hải sản và thịt. Điều thua vị về tuổi đời 200 triệu năm, wow, và phải đạt về nhiệt độ phù hợp 200 độ C, theo như lời giới thiệu của bạn Linh nhân viên nhà hàng, tất cả khoáng chất sẽ đi vào bên trong đồ ăn làm cho món ăn đặc biệt hấp dẫn. Sau đó, chiếc xe có hơn 20 loại hương vị muối đã làm cho mn thích thú, tha hồ mà thưởng thức tiệc muối. Cảm ơn bạn Sương và Linh luôn xuất hiện với nụ cười thân thiện. Highly recommend."
"Chào Sightsee21653293273,. . Cảm ơn bạn đã dành thời gian để đánh giá dịch vụ của nhà hàng Sea.Fire.Salt!. . Chúng tôi rất mừng vì bạn đã ghé qua, thưởng thức đồ uống tại nhà hàng. Sương và Linh sẽ rất vui khi biết rằng bạn và gia đình đã có một kỉ niệm đẹp tại nhà hàng Sea.Fire.Salt.. . Rất mong được đón tiếp quý khách và gia đình quay trở lại trong tương lại gần.. . Trân trọng,. . Nguyên Hải. . Trưởng Bộ Phận Ẩm Thực"
"Sea Fire Salt là nhà hàng độc đáo nhất mà tôi thấy, với concept đá muối Himalaya tuổi đời 200 năm có nguồn gốc từ Parkistan. Các đầu bếp tài ba đã sử dụng để nướng các loại hải sản và thịt, để nướng được món ăn, viên đá cần được làm nóng và đạt nhiệt độ 200○C. Không thể tin được. Món ăn sẽ thêm vị vì rất nhiều khoáng chất sẽ đi vào trong đồ ăn. Ngoài ra, nhà hàng có 20 loại hương vị muối khác nhau để có thể lựa chọn phù hợp với món ăn. Nhân viên cực kì thân thiện và dễ gần, bạn Sương, Linh và Vy luôn quan tâm và để ý tới gia đình tôi. Cảm ơn nhà hàng đã cho tôi và gia đình những trải nghiệm khó quên. Highly recommend."
"Chào cau2banhmiqn,. . Lời đầu tiên, xin trân trọng cảm ơn bạn đã dành thời gian để đánh giá nhà hàng Sea.Fire.Salt trên Tripadvisor. Chúng tôi rất vui khi gia đình mình đã có một khoảng thời gian thật thư giãn và thoải mái tại nhà hàng Sea.Fire.Salt. Sương, Linh và Vy sẽ rất vui khi nhận được lời khen từ bạn. Mang lại hạnh phúc cho khách hàng là điều mà mọi nhân viên của Sea.Fire.Salt đều hướng tới.. . Rất mong sớm lại được phục vụ gia đình mình !. . Trân trọng,. . Nguyên Hải. Trưởng bộ phận nhà hàng"
"Tôi và gia đình đã có buổi thư giãn tuyệt vời vào cuối tuần, không gian thoáng mát, đồ uống ngon tuyệt vời. Đặc biệt là nhân viên rất thân thiện và nhiệt tình, bạn Huyền bên pool luôn tươi cười trong khi chụp hình cho chúng tôi. Highly recommend."
"Chào Road38012879185,. . Lời đầu tiên, xin trân trọng cảm ơn bạn đã dành thời gian để đánh giá nhà hàng Sea.Fire.Salt trên Tripadvisor. Chúng tôi rất vui khi gia đình mình đã có một khoảng thời gian thật thư giãn và thoải mái tại nhà hàng và Pool Bar. Bạn Huyền sẽ rất vui khi nhận được lời khen từ bạn. Mang lại hạnh phúc cho khách hàng là điều mà mọi nhân viên của Sea.Fire.Salt đều hướng tới.. . Rất mong sớm lại được phục vụ gia đình mình !. . Trân trọng,. . Nguyên Hải. Trưởng bộ phận nhà hàng"
"Nhân viên nhà hàng phục vụ rất nhiệt tình chu đáo đặc biệt bạn Linh, Ân và đồ ăn sáng rất ngon ( bún chả cá và các loại bánh ). Rất thích nơi này nhất định sẽ quay lại lần nữa."
"Chào Letruc0503,. . Cảm ơn bạn đã dành thời gian để đánh giá dịch vụ của nhà hàng Sea.Fire.Salt! Chúng tôi rất mừng vì bạn đã ghé qua, thưởng thức đồ uống tại nhà hàng. Nhân viên của chúng tôi luôn cố gắng hết sức để mang tới sản phẩm và dịch vụ chất lượng cao làm hài lòng khách hàng. Linh và Ân sẽ rất vui khi nhận được phản hồi của bạn.. . Rất mong được đón tiếp quý khách và gia đình quay trở lại trong tương lại gần.. . Trân trọng,. Nguyên Hải. Trưởng Bộ Phận Ẩm Thực"
Đồ ăn ở đây khá ngon.Nhân viên ở đây như là cô Như phục vụ rất thân thiện.Mặc dù buffet buổi sáng hơi ít đồ ăn nhưng tôi rất thích nhà hàng này.
"Chào BestGildur12345,. . Cảm ơn bạn đã dành thời gian để đánh giá dịch vụ của nhà hàng Sea.Fire.Salt!. . Chúng tôi rất mừng vì bạn đã ghé qua, thưởng thức đồ uống tại nhà hàng. Về chất lượng bữa sáng, chúng tôi xin tiếp thu ý kiến của quý khách và sẽ cải thiện để bữa sáng đa dạng và đặc sắc hơn.. . Rất mong được đón tiếp quý khách và gia đình quay trở lại trong tương lại gần.. . Trân trọng,. . Nguyên Hải. . Trưởng Bộ Phận Ẩm Thực"
"Nhà hàng đồ ăn rất ngon , hợp khẩu vị cho gia đình . Không gian thoải mái , mát mẻ rộng rãi .. Sẽ quay lại vào ngày gần nhất"
"Chào Nhung191190,. . Cảm ơn bạn đã dành thời gian để đánh giá dịch vụ của nhà hàng Sea.Fire.Salt!. . Chúng tôi rất mừng vì bạn đã ghé qua, thưởng thức đồ uống tại nhà hàng. Nhân viên của chúng tôi luôn cố gắng hết sức để mang tới sản phẩm và dịch vụ chất lượng cao làm hài lòng khách hàng.. . Rất mong được đón tiếp quý khách và gia đình quay trở lại trong tương lại gần.. . Trân trọng,. . Nguyên Hải. . Trưởng Bộ Phận Ẩm Thực"
Đồ ăn cũng khá nhưng hơi ít món và ít sự lựa chọn.mình thích nhất món mỳ trứng xào hải sản.nhân viên nhiệt tình và lễ phép
"Chào thanhtungbn1988,. . Cảm ơn bạn đã dành thời gian để đánh giá dịch vụ của nhà hàng Sea.Fire.Salt!. . Chúng tôi rất mừng vì bạn đã ghé qua, thưởng thức đồ uống tại nhà hàng. Nhân viên của chúng tôi luôn cố gắng hết sức để mang tới sản phẩm và dịch vụ chất lượng cao làm hài lòng khách hàng.. . Rất mong được đón tiếp quý khách và gia đình quay trở lại trong tương lại gần.. . Trân trọng,. . Nguyên Hải. . Trưởng Bộ Phận Ẩm Thực"
"Phục vụ chu đáo, nhân viên thân thiện, nhiệt tình, lịch sự. View đẹp,không gian thoáng mát, thích hợp cho mọi lứa tuổi, có cơ hội nhất định mình sẽ quay lại."
"Chào TuyenNguyen06,. . Cảm ơn bạn đã dành thời gian để đánh giá dịch vụ của nhà hàng Sea.Fire.Salt!. . Chúng tôi rất mừng vì bạn đã ghé qua, thưởng thức đồ uống tại nhà hàng. Nhân viên của chúng tôi luôn cố gắng hết sức để mang tới sản phẩm và dịch vụ chất lượng cao làm hài lòng khách hàng.. . Rất mong được đón tiếp quý khách và gia đình quay trở lại trong tương lại gần.. . Trân trọng,. . Nguyên Hải. . Trưởng Bộ Phận Ẩm Thực"
"Một buổi chiều thư giãn với không gian yên tĩnh, cảnh đẹp, đặc biệt là nhân viên phục vụ vui vẻ, thân thiện, sẽ ghé lần nữa với các bạn, 5*"
"Chào BacHoai,. . Cảm ơn bạn đã dành thời gian để đánh giá dịch vụ của nhà hàng Sea.Fire.Salt!. . Chúng tôi rất mừng vì bạn đã tới sử dụng dịch vụ tại Sea.Fire.Salt. Nhân viên của chúng tôi luôn cố gắng hết sức để mang tới sản phẩm và dịch vụ chất lượng cao làm hài lòng khách hàng. . Rất mong được đón tiếp quý khách và gia đình quay trở lại trong tương lại gần.. . Trân trọng,. . Nguyên Hải. . Trưởng Bộ Phận Ẩm Thực"
"Thức uống ngon tuyệt!. Dịch vụ tốt, nhân viên thân thiện, thích nhất cảnh đẹp, nơi lý tưởng để nghỉ dưỡng"
"Chào TuanDang2006,. . Cảm ơn bạn đã dành thời gian để đánh giá dịch vụ của nhà hàng Sea.Fire.Salt!. . Chúng tôi rất mừng vì bạn đã ghé qua, thưởng thức đồ uống tại nhà hàng. Nhân viên của chúng tôi luôn cố gắng hết sức để mang tới sản phẩm và dịch vụ chất lượng cao làm hài lòng khách hàng. . Thay mặt nhân viên nhà hàng, rất mong được đón tiếp quý khách và gia đình quay trở lại trong tương lại gần.. . Trân trọng,. . Nguyên Hải. . Trưởng Bộ Phận Ẩm Thực"
"Gia đình tôi lưu trú ở annatara quy nhơn 2 đêm . Chúng tôi yêu quý tất cả các bạn đã giúp chúng tôi có kỳ nghỉ hoàn hảo, tất cả các bạn đều là những người gần gũi, luôn khiến chúng tôi thoải mái. Dịch vụ nhà hàng của các bạn thật tuyệt, đồ ăn ngon, tươi mới, các bạn phục vụ tại nhà hàng rất tinh tế, chuyên nghiệp, cám ơn annatara, cám ơn SEA FIRE SALT quy nhơn . Hẹn ngày gặp lại :))"
"Chào THMBCA,. . Cảm ơn bạn đã dành thời gian để đánh giá dịch vụ của nhà hàng Sea.Fire.Salt!. . Chúng tôi rất mừng vì bạn đã có một kì nghỉ thật thoải mái và hạnh phúc. Mỗi nhân viên đều tự hào về nét độc đáo của nhà hàng Sea.Fire.Salt và luôn cố gắng mang tới cho khách hàng dịch vụ chuyên nghiệp và sản phẩm tốt nhất.. . Thay mặt nhân viên nhà hàng, rất mong được đón tiếp quý khách và gia đình quay trở lại trong tương lại gần.. . Trân trọng,. . Nguyên Hải. . Trưởng Bộ Phận Ẩm Thực"
"Tình cờ biết được nhà hàng chuyên về pizza, gia đình tôi đã ghé thăm và thưởng thức đồ ăn. Ngon tuyệt."
"Tình cờ được một người bạn giới thiệu, mình đã đến và trải nghiệm đồ uống cũng như pizza nơi đây, một trong những đặc trưng của quán. Khá hài lòng về đồ ăn, chỉ mất 15 phút cho 1 chiếc pizza sau khi bạn gọi món và đồ ăn thì nóng hổi, Rất tuyệt vời. Ngoài ra, mình có thưởng thức bia ở đây, là bia thủ công rất tốt cho sức khỏe và vị thì rất tuyệt!"
"Và thức ăn tuyệt vời, nhưng tia sét giết chết sự rung cảm của ""quán rượu"". Nó trông giống như một nhà hàng và điều đó hơi buồn bởi vì nó có thể là một quán bar / quán rượu to lớn!"
"Nghe nói những điều tuyệt vời về nơi này vì vậy đã thử nó. Địa điểm rất bận rộn nên chúng tôi phải chờ 30 phút để đặt bàn. Mặc dù vậy, chúng tôi không bận tâm và các nhân viên đã để mắt và cập nhật cho chúng tôi mặc dù nơi này rất bận rộn.. . Chúng tôi đã chia sẻ một pasta napolina - rất tươi và ngon. Sau đó, chúng tôi đã gọi pizza - tôi yêu cầu không có phô mai trên pizza nhưng họ quên đề cập đến phô mai trong pesto và tôi cũng không nghĩ về điều này. Tôi biết ngay khi nhìn thấy chiếc bánh pizza có chứa phô mai. Chủ sở hữu đã thay đổi điều này cho tôi không có vấn đề và làm cho tôi một cái mới.. . Một số loại bia ngon quá!. . Nhược điểm duy nhất là nó khá đắt. Có một khoản phí 15% tet mà chúng tôi biết nhưng trước đó, hóa đơn được áp dụng là 550 k, đây là khoản tiền lớn nhất chúng tôi đã trả cho một bữa ăn trong 6 tháng ở châu Á - bao gồm cả ở các thành phố lớn.. . Tuy nhiên, tôi sẽ quay trở lại."
"Thành thật mà nói, thiên đường có một chiếc bánh pizza ngon hơn, tôi có một chiếc bánh pizza cay bởi vì tôi chưa được gia vị ở châu Á? Bia là tuyệt vời, giá tốt và đi xuống quá tốt. Bạn gái tôi là người thuần chay và chủ sở hữu Chris đã chăm sóc cô ấy rất đặc biệt. Nếu bạn đến đây và không ăn ở các chị em, BẠN ĐANG BỎ L ... . TẤT CẢ TỐT NHẤT. . X"
"Đó là lần đầu tiên chúng tôi ghé thăm Quy bù và tôi tìm thấy nhà hàng này với những đánh giá tuyệt vời.. . Chúng tôi đến đây hai lần liên tiếp, vì chúng tôi yêu thích mì ống tự làm, salad Caesar và gà Parmesan.. . Giá trị đi du lịch 15 km từ khách sạn của chúng tôi. . . Rất khuyến khích!"
"Vợ tôi phát hiện ra Sisters Tavern & Pizzeria thông qua TripAdvisor. Chúng tôi đang ghé thăm Quy kiếm và có một bữa tối tuyệt vời ở đó tối nay! Đồ ăn Ý ở Singapore rất đắt, đến nỗi chúng tôi thích thử các nhà hàng Ý khi chúng tôi đi du lịch.. . Thức ăn là homestyle và ngon, giá cả rất phải chăng, và dịch vụ tuyệt vời. Rất khuyến khích parmasagne gà và mì ống tự làm của họ. Hầu hết khách hàng là các gia đình Việt Nam địa phương, và cũng có một số người nước ngoài như chúng tôi.. . Chúng tôi thích nó rất nhiều, chúng tôi sẽ mong được làm lại cho một bữa ăn khác trước khi chúng tôi rời Quy rèn!"
"Tìm thấy nơi này trực tuyến từ các đánh giá. Rất vui vì chúng tôi đã đến đây. Tôi và đối tác của tôi đều có những chiếc pizza lớn (không phán xét chúng tôi đã lấy đi một chút cho sau này haha) chúng tôi đã chia sẻ Diavola và pizza Truffle giữa chúng tôi.. . Chúng rất ngon, vừa đủ lượng toppings và thực sự ngon. Sau khi đọc một số đánh giá ở đây, tôi không thực sự biết những gì mong đợi với pizza nhưng chúng tôi không thể lỗi chúng. Họ chắc chắn đã ở đó với những chiếc pizza ngon nhất chúng tôi có ở khắp châu Á và tôi không cảm thấy mình đang phóng đại ở đó.. . Các nhân viên đã thực sự thân thiện và chu đáo. Khi chúng tôi rời khỏi, toàn bộ nơi này đã lấp đầy chủ yếu với người dân địa phương, điều tuyệt vời để xem :). . Giá là bob cho những gì bạn nhận được. . bạn không thể mong đợi thực phẩm phương Tây cho giá thực phẩm địa phương! ! !. . Nếu bạn đang tìm kiếm một nơi nào đó để kiềm chế cơn thèm của bạn, hãy đến đây cho chắc chắn!"
"Bánh pizza tươi ngon nhất tôi có ở Đông Nam Á cho đến nay sau khi đi du lịch được 4 tháng!. . Bánh pizza chay rất ngon, được chia sẻ giữa hai người, nó rất đầy và phô mai có vị rất ngon, không giống như hầu hết các loại phô mai ở Đông Nam Á. Các thành phần khác rõ ràng là tươi.. . Tôi đã đọc một vài đánh giá dưới đây nói rằng menu bị hạn chế, tôi không đồng ý chút nào! Thực đơn có rất nhiều lựa chọn và có khoảng 6 lựa chọn món chính cho rau (không bao gồm các mặt).. . Tôi chắc chắn sẽ giới thiệu và bia gừng tự làm rất ngon.. . Nhân viên cũng đẹp."
"Khi chúng tôi đến đây các nhân viên chào đón chúng tôi thân thiện. Các menu có các tùy chọn hạn chế. chúng tôi đã có burger một loại mì ống nấm đặc biệt và một chiếc bánh pizza kiểu Mexico, chất lượng là như vậy, nếm không được làm bằng các nguyên liệu tươi. sẽ không trở lại đây cho chất lượng thực phẩm."
Đồ ăn rất ngon. Đặt hàng gnocchi và pizza. Cả hai đều rất thú vị và tôi không phải là một fan hâm mộ của pizza bình thường. Giá cả hợp lý và tuyệt vời khi bạn cần một cái gì đó khác với món ăn Việt Nam. Rất khuyến khích.
"Chúng tôi đã có một vài bánh pizza cho bữa tối và họ rất ngon. Rất gần với cách pizza sẽ hương vị ở Ý! Chúng tôi thực sự muốn ăn ở đó một đêm thứ hai nhưng chúng tôi đã phải để lại quy nhon. Các nhân viên rất đáng yêu và thân thiện, tôi chắc chắn sẽ khuyên bạn nên ăn ở đây."
"Trước chuyến thăm này, chúng tôi đã đi du lịch vòng quanh Việt Nam và gắn bó với ẩm thực Việt Nam. Tuy nhiên, khi chúng tôi thấy có một nơi pizza thì đó là điều phải làm. . . ngon, họ thậm chí còn phục vụ bánh pizza truffle (rất khuyên bạn nên)"
Tôi phải nói rằng nơi này là một trong những nơi yêu thích của tôi.. Tôi đã dừng chân ở Qui Nhơn hai ngày với bạn tôi và chúng tôi chỉ ăn ở nơi này.. Các nhân viên là rất thân thiện và nói tiếng Anh tốt (một cái gì đó bạn không nhìn thấy trong lĩnh vực này) và chủ sở hữu thực sự hữu ích nếu bạn có bất kỳ câu hỏi nào. Đặt hàng Pizza Diavola và ức gà giòn! Hứa với bạn một bữa ăn rất ngon.
Chúng tôi đến thăm quán rượu Sisters và có bữa ăn kiểu phương Tây đầu tiên trong một tuần. Chúng tôi đã có bánh pizza và tôi phải nói rằng nó là rất tốt xem xét chúng tôi đang ở đâu. Nó được điều hành bởi một anh chàng Úc và vợ Việt Nam của mình và họ có một thực đơn thức ăn và đồ uống phong phú cho phù hợp với khẩu vị của bất kỳ ai.
"Delicious mì ống siêu tươi và bánh pizza tuyệt vời! Thực sự tốt phạm vi của các loại bia, với một cặp vợ chồng trên máy. Dịch vụ xuất sắc và đội ngũ nhân viên thân thiện. Một nơi thoáng mát nhìn xuống phố."
"Tham quan với bạn bè và tất cả chúng tôi đều rất hạnh phúc, chất lượng bánh pizza rất tốt với một cơ sở chua ngon và một lựa chọn bia đẹp quá. Đó là bánh pizza đầu tiên của tôi ở Việt Nam và rất vui."
Beefsteak là tốt nhất. Một chút nóng trong nhà hàng. Điều hòa không khí thường không mở. Ở thành phố này nếu bạn muốn ăn thức ăn nước ngoài là lựa chọn tốt để đến. Hy vọng tiếp tục đi. ????????????????????????????????????????????????????????????? ???????????????????????
Dừng lại để ăn trưa muộn vào Chủ nhật. Không có nhiều nơi khác mở cửa. Rất vui khi chúng tôi dừng lại. Salad Caprese tuyệt vời. Vui lòng trả tiền nhiều hơn cho nó. Tuyệt vời pesto và bánh pizza cà chua quá. Bia gừng tự chế cũng đã bắt đầu. Chai bia địa phương là 19 k.. . Mọi thứ đều được làm mới và được làm bằng tình yêu. Tôi hoàn toàn đề nghị nơi này cho một sự thay đổi từ thực phẩm địa phương.
"Tôi thích đi Sisters cho pizza hay mì ống ngon. Dịch vụ thân thiện, nhanh chóng và họ kiểm tra với bạn để xem mọi thứ diễn ra như thế nào. Thức ăn ngon và ngon."
"Bellissimo! ! Sau khi tự hỏi những con đường yên tĩnh trong cơn mưa, chúng tôi bắt gặp viên ngọc ẩn này. Người đàn ông Úc đáng yêu chào đón chúng tôi ở cửa. Bánh pizza và bia tuyệt vời."
"Đồ ăn chủ yếu theo vị Âu, không hợp khẩu bị người Việt. Nhân viên phục vụ không thân thiệ, không có thái độ tốt với khách hàng"
"Địa điểm đẹp, không khí tốt, thức ăn ngon, vài giờ chúng tôi ở đó, uống bia và ăn một số món ăn ngon"
"Tối sớm chúng tôi dành hai người bạn, thưởng thức những món ăn tuyệt vời - không khí ngon và ngon. Ngoài ra, lòng hiếu khách là tuyệt vời, chắc chắn chúng tôi sẽ trở lại nhiều lần hơn."
"Tầm nhìn tuyệt vời từ quán bar trên tầng thượng và dịch vụ tuyệt vời, không thể tin rằng chúng tôi có toàn bộ mái nhà cho chính mình. Các món ăn rất đáng yêu, rất khuyến khích."
Quán bar rất đẹp và có góc nhìn đẹp từ cấp 4. dịch vụ là tốt đẹp và một chap đáng yêu để giới thiệu trong thành phố.
"Sau khi đọc các nhận xét về những nơi này, tôi đã hy vọng rất cao, cho một món bít tết ngon nhưng rẻ. Không nên có cái này không tồn tại. Tôi không phải là một trong những đánh giá đúng bình thường, tuy nhiên đây là một trong những nơi được đánh giá cao nhất mà tôi nghĩ rằng tôi đã được một lúc. Tôi hiểu rằng ở đây chất lượng thực phẩm là khác nhau nhưng nó không phải là rẻ cho những gì nó là. Bạn có thể nhận được nhiều tiền hơn với số tiền tương đương với nước Anh, điều đó nói lên điều gì đó. Bít tết của tôi đã được nấu chín và khó có thể tin rằng đó là từ hậu môn. Không có gì dày dạn trên đĩa, rau gần như thô và rất rẻ. Về phía trên, nước sốt được nếm sau một chút muối và rượu vang có giá khá cao. Đây không phải là nơi khiến tôi thất vọng chỉ là những đánh giá về việc nó được tạo ra tuyệt vời như thế nào. Tôi đã đi bộ 45 phút qua thị trấn để thử nơi này và thực sự không đáng. Nếu giá rẻ những gì bạn đang tìm kiếm hãy đi đến những nơi địa phương. Trong mắt tôi, tôi thực sự không thấy nó đã được xem rất cao."
"Đây là lần đầu tiên tôi đến thăm Quy Nhơn, và trên đường đến bãi biển, tôi thấy quầy bar. Tôi yêu bia thủ công nên sau khi đi bộ bên bờ, tôi đã đi đến đó. Tôi đã gặp một người bạn tốt, người chủ. Anh ấy cực kỳ tuyệt vời. Thức ăn, bia và tầm nhìn rất tốt cho tôi."
"Chúng tôi đã ăn ở đây một vài lần trong 5 tuần của chúng tôi ở Quy Nhơn. Thức ăn tuyệt vời và dịch vụ tuyệt vời. Rất khuyên bạn. . Nếu bạn đang ngồi trên xe lăn, bạn sẽ cần giúp đỡ để vào và ra nhưng có sẵn. Nhưng không phải uống nhiều bia vì bạn không thể đến được!"
Chúng tôi rất thích ngồi ở một chiếc bàn bên ngoài và mọi người xem trong khi có một vài loại bia tươi Tiger lạnh và lạnh. Không gọi món nhưng thực đơn trông có vẻ OK và mùi bánh pizza nấu ăn chắc chắn hấp dẫn. Phòng tắm rất sạch sẽ. Vị trí tốt trên đường từ bãi biển với một làn gió biển dễ chịu.
"Đêm qua tôi đã có niềm vui đến thăm quán bar này và thưởng thức một vài loại bia và bữa tối. Các món ăn là phương Tây, rất ngon và giá cả hợp lý, như là bia. Chắc chắn tôi sẽ ghé thăm đây một lần nữa."
"Thăm thanh thể thao cho bữa ăn tối và thức ăn thật tuyệt vời. Nhiều cấp độ chúng tôi ngồi trên lầu và có một cái nhìn tuyệt vời của đường phố & qua bãi biển. Rất sạch sẽ và được điều hành bởi một người phụ nữ tên là Docker, người rất thân thiện và rất hữu ích cho nhóm của chúng tôi với những gợi ý về những nơi đến thăm mà không chỉ là khách du lịch. Bia lạnh & các thanh thể thao có bia trên vòi nước & đã được hiển thị tất cả các bóng đá trong khi chúng tôi đã có & cho thấy foot AFL đó là một lợi thế cho người Úc.. Bởi vì chúng tôi rất thích không khí và thức ăn mà chúng tôi đã ghé thăm một lần nữa.. Chắc chắn sẽ giới thiệu một chuyến thăm"
"Môn thể thao này nằm ở vị trí tuyệt vời và có nhiều tầng với tầm nhìn ra đường phố và ra bãi biển.. Thức ăn thật tuyệt vời và có một cái nhìn trong nhà bếp, nó không có mùi vị và bia lạnh mà không bình thường ở Việt Nam? Nó cũng có bia trên vòi. Một trong những chủ sở hữu có tên Docker không thể thân thiện hơn khi chăm sóc nhóm 8 chúng tôi không thể làm đủ cho chúng tôi. Docker đã cho chúng tôi một cái nhìn sâu sắc về cuộc sống Việt Nam và đề xuất một số khu vực tuyệt vời để tham quan - những bãi biển và làng quê xinh đẹp và một nơi được gọi là cuộc sống là một bãi biển. Thanh tra lại một vài lần vì chúng tôi rất thích nó.. Rất khuyên bạn nên ghé thăm quán bar thể thao này"
"Chúng tôi đã đến thăm quán bar thể thao Quy Nhơn vài lần và rất thích thú. Có một thực đơn tốt với nhiều loại bao gồm cả rau như chúng tôi. Cà ri chay, bánh burger chay & bánh pizza đều ngon - cà ri rất tuyệt. Sạch sẽ và chạy rất tốt - nơi này xứng đáng để làm tốt. Lựa chọn tuyệt vời của các loại bia và khu vực quầy bar / nhà hàng trên tầng 4 là giá trị nỗ lực lên cầu thang. Nếu bạn đang tìm kiếm một break từ mì vv và một chút nấu ăn phương Tây nơi này là lý tưởng, và nó có giá trị một chuyến thăm nếu bạn muốn dính vào thức ăn địa phương là tốt."
"Nơi tốt nhất ở Quy Nhơn để xem thể thao! Đã có một cuộc trò chuyện với một trong những chủ sở hữu, Docker, và cô ấy đã cho tôi một số thông tin hữu ích về Quy Nhơn. Thưởng thức bữa tối của bạn trên đỉnh mái với tầm nhìn tuyệt vời ra vịnh! Lựa chọn tốt bia, rượu mạnh và rượu vang Úc!"
"Thực phẩm tuyệt vời, bầu không khí rất thoải mái. Bạn phải thử bia và cocktail Rooster của họ. Dot và Reece, bạn đã thực hiện một ngày!"
Tìm thấy trong khi tìm kiếm một địa điểm cho bữa ăn sáng và chủ sở hữu đã giúp chúng tôi ra với BLTs và cà phê mặc dù họ không mở! Nơi tuyệt vời . Kết nối chúng tôi với xe tay ga một danh sách các địa điểm đến thăm một nha sĩ cũng như một bác sĩ địa phương! ! Ngoài các hướng dẫn viên du lịch tuyệt vời giúp chúng tôi cũng rất thích thức ăn tuyệt vời. Sự kết hợp tuyệt vời giữa các món ăn phương Tây cũng như mì ống và cà ri Thái Lan. Vâng giá cả và chất lượng thực phẩm. Đặc biệt giới thiệu tôm sú Carbarnara với tôm ngon nhất mà chúng ta chưa có n Việt Nam. Thưởng thức một đêm phi tiêu vui vẻ với người dân địa phương và hoàn toàn đề nghị cho bất kỳ du khách mới trong thị trấn. Docker và Carol sẽ thiết lập cho bạn nhiều thứ để xem và làm cũng như một nguồn cấp dữ liệu tuyệt vời. A +++++
Mỗi khi mình đi về Quy nhơn là luôn muốn thử món ngon sứ “Nẫu”. Bánh xèo vừa ngon giòn và tôm rất tươi. Mọi người ủng hộ quán nhé. Giá 30k/bánh đáng đồng tiền vì tôm vs thịt bò nhiều. Ăn đã luôn.
"Quan bán 3 loại bánh là mực, tôm và bò. Theo đánh giá bò là ngon nhất. Quán diện tích hơi nhỏ, nên đến buổi tối sau 6g, quán có kê thêm bàn ghế ngoài sân bên đường ngồi rộng rãi thoáng mát hơn. Gọi món cũng khá nhanh. Giá 30k/ cái, nói chung ổn trong tầm giá."
"Cá nhân tôi cảm nhận thì quán nhỏ nhưng rất đông, có lẻ vì khách follow review, bánh xèo tôm ko ngon. Bánh xèo bò thì ok hơn một chút. Nhìn chung thì vẫn ko nhon bằng bánh xèo diên hồng."
Chúng tôi tới quán thì thấy quán khá đông. Bánh xèo có 2 loại tôm và bò. Giá hơi cao so với mặt bằng.
"Bánh Xèo Không Ngon, bánh xèo tôm nhảy cảm giác không được tươi, ăn ko ngon ngọt và tươi Bánh xèo bò ổn hơn"
Tôi đến ăn vào buổi trưa! Nhà hàng nhỏ cũng khá đông khách. Tôi đã gọi bánh xèo tôm và bánh xèo bò. Cá nhân thì tôi thấy không được ngon như kỳ vọng nhưng cũng đáng để thử một món ăn mới.. Nhân viên phục vụ nhanh.. Giá tiền rẻ!. Không chắc sẽ quay lại!
"Bánh xèo 24,000₫/đĩa.. Có 2 vị: tôm & bò.. Tôm ăn ngon hơn.. Bia 17,000₫/lon, chỉ có Tiger & Heneiken.. Ngoài ra có phục vụ bánh ít lá gai & bánh hồng, 3,000₫/chiếc ăn chơi chơi cũng ngon.. Bên cạnh là quán bán bánh, tiện thì mua về làm quà luôn."
"vỏ bánh thơm và giòn tan, điều quan trọng là tôm mực đều là các loại hải sản tươi rói tại quy nhơn, còn có thêm cả sự lựa chọn với thịt bò. rau sống và nước chấm rất sạch sẽ, quy nhơn và bình định nói chung đất tốt nên rất phong phú với các loại rau gia vị. giá cả rất hợp lý, quy nhơn vẫn là điểm đến thú vị bởi cảnh đẹp, đồ ăn ngon và giá cả rất hợp lý. sẽ quay lại khi có cơ hội"
"Bánh xèo tôm nhảy có vị riêng đặc trưng, giá cả bình dân hợp lý, phục vụ nhanh. Nhà hàng có đặt thêm những chiếc bánh hồng, bánh gai bé xíu trên bàn để khách hàng ăn thêm cũng rất thú vị."
Bánh xèo tôm nhảy tại miền trung không to như miền nam nhưng ngon và rất giòn ăn là không thể dừng lại. Một người phải ăn tầm 3 cái hơn mới đã.
"Tôi và gia đình đã có buổi thư giãn tuyệt vời vào cuối tuần, không gian thoáng mát, đồ uống ngon tuyệt vời. Đặc biệt là nhân viên rất thân thiện và nhiệt tình, bạn Huyền bên pool luôn tươi cười trong khi chụp hình...Thêm"
"Chào Road38012879185, Lời đầu tiên, xin trân trọng cảm ơn bạn đã dành thời gian để đánh giá nhà hàng Sea.Fire.Salt trên Tripadvisor. Chúng tôi rất vui khi gia đình mình đã có một khoảng thời gian thật thư giãn và thoải mái tại nhà...Thêm"
"Nhân viên nhà hàng phục vụ rất nhiệt tình chu đáo đặc biệt bạn Linh, Ân và đồ ăn sáng rất ngon ( bún chả cá và các loại bánh ). Rất thích nơi này nhất định sẽ quay lại lần nữa.Thêm"
"Chào Letruc0503, Cảm ơn bạn đã dành thời gian để đánh giá dịch vụ của nhà hàng Sea.Fire.Salt! Chúng tôi rất mừng vì bạn đã ghé qua, thưởng thức đồ uống tại nhà hàng. Nhân viên của chúng tôi luôn cố gắng hết sức để...Thêm"
Đồ ăn ở đây khá ngon.Nhân viên ở đây như là cô Như phục vụ rất thân thiện.Mặc dù buffet buổi sáng hơi ít đồ ăn nhưng tôi rất thích nhà hàng này.Thêm
"Chào BestGildur12345, Cảm ơn bạn đã dành thời gian để đánh giá dịch vụ của nhà hàng Sea.Fire.Salt! Chúng tôi rất mừng vì bạn đã ghé qua, thưởng thức đồ uống tại nhà hàng. Về chất lượng bữa sáng, chúng tôi xin tiếp thu ý...Thêm"
"Nhà hàng đồ ăn rất ngon , hợp khẩu vị cho gia đình . Không gian thoải mái , mát mẻ rộng rãi . Sẽ quay lại vào ngày gần nhấtThêm"
"Chào Nhung191190, Cảm ơn bạn đã dành thời gian để đánh giá dịch vụ của nhà hàng Sea.Fire.Salt! Chúng tôi rất mừng vì bạn đã ghé qua, thưởng thức đồ uống tại nhà hàng. Nhân viên của chúng tôi luôn cố gắng hết sức để...Thêm"
Đồ ăn cũng khá nhưng hơi ít món và ít sự lựa chọn.mình thích nhất món mỳ trứng xào hải sản.nhân viên nhiệt tình và lễ phépThêm
"Chào thanhtungbn1988, Cảm ơn bạn đã dành thời gian để đánh giá dịch vụ của nhà hàng Sea.Fire.Salt! Chúng tôi rất mừng vì bạn đã ghé qua, thưởng thức đồ uống tại nhà hàng. Nhân viên của chúng tôi luôn cố gắng hết sức để...Thêm"
"Phục vụ chu đáo, nhân viên thân thiện, nhiệt tình, lịch sự. View đẹp,không gian thoáng mát, thích hợp cho mọi lứa tuổi, có cơ hội nhất định mình sẽ quay lại.Thêm"
"Chào TuyenNguyen06, Cảm ơn bạn đã dành thời gian để đánh giá dịch vụ của nhà hàng Sea.Fire.Salt! Chúng tôi rất mừng vì bạn đã ghé qua, thưởng thức đồ uống tại nhà hàng. Nhân viên của chúng tôi luôn cố gắng hết sức để...Thêm"
"Một buổi chiều thư giãn với không gian yên tĩnh, cảnh đẹp, đặc biệt là nhân viên phục vụ vui vẻ, thân thiện, sẽ ghé lần nữa với các bạn, 5*Thêm"
"Chào BacHoai, Cảm ơn bạn đã dành thời gian để đánh giá dịch vụ của nhà hàng Sea.Fire.Salt! Chúng tôi rất mừng vì bạn đã tới sử dụng dịch vụ tại Sea.Fire.Salt. Nhân viên của chúng tôi luôn cố gắng hết sức để mang tới...Thêm"
"Thức uống ngon tuyệt! Dịch vụ tốt, nhân viên thân thiện, thích nhất cảnh đẹp, nơi lý tưởng để nghỉ dưỡngThêm"
"Chào TuanDang2006, Cảm ơn bạn đã dành thời gian để đánh giá dịch vụ của nhà hàng Sea.Fire.Salt! Chúng tôi rất mừng vì bạn đã ghé qua, thưởng thức đồ uống tại nhà hàng. Nhân viên của chúng tôi luôn cố gắng hết sức để...Thêm"
"Gia đình tôi lưu trú ở annatara quy nhơn 2 đêm . Chúng tôi yêu quý tất cả các bạn đã giúp chúng tôi có kỳ nghỉ hoàn hảo, tất cả các bạn đều là những người gần gũi, luôn khiến chúng tôi thoải mái....Thêm"
"Chào THMBCA, Cảm ơn bạn đã dành thời gian để đánh giá dịch vụ của nhà hàng Sea.Fire.Salt! Chúng tôi rất mừng vì bạn đã có một kì nghỉ thật thoải mái và hạnh phúc. Mỗi nhân viên đều tự hào về nét độc đáo...Thêm"
"Khi tới với John and Paul không khí thật tuyệt vời. Bạn có thể thưởng thức những loại cocktail đặc biệt từ tay của bạn bartender, có nhiều hoạt động trong tuần như nhạc acoustic, giao lưu tiếng anh cùng khách nước ngoài..., enjoy time here. Highly recommned"
"Tôi đến đây 2 năm trước, và gần đây vừa trở lại cho một chuyến thăm ngắn. Thức ăn hơi khác so với những gì tôi nhớ nhưng nói chung là rất tốt. Không khí ấm cúng và đội ngũ nhân viên tuyệt vời như mọi khi. Rất khuyến khích khi bạn đi du lịch một mình, bạn không thể tìm thấy những người bạn mới ở bất cứ đâu nhanh hơn thế này."
"Trước hết, đây là nơi ba lô quan trọng nhất. Nếu bạn không muốn đi chơi với khách du lịch ba lô, đừng đến đây.. . Chúng tôi đang ngồi trong một quán bar cơ bản trống rỗng, gọi đồ ăn - sau 45 phút chúng tôi yêu cầu hóa đơn đồ uống như chúng tôi nói chúng tôi sẽ rời đi. . . . . họ nói không có thức ăn đang đến, chỉ 5 phút sau (20 phút sau) mất 65 phút để đến nơi..  (5 x Fish n Chips - nó khó đến mức nào?). . Thứ hai, tôi không khuyên bạn nên ăn ở đây. Đồ ăn không ngon lắm, thậm chí không có nhiều sự cạnh tranh ở Quy món nếu bạn muốn đồ ăn phương Tây. . Tôi chắc chắn mong đợi nhiều hơn thế. Các bữa ăn là khá trung bình mặc dù. Chuyển đến nơi tiếp theo."
"Không khí rất đẹp, nhân viên tuyệt vời, đặc biệt là Paul. Có rất nhiều niềm vui trong đêm nhạc sống. Vì vậy, nhiều trò chơi hội đồng quản trị, họ thậm chí có một bàn bi-a. Thực sự tốt burger, cá và khoai tây chiên. Cheep bia & cocktail ngon."
"chúng tôi đã ở quán bar này được 2 buổi tối, đêm đầu tiên có bóng đá, sự rung cảm tuyệt vời của VN đã chiến thắng. đêm thứ hai họ có một ban nhạc vui nhộn với nhiều trò chơi trên bàn để chơi. nhân viên chu đáo và cocktail tốt."
"Tôi đến đây với vị hôn thê của tôi. Tôi là người Anh và cô ấy là người Việt Nam. Chúng tôi đã thấy vô số đánh giá trực tuyến và nghĩ rằng sẽ rất tuyệt nếu thử vì tôi chưa có đồ ăn thoải mái trong ngày lễ này.. Không khí tốt đẹp, ban nhạc tuyệt vời và nhân viên thân thiện. Vấn đề duy nhất là thức ăn, rất nặng và cả hai chúng tôi phải ngủ ngay sau đó và chỉ ăn salad vào ngày hôm sau!"
Đến một vài lần vào buổi tối để chơi bóng bàn với du khách. Thật vui.. Điều duy nhất tôi không thể chịu được là sự nóng bỏng:)
"Dear Winnie,. Thank you for you kind review. We just expand the bar and add more fans so hotness is not a problem anymore. Our space is much bigger with a pool table, a table football, dart board and live music every Wed, Fri, Sun nights. It will be great to have you here with us again. Best regards,. John & Paul Inn Team."
Nơi tuyệt vời và dịch vụ cho đến khi ra lệnh! Người vợ thuần chay của tôi đã cười khi cô hỏi họ có thể cho bơ vào bánh mì nướng không. Thức ăn trẻ em là bánh kếp và tốt cho những đứa trẻ hạnh phúc nhưng tôi gọi một bữa sáng đầy đủ kiểu Anh và ăn một miếng thịt xông khói và một quả trứng chiên và một nỗ lực saveloy - với một đống muối trong một cái bát - không chính xác 50 kVND. Không hài lòng missus - như không có tùy chọn ăn chay cho bữa ăn sáng mặc dù chỉ định. Không phải là nhà triết học vì đây là bữa ăn sáng không phải Việt đầu tiên ở 3 wks trong nước - chỉ lát nhà là những bức tranh trên tường.
"Dear Brigg,. Thank you for coming here with your family. Although everybody seem to be ok with the service, your wife's experience affects the opinion of everybody. As we explained in the previous review, we always smile (not laugh) and happy to serve our guests but when your wife is upset, she thinks it differently. In addition, we check with the chef already: there are actually two eggs on your plate. However, one egg yolk is broken so it looks like just one egg. Also, we have problem with wet salt (due to humid weather) which always gets stuck in the salt pot. That's the reason why we serve salt on a small bowl. Anyway, we are very sorry and thank you for your response. Both of your reviews will definitely help us to improve the service for future guests. Best wishes for you, your wife and your adorable kids.. John & Paul Inn Team."
"Gia đình tôi và tôi đến đây để ăn sáng, khi tôi hỏi tôi có thể chỉ nướng bánh mì với một quả bơ, cô phục vụ nói họ chỉ ăn chay vào buổi tối. Tôi sẽ không quay trở lại để tìm ra cô hầu bàn thật thô lỗ, cười! Nước tôi yêu cầu chủ yếu là nước đá.. Tiết kiệm tiền của bạn và đi đâu đó khác. Thực sự thất vọng."
"Dear Vanessa,. Firstly, we are sorry for your experience here. We just feel it a little bit unfair when you blame a burger restaurant for not having the vegan food you want. Although for vegan breakfast, there are pancake or tropical fresh fruit in the menu. Please, you should have come to a vegetarian restaurant at first hand.. Secondly, the waitress tries really hard to serve you when you become annoyed. She wait 10 minutes to have the order of every members of your family and smile all of the time. Maybe, when you are angry (though it is not our fault), you think that smiling is laughing. That may explain why you never smile or look at our eyes when we bring your family food and drinks. Being rude to the precious customers is the last thing on earth we will do.. So once again, we are very sorry and hope that your family will have good time in Vietnam.. Best regards,"
"Thực đơn không phải là thứ đặc biệt nhưng chúng làm gì, chúng hoạt động rất tốt.. . Bánh mì kẹp thịt của tôi là những chiếc nhẫn hành tây thơm ngon, hoàn hảo, giòn và nhẹ."
"Quy Nhơn là một trong những thành phố yêu thích của tôi tại Việt Nam và quán bar này là một trong những nơi tốt nhất để bạn có thể đi chơi ở đây. Thiết kế thoáng mát, bia lạnh bíp, bóng bàn, phi tiêu. . vv Rất nhiều hoạt động hàng ngày. Bạn có thể dễ dàng gặp gỡ một người mới ở đây: người nước ngoài, du khách ba lô, du lịch, người dân địa phương nên nó là một hỗn hợp tốt cho bầu không khí của họ. Rất khuyên! ! !"
"Thực đơn thức ăn là một chút hạn chế nhưng bánh mì kẹp thịt là tốt và đồ uống có giá tốt. Nhân viên tốt, và đó là một nơi tốt để gặp gỡ mọi người."
Chúng tôi đến đây để có bia và chơi trò chơi uống rượu. Nơi này có vẻ đông đúc và nóng bỏng. Bia và đồ ăn nhẹ có giá hợp lý. Nhân viên thân thiện. Sẽ trở lại đôi khi.
"Thời gian tuyệt vời, một bầu không khí quen thuộc và ấm áp! Nhóm cũng tuyệt vời, sẵn sàng nói chuyện với bạn, và rất hữu ích, đặc biệt là một trong số họ: BOO, và bây giờ cô ấy đã trở thành một người bạn thực sự:))). Không thể chờ đợi để trở lại đó!. Tôi rất muốn giới thiệu NƠI NÀY! !"
"Nhà trọ John và Paul cung cấp giải trí tuyệt vời mỗi đêm, cung cấp cho bạn thông tin tuyệt vời với các hoạt động để làm và John có thể đưa bạn lên cát và bơi trong các cồn cát. Một số nhân viên thân thiện và những người tôi đã gặp ở đây. Chắc chắn phải."
