"ChÃ¹a Long KhÃ¡nh Ä‘Ã£ cÃ³ hÆ¡n 300 nÄƒm tuá»•i thuá»™c tá»a láº¡c táº¡i sá»‘ 141 Ä‘Æ°á»ng Tráº§n Cao VÃ¢n, phÆ°á»ng LÃª Lá»£i, thÃ nh phá»‘ Quy NhÆ¡n, tá»‰nh BÃ¬nh Äá»‹nh,  tráº£i qua nhá»¯ng biáº¿n cá»‘, thÄƒng tráº§m cá»§a lá»‹ch sá»­ ngÃ´i chÃ¹a Ä‘Ã£ khÃ´ng cÃ²n giá»¯ Ä‘Æ°á»£c kiáº¿n trÃºc vá»‘n cÃ³. NhÆ°ng nÃ³ váº«n toÃ¡t lÃªn sá»± trang nghiÃªm, tÃ´n kÃ­nh giá»¯a lÃ²ng trung tÃ¢m thÃ nh phá»‘ Quy nhÆ¡n nhá»™n nhá»‹p, sáº§m uáº¥t."
"ChÃ¹a tá»a láº¡c táº¡i sá»‘ 141 Ä‘Æ°á»ng Tráº§n Cao VÃ¢n, phÆ°á»ng LÃª Lá»£i, thÃ nh phá»‘ Quy NhÆ¡n, tá»‰nh BÃ¬nh Äá»‹nh. ChÃ¹a thuá»™c há»‡ phÃ¡i Báº¯c tÃ´ng..ChÃ¹a Ä‘Æ°á»£c Thiá»n sÆ° Äá»©c SÆ¡n khai sÆ¡n vÃ o nÄƒm 1695. Thiá»n sÆ° ngÆ°á»i Trung Quá»‘c, sang Viá»‡t Nam vÃ o thá»i Vua LÃª Hy TÃ´ng (1676 â€“ 1705)..ChÃ¹a Ä‘Æ°á»£c trÃ¹ng tu nhiá»u láº§n dÆ°á»›i thá»i cÃ¡c Thiá»n sÆ° Tá»‹ch Thá», ThiÃªn ThÃ¡nh, ChÃ¡nh NguyÃªn, ChÃ¡nh NhÆ¡n. KhÃ¡nh Ä‘á»“ng Ä‘Æ°á»£c Ä‘Ãºc nÄƒm 1739..NÄƒm 1957, HÃ²a thÆ°á»£ng Huá»‡ Long Ä‘Ã£ tá»• chá»©c trÃ¹ng kiáº¿n ngÃ´i chÃ¹a kÃ©o dÃ i 20 nÄƒm. ChÃ¡nh Ä‘iá»‡n bÃ i trÃ­ tÃ´n nghiÃªm, tÆ°á»£ng Ä‘á»©c Pháº­t ThÃ­ch Ca á»Ÿ giá»¯a báº±ng Ä‘á»“ng, cao 2m, Ä‘Æ°á»£c Ä‘Ãºc táº¡i chÃ¹a nÄƒm 1960..Pho tÆ°á»£ng Ä‘á»©c Pháº­t A Di ÄÃ  á»Ÿ sÃ¢n trÆ°á»›c chÃ¹a cao 17m, tÃ²a sen vÃ  chÃ¢n Ä‘áº¿ cao 5m, Ä‘Æ°á»£c tÃ´n trÃ­ vÃ o nÄƒm 1972..ChÃ¹a hiá»‡n Ä‘áº·t vÄƒn phÃ²ng Ban Trá»‹ sá»± Pháº­t giÃ¡o tá»‰nh BÃ¬nh Äá»‹nh..(VÃµ vÄƒn TÆ°á»ng - ChÃ¹a Viá»‡t Nam XÆ°a vÃ  Nay)"
"ChÃ¹a cá»• á»Ÿ qui nhÆ¡n, káº¿ bÃªn Ä‘ang xÃ¢y dá»±ng má»™t ngÃ´i chÃ¹a má»›i thÃ¡p Ä‘Ã´i"
"ChÃ¹a rá»™ng, yÃªn tÄ©nh, nhiá»u khÃ´ng gian xanh"
"ChÃ¹a mÃ¡t máº» khuÃ´n viÃªn rá»™ng, thoÃ¡ng mÃ¡t, chÃ¹a Ä‘áº¹p cÃ³ nhá»¯ng khu riÃªng phá»¥c vá»¥ sinh hoáº¡t vÃ  tu táº­p ."
ChÃ¹a lá»›n.VÃ£ng cáº£nh Ä‘áº¹p.Tu HÃ nh.Kiáº¿n trÃºc uy nghi.A Mi ÄÃ  Pháº­t
"Em vá» thÄƒm ChÃ¹a LONG KHÃNH..Tham quan - du lá»‹ch  QUY NHÆ N -BÃŒNH Äá»ŠNH..Tuá»•i em cÃ²n pÃ© tÃ­ ti ..LÃªn chÃ¹a Cáº§u Pháº­t Ä‘á»™ trÃ¬..Linh thiÃªn Pháº­t Ä‘á»™ bá»‘n mÃ¹a tá»‘t tÆ°Æ¡i..Cáº§u tÃ i dÃ¢ng lá»™c, lÃºc mÃ¹a lá»… nghi..Giá»¯a sÃ¢n chua Thiá»‡n Nam - TÃ­n Ná»¯  bÆ°á»›c  Äi . NgÆ°á»›c nhÃ¬n 17m - cháº¥p tay  láº¡y PHáº¬T A DI ÄÃ€. Cáº£nh tiÃªn má» áº£o  - tá»« xa xÆ°a vá»ng vá» ..Pháº­t Æ¡i !  Em quá»³ cáº¡nh chá»— Pháº­t ngá»“i..Tiáº¿ng chuÃ´ng Há»’NG THÃI vá»ng xa xÄƒm - sáº¡ch bá»¥i tráº§n ai..Cháº¯p tay cuá»‘i láº¡y há»“n nhiÃªn..KhÃ³i hÆ°Æ¡ng  má» má»‹t má»™t trá»i Quan Ã‚m ..Äáº£nh lá»… thÃ nh tÃ¢m Nam MÃ´ A Di ÄÃ  Pháº­t..Dáº¥u áº¥n LONG KHÃNH Tá»° váº«n cÃ²n nÆ¡i Ä‘Ã¢y."
"Tá»• Ä‘Ã¬nh Long KhÃ¡nh náº±m á»Ÿ trung tÃ¢m thÃ nh phá»‘ Quy NhÆ¡n. Vá»›i kiáº¿n trÃºc hiá»‡n Ä‘áº¡i, nhÃ¬n chung chÃ¹a khÃ´ng cÃ³ nhiá»u Ä‘iá»ƒm khÃ¡c biá»‡t vÃ  má»›i máº» nhÆ°ng tuy nhiÃªn khuÃ´n viÃªn Ä‘áº¹p, nhiá»u cÃ¢y xanh (Ä‘áº·c biá»‡t lÃ  bonsai) vÃ  má»™t sá»‘ má»™ thÃ¡p cá»§a cÃ¡c Ä‘á»i sÆ° tu hÃ nh táº¡i Ä‘Ã¢y."
KhuÃ´n viÃªn chÃ¹a cÃ³ khoáº£ng sÃ¢n ráº¥t rá»™ng.
ÄÃ¢u Ä‘oÌ Æ¡Ì‰ thaÌ€nh phÃ´Ì xinh Ä‘eÌ£p naÌ€y vÃ¢Ìƒn coÌ boÌng daÌng cuaÌ‰ nhÆ°Ìƒng ngÃ´i chuÌ€a. KyÌ€ viÌƒ maÌ€ thanh thoaÌt. BoÌng sÆ°Ì€ng sÆ°Ìƒng giÆ°Ìƒa Ä‘Ã´ thiÌ£ tÃ¢Ìp nÃ¢Ì£p.
"Quang cáº£nh chÃ¹a thanh tá»‹nh, sÃ¢n rá»™ng, yÃªn tÄ©nh....LÃ  nÆ¡i tÃ¢m linh Pháº­t giÃ¡o cá»§a ngÆ°á»i dÃ¢n Ä‘á»‹a phÆ°Æ¡ng"
"ChÃ¹a Long KhÃ¡nh lÃ  má»™t trong nhá»¯ng Ä‘á»‹a Ä‘iá»ƒm tham quan, du lá»‹ch tÃ¢m linh ná»•i báº­t á»Ÿ BÃ¬nh Äá»‹nh. Táº¡i Ä‘Ã¢y cÃ³ bá»©c tÆ°á»£ng Pháº­t lá»›n, cao tá»›i 17m vÃ  Ä‘áº·t ngay á»Ÿ giá»¯a sÃ¢n chÃ¹a, tá»« bÃªn ngoÃ i cÅ©ng cÃ³ thá»ƒ dá»… dÃ ng tháº¥y Ä‘Æ°á»£c bá»©c tÆ°á»£ng nÃ y. NgoÃ i ra táº¡i chÃ¹a cÃ²n 2 hiá»‡n váº­t quÃ½ lÃ  chuÃ´ng Há»“ng ThÃ¡i vÃ  táº¥m dáº¥u Long KhÃ¡nh Tá»±."
NgÃ´i chÃ¹a lá»›n kiáº¿n trÃºc khÃ¡ Ä‘áº¹p náº±m trong lÃ²ng thÃ nh phá»‘ Quy NhÆ¡n.
"ChÃ¹a lá»›n nháº¥t táº¡i TP Quy NhÆ¡n. LÃ  nÆ¡i thanh tá»‹nh cho ai muá»‘n tÃ¬m vá». ChÃ¹a Ä‘Æ°á»£c xÃ¢y dá»±ng theo kiáº¿n trÃºc truyá»n thá»‘ng, ráº¥t Ä‘áº¹p."
"SÃ¡ng MÃ¹ng má»™t táº¿t  ,máº¹ con Ä‘i chÃ¹a cáº§u an háº±ng nÄƒm  chÃ¹a Long KhÃ¡nh nÆ¡i tÃ­n ngÆ°á»¡ng cá»§a há»™i pháº­t giÃ¡o tÃ´n nghiÃªm."
"Quang cáº£nh chÃ¹a ráº¥t Ä‘áº¹p , khÃ´ng gian yÃªn tÄ©nh . TÆ°á»£ng Pháº­t ráº¥t Ä‘áº¹p , má»i ngÆ°á»i Ä‘i chÃ¹a ráº¥t vui váº» vÃ  hÃ²a Ä‘á»“ng . CÃ¡c tháº§y chÃ¹a á»Ÿ Ä‘Ã¢y ráº¥t tá»‘t bá»¥ng vÃ  vui tÃ­nh ná»¯a"
"Rá»™ng rÃ£i, Ä‘Æ°á»£c xem lÃ  má»™t trong nhá»¯ng ngÃ´i chÃ¹a lá»›n á»Ÿ Quy NhÆ¡n"
"ChÃ¹a Long KhÃ¡nh lÃ  má»™t trong nhá»¯ng Ä‘á»‹a Ä‘iá»ƒm tham quan, du lá»‹ch tÃ¢m linh ná»•i báº­t á»Ÿ BÃ¬nh Äá»‹nh. Táº¡i Ä‘Ã¢y cÃ³ bá»©c tÆ°á»£ng Pháº­t lá»›n, cao tá»›i 17m vÃ  Ä‘áº·t ngay á»Ÿ giá»¯a sÃ¢n chÃ¹a, tá»« bÃªn ngoÃ i cÅ©ng cÃ³ thá»ƒ dá»… dÃ ng tháº¥y Ä‘Æ°á»£c bá»©c tÆ°á»£ng nÃ y. NgoÃ i ra táº¡i chÃ¹a cÃ²n 2 hiá»‡n váº­t quÃ½ lÃ  chuÃ´ng Há»“ng ThÃ¡i vÃ  táº¥m dáº¥u Long KhÃ¡nh Tá»±."
"Kiáº¿n trÃºc rá»™ng rÃ£i, hoÃ nh trÃ¡ng. KhuÃ´n viÃªn nhiá»u cÃ¢y xanh. NÃªn trÃ¡nh Ä‘áº¿n vÃ o buá»•i trÆ°a vÃ¬ ko hoáº¡t Ä‘á»™ng."
"ChÃ¹a Long KhÃ¡nh lÃ  má»™t ngÃ´i Tá»• ÄÃ¬nh vÃ  lÃ  má»™t danh lam tháº¯ng cáº£nh lá»‹ch sá»­ cá»§a tá»‰nh BÃ¬nh Äá»‹nh, ChÃ¹a do Tá»• sÆ° Äá»©c SÆ¡n ngÆ°á»i Trung Quá»‘c  xÃ¢y dá»±ng vÃ o nÄƒm 1700 Ä‘áº¿n nay Ä‘Æ°á»£c 300 nÄƒm. ChÃ¹a cÃ³ kiáº¿n trÃºc  hÃ¬nh chá»¯ â€œKháº©uâ€ phÃ­a trÆ°á»›c cÃ³ chÃ¡nh Ä‘iá»‡n gá»“m ThÆ°á»£ng Ä‘iá»‡n vÃ  Háº­u Ä‘iá»‡n. Pháº§n ThÆ°á»£ng Ä‘iá»‡n thá» Pháº­t A di Ä‘Ã  vÃ  Quan Ã¢m Chuáº©n Ä‘á», Háº­u Ä‘iá»‡n thá» Pháº­t tá»• ThÃ­ch Ca. Hai bÃªn cÃ³ ÄÃ´ng phÃ²ng vÃ  TÃ¢y phÃ²ng. ÄÃ¢y lÃ  chá»— dÃ nh riÃªng cho tÄƒng ni. PhÃ­a sau lÃ  Tá»• Ä‘Æ°á»ng, nÆ¡i an trÃ­ Long vá»‹ vÃ  Di áº£nh cá»§a Lá»‹ch Ä‘áº¡i Tá»• sÆ°..BÃªn ngoÃ i chÃ¹a Long KhÃ¡nh cÃ²n cÃ³ ChÃ¹a Tá»‰nh Há»™i, nÆ¡i tá»• chá»©c cÃ¡c pháº­t sá»± cá»§a pháº­t tá»­. TrÆ°á»›c nÄƒm 1975, nÆ¡i Ä‘Ã¢y cÃ²n cÃ³ trÆ°á»ng Trung há»c vÃ  Tiá»ƒu há»c Bá»“ Äá»..Tráº£i qua nhá»¯ng thÄƒng tráº§m cá»§a lá»‹ch sá»­, nhá»¯ng biáº¿n thiÃªn cá»§a thá»i Ä‘áº¡i vÃ  bao cuá»™c chiáº¿n tranh tÃ n phÃ¡, nÃªn pháº§n lá»›n nhá»¯ng bÃºt kÃ½, di tÃ­ch ghi vá» sá»­ liá»‡u cá»§a chÃ¹a bá»‹ tiÃªu huá»· vÃ  tháº¥t láº¡c. Kiáº¿n trÃºc hiá»‡n nay khÃ¡c vá»›i ngÃ y khai sÆ¡n dá»±ng láº­p chÃ¹a. ChÃ¹a Long KhÃ¡nh hiá»‡n táº¡i lÃ  kiáº¿n trÃºc cá»§a hai láº§n trÃ¹ng tu nÄƒm 1956 vÃ  1972. Viá»‡c thay Ä‘á»•i kiáº¿n trÃºc khÃ´ng lÃ m máº¥t Ä‘i giÃ¡ trá»‹ lá»‹ch sá»­ cá»§a Tá»• Ä‘Ã¬nh Long KhÃ¡nh, viá»‡c thay Ä‘á»•i theo thá»i gian lÃ  má»™t trong nhá»¯ng nguyÃªn lÃ½ cá»§a Äáº¡o Pháº­t, vÃ¬ báº£n cháº¥t cá»§a váº¡n phÃ¡p lÃ  VÃ´ thÆ°á»ng."
"ChÃ¹a Long KhÃ¡nh lÃ  má»™t trong nhá»¯ng Ä‘á»‹a Ä‘iá»ƒm tham quan, du lá»‹ch tÃ¢m linh ná»•i báº­t á»Ÿ BÃ¬nh Äá»‹nh. Táº¡i Ä‘Ã¢y cÃ³ bá»©c tÆ°á»£ng Pháº­t lá»›n, cao tá»›i 17m vÃ  Ä‘áº·t ngay á»Ÿ giá»¯a sÃ¢n chÃ¹a, tá»« bÃªn ngoÃ i cÅ©ng cÃ³ thá»ƒ dá»… dÃ ng tháº¥y Ä‘Æ°á»£c bá»©c tÆ°á»£ng nÃ y. NgoÃ i ra táº¡i chÃ¹a cÃ²n 2 hiá»‡n váº­t quÃ½ lÃ  chuÃ´ng Há»“ng ThÃ¡i vÃ  táº¥m dáº¥u Long KhÃ¡nh Tá»±."
"ChÃ¹a Long KhÃ¡nh lÃ  má»™t trong nhá»¯ng trung tÃ¢m Pháº­t giÃ¡o lá»›n cá»§a BÃ¬nh Äá»‹nh, náº±m táº¡i thÃ nh phá»‘ Quy NhÆ¡n. ÄÆ°á»£c xÃ¢y dá»±ng vÃ o khoáº£ng nÄƒm 1715lÃ  nÆ¡i sinh hoáº¡t tÃ´n giÃ¡o cá»§a tÄƒng ni pháº­t tá»­ vÃ  lÃ  Ä‘iá»ƒm tham quan du lá»‹ch cá»§a du khÃ¡ch gáº§n xa..Hiá»‡n nay, chÃ¹a Long KhÃ¡nh cÃ²n lÆ°u giá»¯ má»™t sá»‘ Ä‘á»“ váº­t quÃ½ nhÆ° chiáº¿c KhÃ¡nh Äá»“ng dÃ¹ng Ä‘á»ƒ khai hiá»‡u lá»‡nh, dÃ i 75cm, cao 25,5cm Ä‘Æ°á»£c Ä‘Ãºc vÃ o thá»i Ä‘iá»ƒm khÃ¡nh thÃ nh chÃ¹a ThÃ¡i BÃ¬nh Há»“ng Chung (chuÃ´ng Há»“ng ThÃ¡i) vÃ  táº¥m dáº¥u biá»ƒu trÆ°ng Long KhÃ¡nh Tá»± Ä‘Æ°á»£c kiáº¿n táº¡o vÃ o nÄƒm 1813 thá»i vua Gia Long..ChÃ¹a Ä‘Æ°á»£c xÃ¢y dá»±ng tá»« dÆ°á»›i thá»i vua LÃª Dá»¥ TÃ´ng (tháº¿ ká»· 18) vá»›i kiáº¿n trÃºc vÃ  cÃ¡ch bÃ i trÃ­ tÃ´n nghiÃªm, cá»• kÃ­nh.ChÃ¹a do tá»• sÆ° Äá»©c SÆ¡n, má»™t vá»‹ sÆ° ngÆ°á»i Trung Hoa sÃ¡ng láº­p Ä‘á»ƒ phá»¥c vá»¥ cá»™ng Ä‘á»“ng ngÆ°á»i Hoa sá»‘ng quanh vÃ¹ng lÃºc báº¥y giá». Hiá»‡n chÃ¹a Ä‘Ã£ tráº£i qua 14 Ä‘á»i trá»¥ trÃ¬..ChÃ¹a Long KhÃ¡nh cÃ³ kiáº¿n trÃºc trang nghiÃªm vá»›i chÃ¡nh Ä‘iá»‡n lÃ  tÆ°á»£ng Pháº­t ThÃ­ch Ca báº±ng Ä‘á»“ng, cao 2m Ä‘Æ°á»£c Ä‘Ãºc tá»« nÄƒm 1960. TrÆ°á»›c sÃ¢n chÃ¹a lÃ  bá»©c tÆ°á»£ng Pháº­t A Di ÄÃ  cao 17m Ä‘Æ°á»£c xÃ¢y dá»±ng vÃ o nÄƒm 1972..Háº±ng nÄƒm vÃ o má»—i mÃ¹a hÃ¨ Ä‘áº¿n, láº¡i tá»• chá»©c cÃ¡c KhÃ³a tu mÃ¹a hÃ¨ táº¡i chÃ¹a dÃ nh cho cÃ¡c báº¡n hÃ ng ngÃ n tráº¡i sinh. Hy vá»ng ráº±ng má»i thá»© sáº½ diá»…n ra tá»‘t Ä‘áº¹p, sáº½ Ä‘i Ä‘áº¿n thÃ nh cÃ´ng, Ä‘á»ƒ mÃ¹a hÃ¨ cá»§a cÃ¡c em Ä‘Æ°á»£c cÃ³ thÃªm má»™t nÄƒm nhiá»u Ã½ nghÄ©a. ÄÃ¢y láº§ má»™t chÆ°Æ¡ng trÃ¬nh mang Ä‘áº¿n cho tháº¿ há»‡ tráº» sá»± tÄ©nh tÃ¢m trong nhá»‹p sá»‘ng há»‘i háº£."
"Chá»‘n nÃ y thanh tá»‹nh, tÆ°á»£ng pháº­t uy nghiÃªm"
"KhuÃ´n viÃªn rá»™ng rÃ£i, cÃ¡c cÃ´ng trÃ¬nh xÃ¢y dá»±ng hÃ i hÃ²a. Nhiá»u cÃ¢y xanh, mÃ¡t máº», bonsai Ä‘áº¹p. ChÃ¹a Ä‘ang cÃ³ nhiá»u hoáº¡t Ä‘á»™ng hÆ°á»Ÿng á»©ng Äáº¡i lá»… Vesak 2019"
ChÃ¹a náº±m trung tÃ¢m thÃ nh phá»‘. LÃ  ngÃ´i chÃ¹a lá»›n nháº¥t á»Ÿ thÃ nh phá»‘ Quy NhÆ¡n. Ná»•i báº­t khi vÃ o chÃ¹a lÃ  tÆ°á»£ng pháº­t lá»›n náº±m ngay táº§m máº¯t cá»§a du khÃ¡ch vÃ£ng tá»±.
"NÆ¡i tÃ´n nghiÃªm thanh tá»‹nh , nÆ¡i lÃ­ tÆ°á»Ÿng Ä‘á»ƒ giáº£m cÄƒng tháº³ng má»‡t má»i."
"Náº±m á»Ÿ vá»‹ trÃ­ trung tÃ¢m thÃ nh phá»‘, chÃ¹a Long KhÃ¡nh lÃ  má»™t trong nhá»¯ng trung tÃ¢m pháº­t giÃ¡o lá»›n cá»§a BÃ¬nh Äá»‹nh, lÃ  nÆ¡i sinh hoáº¡t lá»… bÃ¡i cá»§a giá»›i tÄƒng ni pháº­t tá»­ vÃ  lÃ  Ä‘iá»ƒm tham quan du lá»‹ch háº¥p dáº«n cho du khÃ¡ch gáº§n xa khi cÃ³ dá»‹p Ä‘áº¿n vá»›i ThÃ nh phá»‘ biá»ƒn Quy NhÆ¡n..ChÃ¹a Ä‘Æ°á»£c kiáº¿n trÃºc theo hÃ¬nh chá»¯ â€œKháº©uâ€ phÃ­a trÆ°á»›c cÃ³ chÃ¡nh Ä‘iá»‡n gá»“m ThÆ°á»£ng Ä‘iá»‡n vÃ  Háº­u Ä‘iá»‡n. Pháº§n ThÆ°á»£ng Ä‘iá»‡n thá» Pháº­t AdiÄ‘Ã  vÃ  Quan Ã¢m Chuáº©n Ä‘á», Háº­u Ä‘iá»‡n thá» Pháº­t tá»• ThÃ­ch Ca. Hai bÃªn cÃ³ ÄÃ´ng phÃ²ng vÃ  TÃ¢y phÃ²ng. Hai dÃ£y nÃ y lÃ  chá»— dÃ nh riÃªng cho tÄƒng ni. PhÃ­a sau lÃ  Tá»• Ä‘Ã¬nh, thá» cÃ¡c vá»‹ khai sÆ¡n phÃ¡ tháº¡ch..Kiáº¿n trÃºc nguyÃªn thá»§y cá»§a chÃ¹a khÃ´ng cÃ²n ná»¯a. NgÃ´i chÃ¹a hiá»‡n nay vá» cÆ¡ báº£n Ä‘Æ°á»£c xÃ¢y dá»±ng láº¡i vÃ o nÄƒm 1956 vÃ  hoÃ n thiá»‡n vÃ o nÄƒm 1972."
"LÃ  Ä‘á»‹a Ä‘iá»ƒm tÃ¢m linh Ä‘áº¹p, gáº§n gÅ©i cho cÃ¡c pháº­t tá»­..Náº¿u báº¡n chá»‰ Ä‘áº¿n ngáº¯m cáº£nh thÃ¬ cÃ³ pháº§n khÃ´ng há»£p vÃ¬ khuÃ´n viÃªn chÃ¹a cÃ³ má»™t sá»‘ pháº§n Ä‘ang xÃ¢y, sá»­a láº¡i chÆ°a hoÃ n thiá»‡n."
ChÃ¹a Long KhÃ¡nh (QuÃ½ NhÆ¡n) lÃ  ngÃ´i chÃ¹a lá»›n nháº¥t cá»§a tá»‰nh BÃ¬nh Äá»‹nh. NgÃ´i chÃ¹a Ä‘Æ°á»£c xem lÃ  nÆ¡i Tá»• Ä‘Æ°á»ng cá»§a ngÆ°á»i dÃ¢n theo Ä‘áº¡o Pháº­t.
ChÃ¹a náº±m ngay trung tÃ¢m thÃ nh phá»‘
"ChÃ¹a nhá» nhÆ°ng khÃ¡ Ä‘áº¹p. LÃ  ngÃ´i chÃ¹a cá»• kÃ­nh cá»§a Ä‘áº¥t Quy NhÆ¡n. CÃ³ bá»©c tÆ°á»£ng Pháº­t khÃ¡ Ä‘áº¹p, cÃ³ thá»ƒ nhÃ¬n tá»« bÃªn ngoÃ i. KhÃ´ng gian trong chÃ¹a cÅ©ng ráº¥t tÄ©nh láº·ng, khÃ´ng mang khÃ´ng khÃ­ xÃ´ bá»“ nhÆ° cÃ¡c chÃ¹a lá»›n."
"Nam MÃ´ A Di ÄÃ  Pháº­t.ChÃ¹a Ä‘Æ°á»£c Thiá»n sÆ° Äá»©c SÆ¡n khai sÆ¡n vÃ o nÄƒm 1695. Thiá»n sÆ° ngÆ°á»i Trung Quá»‘c, sang Viá»‡t Nam vÃ o thá»i Vua LÃª Hy TÃ´ng (1676 â€“ 1705)...ChÃ¹a Ä‘Æ°á»£c trÃ¹ng tu nhiá»u láº§n dÆ°á»›i thá»i cÃ¡c Thiá»n sÆ° Tá»‹ch Thá», ThiÃªn ThÃ¡nh, ChÃ¡nh NguyÃªn, ChÃ¡nh NhÆ¡n. KhÃ¡nh Ä‘á»“ng Ä‘Æ°á»£c Ä‘Ãºc nÄƒm 1739."
NgÃ´i chÃ¹a lá»›n á»Ÿ thÃ nh phá»‘ quy nhÆ¡n. Äiá»ƒm Ä‘áº¿n cho cÃ¡c báº¡n pháº­t tá»­ yÃªu Ä‘áº¡o. KhuÃ´n viÃªn rá»™ng vÃ  Ä‘áº¹p
ChÃ¹a lá»›n nháº¥t á»Ÿ thÃ nh phá»‘ Quy NhÆ¡n Ä‘ang xÃ¢y láº¡i cá»•ng chÃ¹a ráº¥t hoÃ ng trÃ¡ng nhÆ° cung Ä‘iá»‡n nguy nga
"ChÃ¹a thanh tá»‹nh, rá»—ng rÃ£i, thoÃ¡ng mÃ¡t. MÃ¬nh tá»«ng nhiá»u láº§n há»c bÃ i á»Ÿ Ä‘Ã¢y khi há»c cáº¥p 3."
Nam mÃ´ a di Ä‘Ã  pháº­t.ChÃ¹a Long KhÃ¡nh yÃªn tÄ©nh Ä‘áº¹p thÆ°á»ng phÃ¡t chÃ¡o tá»« thiá»‡n vÃ o thá»© 6 hÃ ng tuáº§n
ChÃ¹a Long KhÃ¡nh lÃ  má»™t trong nhá»¯ng ngÃ´i chÃ¹a lÃ¢u Ä‘á»i á»Ÿ thÃ nh phá»‘ Quy NhÆ¡n. LÃ  nÆ¡i tÃ¢m linh cá»§a Pháº­t tá»­ Quy NhÆ¡n
m má»™t cÃ¡i chÃ¹a Ä‘áº¹p ráº¥t nhiá»u di tÃ­ch lá»‹ch sá»­
"ChÃ¹a to Ä‘áº¹p, cÃ³ khu chÃ­nh Ä‘iá»‡n hoÃ nh trÃ¡ng, bÃªn hÃ´ng giáº£ng kinh má»—i sÃ¡ng"
ChÃ¹a má»›i xÃ¢y dá»±ng cá»•ng to Ä‘áº¹p phÃ¹ há»£p vá»›i khÃ´ng gian
Tuyá»‡t vá»i. ChÃ¹a ráº¥t lá»›n . Tiáº¿p Ä‘Ã³n Ã¢n cáº§n.
chÃ¹a pháº­t giaÃ³ lá»›n nháº¥t quÃ¬ nhÆ¡n tá»‰nh bÃ¬nh Ä‘á»‹nh
"ChÃ¹a Ä‘áº¹p, rá»™ng lá»›n trong lÃ²ng thÃ nh phá»‘."
ChÃ¹a Long KhÃ¡nh vá»›i niÃªn Ä‘áº¡i hÆ¡n 300 nÄƒm á»Ÿ Quy NhÆ¡n BÃ¬nh Äá»‹nh
Kien truc doc dao.ky bi .co tuong phat lon
MÃ´ Pháº­t. Mong chÃ¹a cÃ ng phÃ¡t triá»ƒn cáº§u cho quá»‘c thÃ¡i dÃ¢n an
ThÃ¢n thiá»‡n má»Ÿ rá»™ng lÃ²ng Ä‘Ã³n nháº­n táº¥t cáº£ quÃ½ PT trÃªn má»i phÆ°Æ¡ng diá»‡n
NÆ¡i Ä‘i lá»… vÃ  tham quan má»—i khi báº¡n ghÃ© thÄƒm Miá»n Ä‘áº¥t vÃµ.
ChuÌ€a Long KhaÌnh quÃª tui thÃ¢Ì£t tuyÃªÌ£t vÆ¡Ì€i
"ChÃ¹a cÃ³ nhiá»u cÃ¢y Ä‘áº¹p, cáº£nh Ä‘áº¹p..."
"ChÃ¹a to, sÆ° tháº§y cÅ©ng ráº¥t nhiá»‡t tÃ¬nh"
"ChÃ¹a lá»›n, náº±m trung tÃ¢m thÃ nh phá»‘"
"chua long khanh co nhieu pho tuong dep, tuy dien tich chua hoi nho"
"ChÃ¹a Ä‘áº¹p, rá»™ng, lá»›n nháº¥t quy nhÆ¡n"
Äáº¹p vÃ   mang lá»‘i kiáº¿n trÃºc xÆ°a
Den voi chua nay ta co cam giac rat nhe nhang
Nam mÃ´ a di Ä‘Ã  pháº­t tháº§y A Di ÄÃ  Pháº­t.
"NÆ¡i yÃªn tÄ©nh, thÃ­ch há»£p cho viá»‡c hÃ nh hÆ°Æ¡ng."
"Thanh tiÌƒnh, xÆ°Ìng Ä‘aÌng nÆ¡i tu haÌ€nh, tÃ´n nghiÃªm"
TÆ°á»£ng  Pháº­t  A Di ÄÃ  ráº¥t  Ä‘áº¹p  .
"Di tÃ­ch cá»§a má»™t thiÃªn tÃ i ngáº¯n ngá»§i, nhá» sá»± chÄƒm sÃ³c lÆ°u giá»¯  cá»§a quÃ½ soeur cÅ©ng nhÆ° chÄƒm lo cho bá»‡nh nhÃ¢n tráº¡i phong Quy HoÃ ."
"Äá»‹a Ä‘iá»ƒm lÃ  nhá»¯ng gian phÃ²ng nÆ¡i HÃ n Máº·c Tá»­ tráº£i qua nhá»¯ng ngÃ y cuá»‘i Ä‘á»i. CÄƒn phÃ²ng toÃ¡t lÃªn váº» cá»• kÃ­nh, tháº¥m mÃ¹i lá»‹ch sá»­..PhÃ²ng lau dá»n sáº¡ch sáº½. Tá»a láº¡c trong tráº¡i phong Qui HÃ²a (nay lÃ  bá»‡nh viá»‡n phong), vÃ© vÃ o cá»•ng Ä‘á»ƒ tham quan 5k ráº» báº¥t ngá»..PhÃ­a trÆ°á»›c lÃ  giÃ n hoa giáº¥y, xa xa lÃ  biá»ƒn, káº¿t há»£p vá»›i khÃ´ng khÃ­ bÃ¬nh yÃªn trong tráº¡i phong pháº§n nÃ o xÃ³a nháº¹ Ä‘i ná»—i Æ°u phiá»n cá»§a nhá»¯ng ngÆ°á»i máº¯c pháº£i cÄƒn bá»‡nh quÃ¡i Ã¡c nÃ y"
"BÃªn trong bá»‡nh viá»‡n da liá»…u, map dáº«n Ä‘Æ°á»ng hÆ¡i khÃ³ Ä‘i. BÃ£i biá»ƒn bÃªn trong cáº¡n, sÃ³ng máº¡nh, giÃ¡ nÆ°á»›c ráº»"
Má»™ cá»¥ HÃ n nhÃ¬n xuá»‘ng toÃ n bá»™ cáº£nh biá»ƒn ráº¥t Ä‘áº¹p vÃ  yÃªn bÃ¬nh. TÆ°á»Ÿng nhá»› nhÃ  thÆ¡ tÃ i hoa báº¡c má»‡nh.
"Xung quanh ráº¥t yÃªn bÃ¬nh..ThÃ­ch há»£p cho nhá»¯ng báº¡n muá»‘n tÃ¬m hiá»ƒu vÃ i nÆ¡i ko quÃ¡ Ä‘Ã´ng Ä‘Ãºc, ko khÃ­ trong lÃ nh..Ngá»“i uá»‘ng nÆ°á»›c ráº¥t dá»… chá»‹u ğŸ™‚.(trong áº£nh lÃ  nhá» báº¡n Ä‘i cÃ¹ng)"
"CÃ¡c kiáº¿n trÃºc cá»• thá»i PhÃ¡p Ä‘áº¹p láº¡, ráº¥t Ä‘Ã¡ng Ä‘á»ƒ tham quan lÃ ng phong Quy HoÃ "
"NhÃ  lÆ°u niá»‡m bá»‹ khoÃ¡ cá»­a khi mÃ¬nh Ä‘áº¿n. Chá»‰ cÃ³ thá»ƒ quan sÃ¡t tá»« bÃªn ngoÃ i..Dá»c con Ä‘Æ°á»ng cÃ³ cÃ¡c bá»¥i cÃ¢y hoa giáº¥y ráº¥t Ä‘áº¹p..Gáº§n nÆ¡i Ä‘Ã¢y lÃ  bá»‡nh viá»‡n da liá»…u, bá»‡nh viá»‡n Phong Quy HoÃ ."
Ká»· váº­t Ä‘Æ¡n sÆ¡ cá»§a thi sÄ© tÃ i hoa báº¡c má»‡nh!
"Khung cáº£nh bÃ¬nh yÃªn, giáº£n dá»‹. HÃ¬nh áº£nh trÆ°ng bÃ y hÆ¡i nghÃ¨o nÃ n vÃ  chiáº¿u sÃ¡ng kÃ©m. SÃ¡ch vá»Ÿ trong tá»§ bá»‹ á»‘ má»‘c."
ÄÃ¢y ko pháº£i lÃ  nhÃ  khi Ã´ng náº±m máº¥t . Ã”ng máº¥t trong dÆ°á»¡ng lÃ£o bÃ¢y giá» Ã¡ ..Äá»“ thÃ¬ cháº¯c Äƒn ko pháº£i cá»§a Ã´ng rá»“i vÃ¬ khi Ä‘Ã³ Ã´ng chÆ°a ná»•i tiáº¿ng . Ai mÃ  Ä‘i giá»¯ láº¡i Ä‘á»“ cá»§a ngÆ°á»i Ä‘Ã£ máº¥t khi há» lÃ  1 ngÆ°á»i bÃ¬nh thÆ°á»ng
"Äi tá»« cá»•ng bá»‡nh viá»‡n da liá»…u, mua vÃ© cá»•ng, cháº¡y xe vÃ o trong khuÃ´ng viÃªn thoÃ¡ng rá»™ng vá»›i bÃ£i biá»ƒn tráº£i dÃ i má»™t bÃªn, cÃ²n 1 bÃªn lÃ  hÃ ng dÆ°Æ¡ng, cáº£m giÃ¡c mÃ¡t láº¡nh. Nhá»¯ng Ä‘iá»ƒm áº¥n tÆ°á»£ng lÃ  khu tÆ°á»£ng danh nhÃ¢n ná»n y há»c, bÃ£i Ä‘Ã¡, dÃ£y nhÃ  cá»§a nhá»¯ng bá»‡nh nhÃ¢n bá»‡nh phong."
"Máº·c dÃ¹ sá»‘ng á»Ÿ Quy NhÆ¡n Ä‘Ã£ Ä‘áº¿n Quy HoÃ  nhiá»u láº§n, nhÆ°ng Ä‘áº¿n 20 tuá»•i mÃ¬nh má»›i ghÃ© thÄƒm nhÃ  cá»§a nhÃ  thÆ¡ HÃ n Máº·c Tá»­..YÃªu Quy HoÃ , tÄ©nh láº·ng, Ä‘Æ¡n sÆ¡ nhÆ°ng Ä‘áº§y lÆ°u luyáº¿n, ká»‰ niá»‡m."
"cáº£m tháº¥y nháº¹ nhÃ ng, yÃªn bÃ¬nh Ä‘áº¿n láº¡ vá»›i ngÃ´i lÃ ng nÃ y. Äáº¹p cá»• kÃ­nh mÃ u sáº¯c nhá»¯ng cÄƒn nhÃ  pha trá»™n Ä‘iá»u cÃ³ sá»± sáº¯p xáº¿p má»™t cÃ¡ch thÃ´ng mÃ¬nh cá»§a ngÆ°á»i táº¡o ra nÃ³. NÃªn báº£o quáº£n di tÃ­ch nÆ¡i Ä‘Ã¢y"
"Äáº¹p vÃ  thÆ¡ má»™ng, nÃªn chuáº©n bá»‹ thÃªm Ä‘á»“ bÆ¡i vs táº¥m báº¡c Ä‘á»ƒ táº¯m biá»ƒn vÃ  ngáº¯m biá»ƒn vÃ¬ nÆ¡i Ä‘Ã¢y cÃ³ bÃ£i biá»ƒn ráº¥t Ä‘áº¹p."
17h Ä‘Ã³ng cá»­a vÃ o thÄƒm bá»‡nh nhÃ¢n phong
"NÆ¡i nhÃ  thÆ¡, nhÃ  bÃ¡o HÃ n Máº¡c Tá»­ Ä‘Ã£ sá»‘ng quÃ£ng Ä‘á»i cÃ²n láº¡i á»Ÿ Ä‘áº¥t Quy HoÃ  , Quy NhÆ¡n."
"Cáº£nh Ä‘áº¹p, cÃ³ máº¥y cÃ¢y bÃ´ng giáº¥y ráº¥t lá»›n, Ä‘i mÃ¹a hÃ¨ ráº¥t rá»±c rá»¡. NhÃ  lÆ°u niá»‡m cÅ©ng cÃ²n lÆ°u giá»¯ nhiá»u bÃºt tÃ­ch cá»§a á»•ng."
NÆ¡i thi sÄ© HÃ n Máº·c Tá»­ trÃºt hÆ¡i thá»Ÿ cuá»‘i cÃ¹ng. LÃºc lÃ¢m chung Ã´ng Ä‘á»ƒ láº¡i máº¥y cÃ¢u thÆ¡ nhÆ° cá»©a vÃ o tÃ¢m can ngÆ°á»i Ä‘á»c..Ta trÃºt linh há»“n giá»¯a lÃºc Ä‘Ã¢y.GiÃ³ sáº§u vÃ´ háº¡n nuá»‘i trong cÃ¢y.CÃ²n em sao cháº³ng hay gÃ¬ cáº£.Xin Ä‘á»ƒ tang anh Ä‘áº¿n váº¡n ngÃ y.
NÆ¡i Æ¡Ì‰ vaÌ€ Ä‘iÃªÌ€u triÌ£ cuÌ‰a nhaÌ€ thÆ¡ HaÌ€n MÄƒÌ£c TÆ°Ì‰ trong thÆ¡Ì€i gian cuÃ´Ìi Ä‘Æ¡Ì€i. Nay laÌ€ nhaÌ€ lÆ°u niÃªÌ£m lÆ°u giÆ°Ìƒ 1 sÃ´Ì hiÃªÌ£n vÃ¢Ì£t cuÌ‰a nhaÌ€ thÆ¡.
"Ráº¥t thÃ­ch há»£p chá»¥p áº£nh phong cÃ¡ch Vintage á»Ÿ Ä‘Ã¢y. VÃ o nhÃ  ngÆ°á»i dÃ¢n chá»¥p thÃ¬ nÃªn giá»¯ im láº·ng 1 chÃºt ^^.Biá»ƒn sáº¡ch, mÃ¡t vÃ  khÃ´ng quÃ¡ Ä‘Ã´ng ngÆ°á»i"
"NgÃ´i nhÃ  nhá»,  Ä‘Æ¡n sÆ¡ giáº£n dá»‹ nhÆ°ng lÃ  nÆ¡i á»Ÿ cuá»‘i Ä‘á»i cá»§a HÃ n Máº·c Tá»­.  Thu phÃ­ 5k/ng,  quÃ¡ ráº» nÃªn ko cÃ³ dv hÆ°á»›ng dáº«n viÃªn. Má»™t nÆ¡i Ä‘Ã¡ng Ä‘á»ƒ Ä‘áº¿n vá»›i nhá»¯ng ng yÃªu thÃ­ch du lá»‹ch báº±ng tráº£i nghiá»‡m báº£n thÃ¢n chá»© ko pháº£i Ä‘i theo kiá»ƒu sÆ°u táº­p."
"Nhiá»u cÃ¢y xanh mÃ¡t, khÃ´ng gian thoÃ¡ng Ä‘Ã£ng. HÆ¡i Ã­t gháº¿ nghá»‰ chÃ¢n."
"Nhiá»u ká»‰ niá»‡m, khÃ´ng gian yÃªn tÄ©nh, trong khu bá»‡nh viá»‡n, cáº¡nh biá»ƒn Tuy HÃ²a, nÃªn ghÃ© thÄƒm náº¿u cÃ³ dá»‹p ghÃ© Quy nhÆ¡n."
LÃ  nÆ¡i tÃ´i sinh ra vÃ  lá»›n lÃªn . CÃ³ gÃ¬ há»i tÃ´i
"Phong cáº£nh tháº­p, khÃ´ng khÃ­ thoÃ¡ng mÃ¡t, biá»ƒn dá»‹u Ãªm, dÃ n hoa giáº¥y ná»•i báº­t cáº£ khung trá»i."
NhÃ  lÆ°u niá»‡m duy nháº¥t vÃ  Ä‘á»™c nháº¥t táº¡i tp Quy NhÆ¡n vá» chÃ ng thi thÆ¡ má»‡nh báº¡c HÃ n Máº·c Tá»­
NÆ¡i nhÃ  thÆ¡ tÃ i hoa má»‡nh báº¡c trÃºt hÆ¡i thá»Ÿ cuá»‘i cÃ¹ng. CÃ²n giá»¯ láº¡i nhiá»u di váº­t
KhÃ´ng khÃ­ trong lÃ nh..  NgÆ°á»i dÃ¢n thÃ¢n thiá»‡n...cáº£m giÃ¡c bÃ¬nh yÃªn vÃ  buá»“n Ä‘áº¿n láº¡
"... HaÌƒy thÄƒm HaÌ€n MÄƒÌ£c TÆ°Ì‰ Ä‘ÃªÌ‰ biÃªÌt trÃ¢n troÌ£ng mÃ´Ì£t Ä‘Æ¡Ì€i ngÆ°Æ¡Ì€i, Ä‘Æ°Æ¡Ì£c sinh ra, Ä‘Æ°Æ¡Ì£c sÃ´Ìng, HaÌƒy caÌ‰m Æ¡n thÆ°Æ¡Ì£ng Ä‘ÃªÌ, trÆ¡Ì€i phÃ¢Ì£t Ä‘aÌƒ cho ta sÃ´Ìng mÃ´Ì£t kiÃªÌp ngÆ°Æ¡Ì€i. HaÌƒy sÃ´Ìng sao cho Ä‘aÌng sÃ´Ìng ...."
"NÆ¡i lÆ°u dÃ¢Ìu kyÌ‰ niÃªÌ£m cuÌ‰a HaÌ€n MÄƒÌ£c TÆ°Ì‰ trÆ°Æ¡Ìc khi qua Ä‘Æ¡Ì€i, khÃ´ng gian tiÌƒnh lÄƒÌ£ng. MuÌ€a heÌ€ coÌ hoa giÃ¢Ìy rÆ°Ì£c rÆ¡Ìƒ."
"1 nÆ¡i tá»‘t Ä‘á»ƒ tÃ¬m hiá»ƒu vá» nhÃ  thÆ¡ HÃ n Máº·c Tá»­, nhiá»u gÃ³c chá»¥p áº£nh Ä‘áº¹p."
"CÃ¡c báº¡n náº¿u cÃ³ Ä‘i Quy NhÆ¡n BÃ¬nh Äá»‹nh nÃªn ghÃ© nÆ¡i Ä‘Ã¢y, dáº¥u chÃ¢n thi sÄ© HÃ  Máº¡c Tá»­ Ä‘Ã£ in dáº¥u nÆ¡i Ä‘Ã¢y tá»« ráº¥t lÃ¢u."
"NhÃ  lÆ°u niá»‡m nhá», chÃ­nh táº¡i cÄƒn phÃ²ng mÃ  thi sÄ© Ä‘Ã£ Ä‘iá»u trá»‹ vÃ  máº¥t 80 nÄƒm trÆ°á»›c Ä‘Ã¢y. TÃ­nh láº·ng vÃ  thanh bÃ¬nh. Gáº§n bÃªn lÃ  nhÃ  thá» vÃ  lÃ ng cá»§a cÃ¡c bÃªnh nhÃ¢n phong sinh sá»‘ng. Ráº¥t Ä‘Ã¡ng tham quan"
Tá»« áº¥y anh ra Ä‘i.NgoÃ i song khÃ´ng giÃ³ thoáº£ng.Hoa Ä‘Ã o váº¯ng mÃ¹i hÆ°Æ¡ng.LÃ²ng em xuÃ¢n há» há»¯ng...Tá»« áº¥y anh ra Ä‘i.BÃ³ng trÄƒng vÃ ng giáº£i cÃ¡t.CÃ¡nh cÃ´ nháº¡n bÆ¡ vÆ¡.Liá»‡ng dÆ°á»›i trá»i xanh ngÃ¡t...Tá»« áº¥y anh ra Ä‘i.Tiáº¿ng dÆ°Æ¡ng cáº§m váº¯ng báº·t.DÆ°á»ng tan trong Ä‘Ã¡m sÆ°Æ¡ng.Thoáº£ng vá» nÆ¡i lÃ ng máº¡c...Tá»« áº¥y anh ra Ä‘i.Em gáº§y hÆ¡n vÃ³c liá»…u.Em buá»“n nhÆ° Ä‘Ã¡m mÃ¢y.Nhá»¯ng Ä‘Ãªm váº§ng trÄƒng thiáº¿u
"TÃ´i Ä‘Ã£ Ä‘áº¿n Quy HÃ²a nhiá»u láº§n vÃ  cÅ©ng sáº½ muá»‘n Ä‘áº¿n ná»¯a..Quy HÃ²a cÃ³ nhá»¯ng Ä‘áº·c Ä‘iá»ƒm sáº½ thÃ nh 1 Ä‘iá»ƒm Ä‘áº¿n háº¥p dáº«n tÆ°Æ¡ng lai cho du khÃ¡ch Ä‘áº¿n Quy NhÆ¡n:.1. Con ngÆ°á»i á»Ÿ Ä‘Ã¢y ráº¥t hiá»n lÃ nh, thÃ¢n thiá»‡n vÃ  luÃ´n yÃªu Ä‘á»i vÆ°á»£t qua khÃ³ khÄƒn bá»‡nh táº­t..2. Cáº£nh váº­t tháº­t yÃªn bÃ¬nh..3. NhÃ  lÆ°u niá»‡m cá»• kÃ­nh nÆ¡i HÃ n Máº·c Tá»­  - nhÃ  thÆ¡ hÃ ng Ä‘áº§u ViÃªt Nam qua Ä‘á»i..4. Kiáº¿n trÃºc á»Ÿ Ä‘Ã¢y ráº¥t Ä‘áº·c biá»‡t vá»›i nhá»¯ng ngÃ´i nhÃ  ráº¥t khÃ´ng giá»‘ng nhau vÃ  ráº¥t TÃ¢y cá»§a khu lÃ ng Phong. ÄÃ¢y lÃ  nÃ©t Ä‘áº·c trÆ°ng cá»§a Quy HÃ²a ráº¥t cáº§n pháº£i giá»¯ gÃ¬n khÃ´ng Ä‘Æ°á»£c xÃ³a bá»..5. VÆ°á»n tÆ°á»£ng cá»§a cÃ¡c Danh nhÃ¢n tháº¿ giá»›i..6. BÃ£i biá»ƒn hoang sÆ¡ vÃ  hiá»n hÃ²a..7. Khu Ä‘Ã´ thá»‹ khoa há»c do Há»™i gáº·p gá»¡ GS Tráº§n Thanh VÃ¢n quáº£n lÃ½ Ä‘ang dáº§n Ä‘Æ°á»£c hÃ¬nh hÃ nh..Tuy nhiÃªn, Quy HÃ²a cáº§n pháº£i Ä‘Æ°á»£c Ä‘áº§u tÆ° hÆ¡n ná»¯a:.- Tá»‰nh BÃ¬nh Äá»‹nh cáº§n Ä‘áº§u tÆ° thÃªm nhiá»u cÃ´ng trÃ¬nh dá»‹ch vá»¥ du lá»‹ch hÆ¡n..- Cáº§n trá»“ng nhiá»u hoa hÆ¡n..- NhÃ  lÆ°u niá»‡m HÃ n Máº·c Tá»­ cáº§n sá»­a sang khang trang hÆ¡n vÃ  táº¡o cáº£nh quan..- CÃ¡c con Ä‘Æ°á»ng ná»™i bá»™ cáº§n Ä‘Æ°á»£c sá»­a sang láº¡i vÃ  táº¡o cáº£nh quang 2 bÃªn Ä‘Æ°á»ng..- Bá»‡nh viá»‡n Ä‘áº§u tÆ° thÃªm KhÃ¡ch sáº¡n nghá»‰ dÆ°á»¡ng chá»¯a bá»‡nh vÃ  chÄƒm sÃ³c sÄƒc Ä‘áº¹p..CÃ³ nhÆ° váº­y Quy HÃ²a sáº½ trá»Ÿ thÃ nh Ä‘iá»ƒm du lá»‹ch Ä‘áº·c biá»‡t cá»§a Quy NhÆ¡n vÃ  cáº£ nÆ°á»›c."
"Náº¿u cÃ³ Ã½ Ä‘á»‹nh Ä‘i thÄƒm má»™ HÃ n Máº·c Tá»­ thÃ¬ báº¡n nÃªn Ä‘i cáº£ nÆ¡i Ä‘Ã¢y...vÃ© vÃ o 5k 1 ngÆ°á»i...trong Ä‘Ã¢y cÃ³ hÃ¬nh áº£nh, bÃºt tÃ­ch vÃ  Ä‘á»“ váº­t...cá»§a NhÃ  thÆ¡. MÃ¬nh Ä‘áº¿n Ä‘Ã¢y thÃ¬ khÃ´ng tháº¥y cÃ³ ngÆ°á»i trÃ´ng coi cÅ©ng nhÆ° khÃ´ng cÃ³ hÆ°á»›ng dáº«n viÃªn nÃªn khÃ´ng thá»ƒ tÃ¬m hiá»ƒu kÄ© hÆ¡n nÆ¡i Ä‘Ã¢y..."
"Bá»‡nh viá»‡n tráº¡i Phong,  Ghá»nh RÃ¡ng _ Quy NhÆ¡n."
"Má»™t nÆ¡i tÄ©nh láº·ng Ä‘á»ƒ ghÃ© thÄƒm, Ä‘Ã¢y cÅ©ng tá»«ng lÃ  nÆ¡i sinh sá»‘ng cuá»‘i Ä‘á»i cá»§a nhÃ  thÆ¡ tráº» tuá»•i tÃ i hoa nhÆ°ng báº¡c má»‡nh cá»§a Viá»‡t Nam - HÃ n Máº·c Tá»­. NhÃ  lÆ°u niá»‡m khÃ´ng cÃ³ ngÆ°á»i trÃ´ng coi thÆ°á»ng xuyÃªn nhÆ°ng luÃ´n sáº¡ch sáº½, khÃ¡ch tham quan dÆ°á»ng nhÆ° ghÃ© thÄƒm cÅ©ng cÃ³ Ã½ thá»©c Ä‘á»ƒ trÃ¡nh lÃ m va cháº¡m Ä‘áº¿n nhá»¯ng hiá»‡n váº­t á»Ÿ Ä‘Ã¢y. Tuy má»Ÿ cá»­a tá»± do nhÆ°ng Ä‘á»“ Ä‘áº¡c á»Ÿ Ä‘Ã¢y Ä‘Æ°á»£c báº£o quáº£n ráº¥t tá»‘t. KhÃ´ng gian cá»• xÆ°a....MÃ¬nh Ä‘Ã£ ghÃ© nÆ¡i nÃ y hÃ ng chá»¥c láº§n vÃ  sáº½ cÃ²n ghÃ© ná»¯a."
NÆ¡i nhÃ  thÆ¡ HÃ n Máº¡c Tá»­ bá»‘ chá»¯a bá»‡nh vÃ  máº¥t. Tráº¡i phong quy hÃ²a
NÃªn Ä‘áº¿n tham quan má»™t láº§n trong Ä‘á»i!
"LÃ  nÆ¡i HÃ n Máº¡c Tá»­ sá»‘ng vÃ  dÆ°á»¡ng bá»‡nh trÆ°á»›c kia cháº¿t, táº¡i Ä‘Ã¢y cÃ³ bÃºt tÃ­ch vÃ  nhá»¯ng váº­t dá»¥ng khi Ã´ng cÃ²n táº¡i tháº¿."
"ÄÃ¢y lÃ  nÆ¡i lÆ°u giá»¯ nhá»¯ng gÃ¬ cÃ²n sÃ³t láº¡i liÃªn quan Ä‘áº¿n nhÃ  thÆ¡ HÃ n Máº·c Tá»­. Cháº³ng háº¡n nhÆ° bÃºt kÃ­, báº£n tháº£o bÃ i thÆ¡ vÃ  giÆ°á»ng cá»§a Ã´ng khi Ã´ng máº¥t"
Khung cáº£nh thanh bÃ¬nh tuy cÃ²n Ã­t hiá»‡n váº­t
NÆ¡i tháº­t thanh bÃ¬nh vÃ  yÃªn tÄ©nh. Cáº£nh quan siÃªu Ä‘áº¹p náº¿u Ä‘am mÃª chá»¥p áº£nh sáº½ Ä‘c hÃ ng chá»¥c táº¥m áº£nh Ä‘áº¹p trÃªn 1 mÃ©t vuÃ´ng
"Hiá»‡n váº­n á»Ÿ Ä‘Ã¢y cÅ© ká»¹ vÃ  báº£o quáº£n khÃ´ng Ä‘Æ°á»£c tá»‘t láº¯m. PhÃ­a trÆ°á»›c Ã³ bÃ£i biá»…n khÃ¡ Ä‘áº¹p, vá»›i tÆ°á»£ng cÃ¡c danh nhÃ¢n"
"LÆ°u giá»¯ giÆ°á»ng NhÃ  thÆ¡ náº±m khi trÃºt hÆ¡i thá»Ÿ cuá»‘i cÃ¹ng, bÃºt tÃ­ch cuá»‘i cÃ¹ng viáº¿t cho máº¹..."
Váº«n cÃ²n mÃ£i cho cÃ¡c tháº¿ há»‡ sau nhá»› vá» nhÃ  thÆ¡ trong lá»‹ch sá»­ Viá»‡t Nam
Nhá»¯ng ká»· niá»‡m vui buá»“n cá»§a hÃ n máº·c tá»­ á»Ÿ nÆ¡i  Ä‘Ã¢y .ai cÅ©ng nÃªn 1 láº§n ghÃ© Ä‘áº¿n
"Biá»ƒn ráº¥t Ä‘áº¹p, con ngÆ°á»i hiá»n hoÃ  vÃ  ráº¥t máº¿n khÃ¡ch, Ä‘áº·c biá»‡t kem dá»«a vÃ  nÆ°á»›c dá»«a ráº¥t ngon"
LÆ°u trá»¯ nhá»¯ng ká»· niá»‡m cuá»‘i Ä‘á»i cá»§a nhÃ  thÆ¡ HÃ n Máº·c Tá»­
Mang láº¡i Ã½ nghÄ©a cao vá» máº·t vÄƒn há»c vÃ  lá»‹ch sá»­a má»™t thá»i cá»§a cÄƒn bá»‡nh phong
Chá»‰ lÃ  tÆ°á»Ÿng nhá»› vá» má»™t ngÆ°á»i tÃ i hoa báº¡c má»‡nh. NÃªn Ä‘áº¿n
Äá»‹a Ä‘iá»ƒm mang Ä‘áº­m dáº¥u áº¥n thá»i PhÃ¡p thuá»™c
NhÃ  giá»¯ nhá»¯ng ká»‰ váº­t cá»§a HÃ n Máº·c Tá»­
"QuÃ¡ Ä‘Æ¡n sÆ¡, tÆ°Æ¡ng láº¡i khÃ´ng ai Ä‘áº¿n. Cáº§n cÃ³ phÆ°Æ¡ng Ã¡n tá»• chá»©c láº¡i cho xá»©ng táº§m."
"KhÃ´ng gian yÃªn bÃ¬nh, cáº£m tháº¥y ngÆ°á»i nháº¹ nhÃ ng. NÆ¡i tÃ¬m khoáº£ng láº·ng..."
nhÃ  thá» cÃ³ cáº£ nhÃ  lÆ°u niá»‡m hÃ ng máº¡c tá»­ luÃ´n
la mot noi thich hop de cac ban trai nghiem voi su yen binh voi song bien.
"GÆ¡Ì£i nhiÃªÌ€u kyÌ Æ°Ìc cho ngÆ°Æ¡Ì€i yÃªu thÆ¡, hoaÌ€i niÃªÌ£m vÃªÌ€ nhÆ°Ìƒng quaÌ khÆ°Ì."
NÆ¡i nhÃ  thÆ¡ trá»¯ tÃ¬nh HÃ n Máº·c Tá»­ dÆ°á»¡ng bá»‡nh
Nhá»¯ng nÄƒm thÃ¡ng cuá»‘i Ä‘á»i HÃ n Máº·c Tá»­ Ä‘Ã£ á»Ÿ Ä‘Ã¢y
MÃ¬nh Ä‘Ã£ Ä‘áº¿n viáº¿ng má»™ nhÃ  thá» tÃ i hoa HMT
NÆ¡i yÃªn bÃ¬nh vÃ  nháº¹ nhÃ ng vá»›i nhiá»u kiáº¿n thá»©c thÃº vá»‹
1 nÆ¡i cho nhá»¯ng ngÆ°á»i yÃªu sá»± lÃ£ng máº¡n cá»§a thÆ¡
á» Ä‘Ã¢y cÃ³ hÃ ng hoa giáº¥y ráº¥t Ä‘áº¹p.
NÆ¡i Ä‘iá»u trá»‹ vÃ  máº¥t cá»§a HÃ n Máº·c Tá»­
NhÃ  thÆ¡ ná»•i tiáº¿ng cá»§a phong trÃ o thÆ¡ má»›i
Mang Ä‘áº¿n má»™t cáº£m giÃ¡c ráº¥t khÃ¡c khi Ä‘áº¿n
Kiáº¿m hÆ¡i khÃ³ vÃ¬ báº£n chá»‰ dáº«n ko rÃµ láº¯m.Báº¡n pháº£i há»i ngÆ°á»i á»Ÿ tráº¡i phong.
TÃ´i tÆ°á»Ÿng nhá»› nhÃ  thÆ¡ HÃ n Máº·c Tá»­
Má»™t vÃ¹ng Ä‘áº¥t vá»›i nhá»¯ng con ngÆ°á»i khÃ³ quÃªn
TÆ°á»Ÿng niá»‡m HÃ n máº·c Tá»­ ráº¥t áº¥n tÆ°á»£ng
Noi nha tho Han Mac Tu  chua benh va tu tran.
"NÃ³ cÃ³ nhiá»u mÃ u sáº¯c kinh doanh quÃ¡,k thÃ­ch"
NÆ¡i chÆ°Ìa Ä‘Æ°Ì£ng moÌ£i thÆ°Ì vÃªÌ€ HaÌ€n MÄƒÌ£t TÆ°Ì‰
ÃŠm Ä‘á»m. CÃ³ thá»ƒ an dÆ°á»¡ng táº¡i nÆ¡i Ä‘Ã¢y.
Má»™t Ä‘á»‹a Ä‘iá»ƒm mang nhiá»u Ã½ nghÄ©a
Náº±m trÃªn Ä‘á»“i Ghá»nh rÃ¡ng thÆ¡ má»™ng
