"Nรชn ฤi chแปฃ buแปi sรกng ฤแป mua hแบฃi sแบฃn, giรก rแบฅt rแบป vร nhiแปu loแบกi ฤแป lแปฑa chแปn. Mแปฑc bรกn rong cรณ 40k/kg mรฌnh thแบฅy rแบป chฦฐa tแปซng thแบฅy, cua, ghแบน giรก cลฉng rแบป mร cua gแบกch ฤn siรชu ngon"
"Chแปฃ ฤรดng ฤรบc,hแบฃi sแบฃn tฦฐฦกi sแปng.Hiแปn tแบกi khi ra vรo chแปฃ phแบฃi khai bรกo,sรกt khuแบฉn vร kiแปm tra thรขn nhiแปt."
"Nฦฐแปc chแบฅm ngon,ฦฐแปp vแปซa ฤn, giรก lแบกi rแบป,แปงng hแป lรขu dรi"
"mรณn ฤn phong phรบ, giรก cแบฃ siรชu thoแบฃ mรกi..."
Chแปฃ bรกn nhiแปu hแบฃi sแบฃn khรด.chแปฃ truyแปn thแปng .nรชn khรก cลฉ.
"Chแปฃ cลฉng nhแป, lแปi ฤi cลฉng nhแป, nhฦฐng ฤฦฐแปฃc cรกi lร buแปi sรกng cรณ cรก tฦฐฦกi, thฦฐแปng thรฌ cรก tฦฐฦกi, hแบฃi sแบฃn thรฌ phแบฃi ฤแปฃi ฤแบฟn tแบงm 15h qua chแปฃ Khu 2 mแปi cรณ."
"Chแปฃ ฤรดng ฤรบc. Tuy nhiรชn cรฒn mรนi hรดi vร แบฉm thแบฅp. Bรกn nhiแปu ฤแป tแปซ thฦฐแปng ngรy ฤแบฟn quร ฤi biแปn, ฤi du kแปch. Chแปฃ khรดng ฤฦฐแปฃc ฤi xe vรo. Vรฉ gแปญi xe 3k."
"Chแปฃ ฤแบงm ฤรดng, bรกn rแบฅt nhiแปu ฤแป ฤn, bao gแปm hแบฃi sแบฃn, thแปt, cฦกm, phแป, bรบn, gia vแป, quแบงn รกo. Chแปฃ rแบฅt ฤรดng. Chแป ฤแป xe rแปng rรฃi, 2000 vnd 1 lแบงn gแปญi xe."
Chแปฃ ฤแบงm lแปn nhแบฅt quy nhฦกn nhiแปu tรดm ghแบน  giรก tฦฐฦกng ฤแปi rแบป tแบกi ฤรขy bรกn sแป vร lแบป nhiแปu loแบกi mแบทt hรng nhรฉ mแปi ngฦฐแปi
"Mแปt nฦกi sแบงm uแบฅt, ฤแบนp! ngฦฐแปi bรกn hรng thรขn thiแปn vร giรก bรกn vแปซa phแบฃi"
ฤฦฐแปng xung quanh chแปฃ ko giao thรดng ฤฦฐแปฃc. Rแบฅt bแบฉn vร mua bรกn hแปn ฤแปn.!!!!
"Mua hแบฃi sแบฃn nรชn ฤi buแปi sรกng, chiแปu thรฌ sแบกp hแบฃi sแบฃn dแบนp hแบฟt rแปi."
"Chแปฃ แป trung tรขm thรnh phแป, cรณ rแบฅt nhiแปu mแบทt hรng, hแบฃi sแบฃn tฦฐฦกi sแปng"
ฤรดng vui rแบฅt thรญch cuแปi tuแบงn ฤi mua sแบฏm รญt hแบฃi sแบฃn tฦฐฦกi ngon tแบกi ฤรขy
Chแปฃ trung tรขm cแปงa thรnh phแป quy nhฦกn.Bรกn rแบฅt nhiแปu hแบฃi sแบฃn.Nhฦฐng vรด ฤรขy lฦฐu รฝ vแป giรก cแบฃ nhรฉ
Chแปฃ ฤรดng ฤรบc nhiแปu tรดm cua cรก hแบฃi sแบฃn giรก thรฌ cแปฑc rแบป
"ฤแบงy ฤแปง hรng hรณa, giรก cแบฃ hแปฃp lรฝ, thuแบญn tiแปn ฤi lแบกi"
"ฤรขy lร chแปฃ lรขu ฤแปi แป quy nhฦกn, แป ฤรขy bรกn nhiแปu loแบกi hแบฃi sแบฃn tฦฐฦกi sแปng, cรก, ..chแบฃ cรก vร cรกc loแบกi ฤแบทc sแบฃn cแปงa quy nhฦกn. Tuy nhiรชn ฤฦฐแปng ฤi vรo chแปฃ rแบฅt dฦก, giรก cแบฃ tแบกm แปn"
Rแบฅt ฤรดng vร nhแปn nhแปp thรกi ฤแป bรกn hรng rแบฅt tแปt
"Lร mแปt trong 2 khu chแปฃ lรขu nฤm vร lแปn tแบกi Qui Nhฦกn. Tแบกi ฤรขy cรณ bรกn rแบฅt nhiแปu mแบทt hรng thแปงy hแบฃi sแบฃn, cรกc loแบกi thแปt gia cแบงm, ... rแบฅt nhiแปu loแบกi rau trรกi, ฤแบทc sแบฃn Bรฌnh ฤแปnh, cรกc loแบกi bรกnh, ฤแป gia dแปฅng vร thแปฑc phแบฉm khรด. Tuy nhiรชn, mแบทt bแบฑng lร chแปฃ cลฉ lรขu nฤm nรชn khรดng ฤฦฐแปฃc khang trang vร sแบกch sแบฝ. Giรก cแบฃ tแบกi chแปฃ cลฉng แปn ฤแปnh. Khรดng chแบทt chรฉm."
Chแปฃ ฤรดng vui tuy nhiรชn cรกch bแป trรญ hรng quรกn chฦฐa chuyรชn nghiแปp lแบฏm
Chแปฅp hรฌnh vintage แป chแป mแบฅy bแบญc thang thรฌ siu hแปฃp.Cรณ nhiแปu shop ฤแป 2hand
"Rแบป  nhiแปu hแบฃi sแบฃn bรกn แป ฤรขy ,tฦฐฦกi vร ngon!"
"Chแปฃ nhiแปu loแบกi hแบฃi sแบฃn lแบฏm, khรดng ฤฦฐแปฃc tฦฐฦกi rรณi nhฦฐ chแปฃ khu 5 nhฦฐng nแบฟu biแบฟt chแปn vแบซn rแบฅt tฦฐฦกi vร rแบฅt rแบฅt rแบป. Mรฌnh quรช gแบงn biแปn mร cลฉng bแบฅt ngแป luรดn. Mแปi ngฦฐแปi ฤi mua vแบซn nhแป trแบฃ giรก nha 8k cแปฉ trแบฃ xuแปng 5k lร vแปซa. Very gรบt :)"
"Chแปฃ bรกn hแบฃi sแบฃn,  cรก biแปn,  แปc rแบฅt tฦฐฦกi, ghแบน,  cua, v.v... Ngoรi ra cรฒn cรณ cรกc mรณn ฤn quen thuแปc nhฦฐ bรกnh xรจo mแปฑc,  bรกnh xรจo tรดm,  bรกnh xรจo bรฒ,  bรบn chแบฃ,  bรกnh bแปt lแปc,... Buแปi chiแปu chแปฃ cรณ bรกn nhฦฐng รญt hแบฃi sแบฃn hฦกn buแปi sรกng..."
"Chแปฃ khรก ฤรดng, muแปn mua hแบฃi sแบฃn thรฌ ฤi tแบงm 7h sรกng nhรฉ, lรบc แบฅy ghe thuyแปn mแปi vแป"
"ฤiแปm bรกn hแบฃi sแบฃn lแปn,cรณ nhiแปu loแบกi mแบทt hรng,ฤa dแบกng. ฤแบทc biแปt lร hแบฃi sแบฃn tฦฐฦกi sแปng"
Chแปฃ cรก tฦฐฦกi buแปi sรกng. Trฦฐแปc hฦกi bแบงy hแบงy - nay ฤรฃ ฤฦฐแปฃc sแบฏp xแบฟp gแปn gรng.
Chแปฃ cรณ nhiแปu ฤแป hแบฃi sแบฃn tฦฐฦกi sแปng. Hแบฅp dแบซn
Chฦกฬฃ ฤรขฬm Quy Nhฦกn chuyรชn buรดn baฬn haฬi saฬn biรชฬn tฦฐฦกi sรดฬng saฬฃch seฬ thรขn thiรชฬฃn nhiรชฬฃt tiฬnh giaฬ caฬ phaฬi chฤng
Haฬng hoฬa ฤรขฬy ฤuฬ dรชฬ mua giaฬ phaฬi chฤng
Nฦกi cรณ nhiแปu hแบฃi sแบฃn tฦฐฦกi sแปng vร ngiแปu thแปฑc phแบฉm khรกc. Cแบงn gรฌ chแป ฤแปu cรณ. Giรก cแบฃ lแบกi hแปp lรฝ . Tรดi rแบฅt thรญch ฤแปa ฤiแปm nรy. Cรณ dแปp tรดi sแบป quay lแบกi cรนng vแปi ngฦฐแปi thรขn ฤแป giแปi thiแปu thรชm cho gia ฤรฌnh vแปi ฤแปa ฤiแปm nรy thแบญt hแปฏu รญch
"Chแปฃ ฤแบงu mแปi chuyรชn vแป hแบฃi sแบฃn, time hoแบกt ฤรดng : cแบฃ ngรy. Muแปn mua hแบฃi sแบฃn thรฌ nรชn ฤi vรo buแปi sรกng."
Phแปฅc vแปฅ tแปt cho ngฦฐแปi dรขn ฤแปa phฦฐฦกng nhฦฐng khรดng quรก nhiแปu hรng hoรก ฤแป phแปฅc vแปฅ du khรกch
Rแบป vร ngon. ฤi chแปฃ hแบฃi sแบฃn tฦฐฦกi sแปng nhแป trแบฃ giรก
"Chแปฃ hรng hรณa phong phรบ, hแบฃi sแบฃn tฦฐฦกi sแปng nhiแปu"
Hแบฃi sแบฃn tฦฐฦกi sแปng ngon. Tรดi thฦฐแปng mua tรดm cua sแปng ฤแป ฤi cรขu แป ฤรขy nhแปt cแบฃ ngรy khรดng chแบฟt.
Chแปง yแบฟu bรกn ฤแบทc sแบฃn cแปงa Bรฌnh ฤแปnh. Tรฌm hiแปu giรก trฦฐแปc ฤแป khแปi bแป chรฉm
"Nhiแปu cรก, nแบฟu muแปn cรณ cรก tฦฐฦกi thรฌ nรชn ra bแบฟn cแบฃng lรบc sรกng sแปm tรu cรก vแป thรฌ hay hฦกn,"
Chแปฃ lแปn แป quy nhฦกn. Tรดm cรก tฦฐฦกi sแปng. Khรกch du lแปch ghรฉ mua hแบฃi sแบฃn nhiแปu
"Chแปฃ bรกn ฤแปง ฤแป แป qn, hแบฃi sแบฃn mua buแปi sรกng ok"
"ฤแบฟn vแปi chแปฃ ฤแบงm Quy Nhฦกn, thแปงy, hแบฃi sแบฃn tฦฐฦกi sแปng. Rแบฅt phong phรบ, nhฦฐng chแป hแปp chแปฃ buแปi sรกng"
Vรo chแปฃ cรก hฦกi dฦก nรชn mang dรฉp vร quแบงn ngแบฏn .
"Chแปฃ nแปi tiแบฟng bรกn hแบฃi sแบฃn tฦฐฦกi ngon, giรก vแปซa phแบฃi."
Chแปฃ hแบฃi sแบฃn rแบป. Cรณ dแปch vแปฅ ฤรณng thรนng sแปp
Chแปฃ nhแป nhฦฐng ฤแบงy ฤแปง ฤแบทc sแบฃn Quy Nhฦกn. Khรดng sแบกch lแบฏm nhฦฐ bao chแปฃ แป Viแปt Nam.
"Hแบฃi sแบฃn tฦฐฦกi sแปng, ฤa dแบกng, Bao ngon vร Rแบป !"
Chแปฃ ฤแบกt chuแบฉn vแป an toรn vแป sinh thแปฑc phแบฉm
Chแปฃ nhแป nhฦฐng ฤแป biแปn khรก phong phรบ vร rแบฅt tฦฐฦกi ngon
"Hรng hรณa ฤa dแบกng, thแปงy hแบฃi sแบฃn phong phรบ, bรฌnh dรขn"
chฦก ฤแบงm lร chฦก lแปn nhแบฅt cแปงa thรnh phรด qui nhฦกn
"ฤแป hแบฃi sแบฃn tฦฐฦกi sแปng, ฤแบทc sแบฃn biแปn ฤa dแบกng"
"Chแปฃ ฤรดng vui, ko cรณ nhรฌu ฤแบทc sแบฃn cho khรกch du lแปch"
"Chแปฃ ngฦฐแปi dรขn ฤแปa phฦฐฦกng ฤi nhiแปu,bรกn nhiแปu mแบทt hรng vร cลฉng cรณ hแบฃi sแบฃn tฦฐฦกi vรo buแปi  chiแปu  tแบงm 5h"
Chแปฃ ฤแปa phฦฐฦกng khรก lแปn. Bรกn ฤa dแบกng mแบทt hรng.
"Ngแปi ngoรi ฤฦฐแปng khรก nhiแปu, cรณ bรกn hแบงu hแบฟt mแปi thแปฉ cแบงn thiแบฟt"
"Bแปฏa nay chแปฃ ngแปn ngรng, ko ngแปi bแปซa bรฃi nhฦฐ xฦฐa do cรณ lแปฑc lฦฐแปฃng trแบญt tแปฑ phฦฐแปng nhแบฏc nhแป"
ฤแป ฤn rแบป quรก trแปi trแบป. ฤn uแปng ok. Mรฌnh lฦฐแปi ฤi nรชn cลฉng khรดng lแบฃng vแบฃng nhiแปu. Cฦก mร ฤแป gรฌ cลฉng cรณ.
Chแปฃ truyแปn thแปng khรก rแปng.chแปฃ hฦกi cลฉ.vแป sinh ko tแปt.chแปฃ bรกn khรก nhiแปu hรng hรณa
"cลฉng buรดn bรกn nhiแปu thแปฉ, nhฦฐng ฤฦฐแปng ฤi cรฒn hฦกi nhแป, bon chen, mแปt"
Chแปฃ nรy bรกn rแบฅt nhiแปu thแปฉ. Tแบฅt tแบงng tแบญt trรชn trแปi dฦฐแปi biแปn ฤแปu cรณ.
"Cรณ ฤแปง mแปi mแบทt hรng thiแบฟt yแบฟu, chแบญt chแปi."
"Chแปฃ khรก nhแปn nhแปp. ฤแบทc biแปt, ฤแบฟn chแปฃ liรชn hแป cรดng viแปc, ฤang ฤแปฉng, cรณ mแปt ngฦฐแปi ฤแบฟn ( cแปฅ cลฉng lแปn tuแปi rแปi ) trรชn cแป mรฌnh ฤeo dรขy chuyแปn, mรฌnh khรดng ฤแป รฝ, cแปฅ ฤฦฐa tay vรo sแป lรm hแบฟt hแปn (โโฟโ)"
Chแปฃ cho sinh viรชn vร nhร giรu. ฤรนa chแปฉ ฤรขy lร khu chแปฃ trung tรขm nรชn ฤa dแบกng mแบทt hรng. Vote 3 sao. Vรฌ hแบก tแบงng tแป
Chแปฃ ฤแปa phฦฐฦกng. Bรกn rแบป..Ngฦฐแปi dรขn thรขn thiแปn..ฤn sรกng vรo trong chแปฃ cรณ bรกnh xรจo vแป vร bรกnh bรจo..Nรชn ฤi.
Hรng hรณa dแปch vแปฅ ฤแบงy ฤแปง ฤรกp แปฉng nhu cแบงu cแปงa ngฦฐแปi dรขn
"Hรng hรณa ฤa dแบกng, phong phรบ. Khu chแปฃ gแบฏn vแปi  nhiแปu kแป niแปm thแปi sinh viรชn."
"Chแปฃ nรy buรดn bรกn hแบงu nhฦฐ khรดng cรณ j ฤแป chรช, ฤiแปu ฤรกng ngแบกi แป chแป an ninh dแปch bแปnh chฦฐa hแบณn chแบทt chแบฝ"
Chแปฃ ฤแบทc biแปt bรกn rแบฅt nhiแปu ฤแป ฤn nhฦฐ hแบฃi sแบฃn thแปt bรฒ tฦฐฦกi ngon. Nhฦฐng nhiแปu ngฦฐแปi dรขn lแบกi ฤem ngแปi bรกn giแปฏa ฤฦฐแปng ฤi gรขy รนn tแบฏc giao thรดng.
Tแปi gแบงn 7h mร chแปฃ vแบซn nhแปn nhแปp tแบฅp nแบญp quรก....
"Hรng hoรก phong phรบ ฤa dแบกng, giรก chแบฅp nhแบญn ฤฦฐแปฃc.... Nhฦฐng quแบฃn lรฝ chฦฐa tแปt: hay tแบฏc ฤฦฐแปng, tiแปu thฦฐฦกng lแบฅn chiแบฟm lรฒnh ฤฦฐแปng lรm khรณ di chuyแปn"
ฤแบงy ฤแปง a.e ra mua. nhฦฐng hฦกi tanh mรนi hแบฃi sแบฃn
Chแปt kiแปm dแปch mแปt bรชn cรฒn chฦฐa ฤo thรขn nhiแปt.Mแบทc hรng ฤa dแบกng phรน hแปฃp
"ฤa dแบกng cรกc mแบทc hรng chแปฃ rแปng rรฃi. Tuy nhiรชn cรฒn bแบฉn rแบฅt nhiแปu, chiแปu thรฌ ngฦฐแปi bรกn hay bรกn ngoรi ฤฦฐแปng gรขy รนn tแบฏt giao thรดng. Nแบฟu biแบฟt mua thรฌ cรณ hรng bรกn rแบป hแปฃp lรฝ, nแบฟu khรดng rรnh chแปฃ thรฌ cรณ hรng bรกn cลฉng ฤแบฏt sฦก vแปi tรบi tiแปn cแปงa sinh viรชn."
Mแปt khu chแปฃ lรขu ฤแปi cแปงa thรnh phแป Quy Nhฦกn
"Chแปฃ buรดn bรกn cแบฃ ngรy. Chแปง yแบฟu buรดn bรกn cho ngฦฐแปi lao ฤแปng vร sinh viรชn nรชn giรก cแบฃ rแบฅt bรฌnh dรขn. Hแบงu nhฦฐ tแบฅt cแบฃ cรกc mแบทt hรng ฤแปu cรณ hแบฃi sแบฃn, trรกi cรขy, ฤแป gia dรนng may mแบทt...."
"ฤรขy lร khu chแปฃ lแปn thuแปc ฤฦฐแปng Ngรด Mรขy, con ฤฦฐแปng sแบงm uแบฅt nhแบฅt, nhรฌ Quy Nhฦกn vร cลฉng cรณ rแบฅt nhiแปu khรกch sแบกn giรกp biแปn giรก bรฌnh dรขn แป Quy Nhฦกn. Chแปฃ nรy lแปn thแปฉ 3 แป Quy Nhฦกn sau chแปฃ Chรกy (Chแปฃ Khu 2) vร Chแปฃ ฤแบงm, vรฌ thแบฟ rแบฅt thuแบญn tiแปn cho du khรกch mua sแบฏm."
"Lร mแปt trong nhแปฏng chแปฃ lแปn nhแบฅt thรnh phแป Quy Nhฦกn, hรng hรณa ฤa dแบกng phong phรบ, buรดn bรกn nhแปn nhแปp quanh nฤm, chแปฃ bรกn khรดng thiแบฟu thแปฉ gรฌ. Khรกch mua thoแบฃi mรกi trแบฃ giรก !"
"Chแปฃ dรขn sinh, mua bรกn hรng ngรy. Hรng hรณa phong phรบ, giรก cแบฃ bรฌnh thฦฐแปng, khรดng phแบฃi rแบป. Nแบฟu bแบกn lร khรกch du lแปch thรฌ cรณ thแป qua mua hแบฃi sแบฃn khรด nhฦฐng giรก ko rแบป hฦกn giรก แป Hร Nแปi hay TP. Hแป Chรญ Minh nhiแปu ฤรขu."
"Tแบกm แปn, รญt gian hรng, khรดng ฤa dแบกng cรกc loแบกi hรng hรณa, nhรฌn khรดng bแบฏt mแบฏt lแบฏm."
Nฦกi mua thแปฑc phแบฉm tฦฐฦกi ngon vร giรก hแปฃp lรฝ.
"Chแปฃ ฤรดng ฤรบc giรก bรฌnh dรขn,chแปง yแบฟu bรกn cho ngฦฐแปi lao ฤแปng vร sinh viรชn,ฤแบงy ฤแปง cรกc loแบกi thแปฑc phแบฉm hแบฃi sแบฃn"
"Chแปฃ bรกn nhiแปu mแบทt hรng cแบงn thiแบฟt cho cuแปc sแปng. Tuy nhiรชn, vแบฅn ฤแป vแป sinh mรดi trฦฐแปng chฦฐa ฤฦฐแปฃc chรบ trแปng, nรชn thแบฅy nhแปp nhรกp lแบฏm."
Nแบฟu cรกc bแบกn ฤแบฟn ฤรขy du lแปch vร cรณ nhu cแบงu ฤi chแปฃ ฤแป mua ฤแป thรฌ nรชn ghรฉ chแปฃ khu 6 nรy แบก. ฤแบงy ฤแปง nhแปฏng gรฌ bแบกn cแบงn
"Chแปฃ bรกn rแบฅt nhiแปu thแปฉ, giรก hแปฃp lรฝ vร khรก rแบป, chแบฅt lฦฐแปฃng tแปt. ฤแป ฤn cลฉng ngon, quแบงn รกo cลฉng ฤa dแบกng, cรกc dแปch vแปฅ cแบฏt tรณc cลฉng phแป biแบฟn."
"Ngฦฐแปi dรขn hiแปn hรฒa , hรng hรณa giรก cแบฃ hแปฃp lรฝ , chแป bรกn hแบฃi sแบฃn khรด tฦฐฦกi rแบฅt ฤรบng giรก, hแปฃp lรฝ"
"CHแปข KHU 6 โ Khu Chแปฃ Quy Nhฦกn Nแปi Tiแบฟng Nhแบฅt Vแป Cรกc Loแบกi Hแบฃi Sแบฃn Khรด.Chแปฃ khu 6 lร mแปt trong nhแปฏng chแปฃ lแปn nhแบฅt nhรฌ แป Quy Nhฦกn ฤฦฐแปฃc nhiแปu ngฦฐแปi dรขn ghรฉ ฤแบฟn, chแปฃ bแบฏt ฤแบงu tแปซ 6 giแป sรกng ฤแบฟn 5 giแป chiแปu...Chแปฃ cรณ nhiแปu mแบทt hรng vแปi giรก khรกc nhau cho bแบกn lแปฑa chแปn, phรน hแปฃp vแปi nhiแปu tแบงng lแปp, ฤแบทc biแปt lร nhแปฏng ngฦฐแปi cรณ thu nhแบญp trung bรฌnh vร thแบฅp. Thแบญm chรญ chแป cแบงn 30 ฤแบฟn 50 nghรฌn ฤแปng thรฌ vแบซn cรณ mua ฤฦฐแปฃc ฤแป ฤn cho cแบฃ gia ฤรฌnh trong mแปt ngรy. Cรฒn nแบฟu cรณ trong tay tแปซ 100 ฤแบฟn vรi trฤm nghรฌn ฤแปng thรฌ bแบกn tha hแป lแปฑa chแปn ฤแป cรณ mแปt bแปฏa ฤn ngon."
"Chแปฃ ฤแบงy ฤแปง mแบทt hรng, rแปng thoรกng. Nฦกi mua sแบฏm thฦฐแปng xuyรชn cแปงa em"
"Lร mแปt trong nhแปฏng khu chแปฃ lรขu ฤแปi vร sแบงm uแบฅt nhแบฅt แป Quy Nhฦกn, chuyรชn vแป cรกc mรณn hแบฃi sแบฃn, thแปt tฦฐฦกi sแปng. Ngoรi ra chแปฃ cรฒn cรณ cรกc mแบทt hรng lฦฐu niแปm, quแบงn รกo, trรกi cรขy..."
Khu chแปฃ แปn vแปi ngฦฐแปi dรขn gแปc bรฌnh ฤแปnh nhฦฐng sแบฝ ฤแบฏc vแปi ai nรณi giแปng miแปn khรกc ฤแบฟn ฤiแปn hรฌnh giรก dรขn mua 50k thรฌ giแปng miแปn khรกc mua sแบฝ tแบงm 90k ฤแบฟn 100k
"Chแปฃ Khu 6 tรชn gแปi ngรy xฦฐa, nay vแบซn cรฒn lฦฐu danh, vแปi tแปc ฤแป phรกt triแปn dรขn sแป ฤรด thแป, nhฦฐng tiแปn nghi mแบทt bแบฑng vแบซn khรดng chuyแปn biแบฟn ฤฦฐแปฃc lร vรฌ ฤแปa thแบฟ phแป phฦฐแปng quรก ฦฐ chแบญt hแบนp !"
"Chแปฃ nรy hay cรณ mแบฅy bร dแปn hรng ra lรm trรฒ rแปi khรดng cho ngฦฐแปi khรกc ฤแป xe (ฤแป khรดng trแบฃ phรญ), bรฃo lรชn 1 phรกt lร tฤng giรก tแปi sang nฤm luรดn!!"
ฤa dแบกng hรng hรณa. Nay hแบกn chแบฟ ngฦฐแปi vรฌ dแปch covid
Trung tรขm thรnh phแป Quy Nhฦกn. ฤa dแบกng giรก rแบป
nhรฌu mแบทt hรng lแปฑa chแปn.  bร con tiแปu thฦฐฦกng vui vแบป .
"Chแปฃ nhแป, tแบกm tแบกm. Rau cแปง quแบฃ tฦฐฦกi ngon. Ngฦฐแปi bรกn hรng vui vแบป, hiแปn lรnh. Giรก cแบฃ tแปt"
"ngฦฐแปi bรกn hรng thรขn thiแปn,giรก hแปฃp lรฝ,lร 1 trong nhแปฏng chแปฃ ฤรดng ngฦฐแปi mua vร bรกn tแบกi Quy Nhฦกn"
"Chฦก khu ฤรฃ cรณ lรขu nฤm.Buรดn bรกn giรก rแบป,nฦกi mn hay tแบญp trung mua"
"Chแปฃ ฤรดng ฤรบc nhiแปu mแบทt hรng, giรก cแบฃ bรฌnh dรขn"
"Chแปฃ gแบงn nhร mรฌnh, ฤรดng thฦฐฦกng lรกi, vร phแปฅc vแปฅ cho sinh viรชn gแบงn trฦฐแปng ฤแบกi hแปc quy nhฦกn nรชn rแบฅt ฤรดng ngฦฐแปi mua"
"Chแปฃ ฤang sแปญa nแปn, bร con vแบซn kinh doanh. Chแปฃ nhแป nรชn hรng bแบงy bรกn ngoรi ฤฦฐแปng nhiแปu."
"Chแปฃ dรnh cho ngฦฐแปi dรขn bแบฃn xแปฉ, rแบฅt nhiแปu mแบทt hรng, giรก rแบป!"
"Khรกch du lแปch cรณ thแป tรฌm ฤฦฐแปฃc cรกc mแบทt hรng hแบฃi sแบฃn khรด ฤแบกt chแบฅt lฦฐแปฃng tแบกi ฤรขy, giรก cแบฃ tฦฐฦกng xแปฉng vแปi chแบฅt lฦฐแปฃng"
"Hihi ฤฦกn giแบฃn vรฌ nhร mรฌnh gแบงn chแปฃ, rแบฅt tiแปn cho nhu cแบงu sinh hoแบกt hรng ngรy"
"Chแปฃ rแปng rรฃi, nhiแปu mแบทt hรng, ฤฦฐแปng chแบญt chแปi, lแบฅn chiแบฟm ra lรฒng ฤฦฐแปng khรดng cรณ chแป ฤi."
"Chแปฃ dรขn sinh nhฦฐng tiแปu thฦฐฦกng buรดn bรกn lแปn xแปn, lแบฅn chiแบฟm hแบฟt lรฒng lแป ฤฦฐแปng"
Nhรฌn chung giรก cแบฃ hแปฃp lรญ tuy nhiรชn cรณ vรi ngฦฐแปi cรณ thรกi ฤแป khรณ chแปu ฤแปi vแปi khรกch mua hรng
Ngฦฐแปi bรกn rแบฅt thรขn thiแปn. Khรดng bแป mua giรก thรกch. Hแป rแบฅt nhiแปt tรฌnh
Chแปฃ ฤa dแบกng phong phรบ lแบฏm nha. Thแปฑc phแบฉm tฦฐฦกi. Cรณ quรก แปc vร chรจ ngon
Cรณ bรกn ฤa dแบกng cรกc mแบทt hรng cแบงn thiแบฟt cho ฤแปi sแปng.
Chแปฃ phong phรบ thแปฑc phแบฉm. Giรก rแบฅt bรฌnh dรขn. Cรกc quแบงy hรng thรขn thiแปn.
tแปa lแบกc ngay trung tรขm thรnh phแป. nhแปฏng chแป bรกn hรng vui vแบป.
"ฤรดng ฤรบc, nhiแปu rแบกp hรng hoรก vรด รฝ thแปฉc lแบฅn chiแบฟm lแป ฤฦฐแปng."
Chแปฃ rแปng rรฃi bรกn nhiแปu ฤแป mร rแบป cแปฑc tแบกi Nha Trang nha
"Chแปฃ bรกn ฤa dแบกng hรng hรณa , giรก cแบฃ bรฌnh dรขn."
"Giรก rแบป, tuy nhiรชn รญt mแบทt hรng hฦกn chแปฃ ฤแบงm"
Chแปฃ แป ฤรขy lรm ฤn ฤฦฐแปฃc chแปง yแบฟu lร nhแป sinh viรชn tแปi ฤรขy mua ฤแป.
Tแปซ nhแป tรดi ฤรฃ ฤฦฐแปฃc lแปn lรชn .chแปฃ cรณ tแปซ lรบc nรo nhฦฐng kแป niแปm vแป khu chแปฃ  mรฃi ko quรชn trong tรดi
Rแบฅt nhiแปu ฤแป ฤn uแปng hแบฃi sแบฃn mแปi thแปฉ ฤแปu cรณ แป nฦกi nรy
Ngฦฐแปi bรกn hรng thรขn thiแปn.  Chแป ฤฦฐแปng nhiแปt tรฌnh
"ฤแบงy ฤแปง mแบทt hรng, nhฦฐng quy hoแบกch chฦฐa chuแบฉn,."
"Mแบทt hรng phong phรบ. Chแบฅt lฦฐแปฃng tแปt, giรก khรก rแบป"
"Bรกn rแบฅt nhiแปu hรng giรก bรฌnh dรขn,chแบฅt lฦฐแปฃng"
"Chแปฃ khu 6, tแบฅt cแบฃ mแปi thแปฉ ฤแปu cรณ thแป mua ฤฦฐแปฃc แป ฤรขy :D"
Hรng hรณa ฤa dแบกng phรน hแปฃp thu nhแบญp cแปงa ngฦฐแปi dรขn
Chแปฃ lรบc nรo cลฉng ฤรดng nhฦฐ trแบฉy hแปi. ฤi chแปฃ toรn ngแบฏm ngแบฏm gรกi k ah
"Dแปch vแปฅ tแปt khรดng khรญ trong lรnh sแบกch ฤแบนp, cแบงn phรกt huy tแปt hฦกn nแปฏa"
"Giao thรดng thuแบญn tiแปn. Cรณ ฤiแปu, giแปฏ xe khรดng cรณ vรฉ"
Khu chแปฃ sแบงm uแบฅt giรก sinh viรชn (biแบฟt mแบทc cแบฃ)
Nhแปn nhแปp thแปฉ 2 แป quy nhฦกn. Chแปฃ cแปงa sknh viรชn.
Mรดฬฃt trong nhฦฐฬng chฦกฬฃ khu vฦฐฬฃc trung tรขm thaฬnh phรดฬ quy nhฦกn
"Gia re, hang hoa phong phu, nam o trung tam thanh pho."
Rแบฅt nhiแปu ฤแป tiแปn cho nhu cแบงu cแปงa khรกch hรng
mแบทt hรng phong phรบ vร ngฦฐแปi bรกn thรขn thiแปn
"Chแปฃ qui mรด nhแป , cung cแบฅp nhu yแบฟu phแบฉm thฦฐแปng nhแบญt"
Mแปt trong nhแปฏng chแปฃ แป Kv trung tรขm Quy Nhฦกn
Lร chแปฃ truyแปn thแปng.chแปง yแบฟu bรกn cรก mแปฑc do dรขn tแปฑ ฤรกnh bแบฏc ฤฦฐแปฃc. Giรก khรก rแบป
Chแปฃ mแป bรกn sแปm vร tan chแปฃ cลฉng sแปm khoแบฃng 10 giแป lร khรดng cรฒn thแบฅy ai bรกn
Khรก tแบกm bแปฃ vรฌ chแปฃ ฤแปa phฦฐฦกng hแบฃi sแบฃn tฦฐฦกi sแปng nhรฉ
Chแปฃ nรดng sแบฃn lแปn cแปงa Qui Nhฦกn . Tแบฅt cแบฃ cรกc loแบกi rau cแปง tแปซ Gia Lai chuyแปn vแป
Nฦกi dรขn แป ฤรดng ฤรบc ฤฦฐแปng mแปi...chแปฃ sแบกch sแบฝ giรก cลฉng cลฉng bรฌnh dรขn
Chแปฃ gแบงn tuyแบฟn huyแปn nhฦฐng cลฉng bรกn ฤแปง loแบกi nhรฉ
(Bแบฃn dแปch cแปงa Google) ๅฅฝ็..(Bรi ฤรกnh giรก gแปc).Ok
(Bแบฃn dแปch cแปงa Google) ๅฅฝ็..(Bรi ฤรกnh giรก gแปc).Ok
(Bแบฃn dแปch cแปงa Google) ๅฅฝ็..(Bรi ฤรกnh giรก gแปc).OK
(Bแบฃn dแปch cแปงa Google) ๅฅฝ็..(Bรi ฤรกnh giรก gแปc).Ok
(Bแบฃn dแปch cแปงa Google) ๅฅฝ็..(Bรi ฤรกnh giรก gแปc).Ok
(Bแบฃn dแปch cแปงa Google) ๅฅฝๅธๅบ..(Bรi ฤรกnh giรก gแปc).Good market
Cรณ tแปซ lรขu ฤแปi. Cรณ quรกn chรจ rแบฅt ngon bรชn trong chแปฃ
"Chแปฃ nhแป, nhฦฐng ฤแบงy sinh khรญ. Hรng hรณa ฤa dแบกng, ฤแบทc biแปt lร cรกc mแบทt hรng nรดng sแบฃn, thแปงy hแบฃi sแบฃn."
"Khu chแปฃ chแปง yแบฟu lร phแปฅc vแปฅ bร con ฤแปa phฦฐฦกng, tแบฅt cแบฃ cรกc nhu yแบฟu phแบฉm thรดng thฦฐแปng nhฦฐ trong แบฃnh"
ฤแป si แป chแปฃ khรก oke. Phแบฃi trแบฃ giรก rแบฅt mแบกnh tay thรฌ mแปi mong mua ฤฦฐแปฃc giรก tแปt.
"Cรกc mแบทt hรng nรดng sแบฃn vร thแปงy hแบฃi sแบฃn bรกn tแบกi chแปฃ cลฉng khรก ฤแบงy ฤแปง, chแปฃ hฦกi nhแป, cรกc lแปi ฤi khรดng thoแบฃi mรกi lแบฏm. Chแปฃ ฤรฃ quรก cลฉ, xuแปng cแบฅp. Chแปง yแบฟu phแปฅc vแปฅ tแบกi khu dรขn cฦฐ, khรดng thรญch hแปฃp cho khรกch du lแปch"
Chแปฃ cรณ hแบฃi sแบฃn tฦฐฦกi ngon. Nhฦฐng giรก hฦกi cao so vแปi chแป khรกc vร miแปn trแบฃ giรก
"Khu chแปฃ bรฌnh dรขn แป Quy Nhฦกn. Chแปง yแบฟu bรกn cho ngฦฐแปi dรขn quanh ฤรณ. Sแบกp quแบงn รกo, giรy dรฉp khรดng nhiแปu, chแปง yแบฟu thแปฉc ฤn tฦฐฦกi sแปng..Chai nฦฐแปc Petec 1.5L แป 1 sแบกp tแบกi ฤรขy bรกn 5k.Chรจ chuแปi แป gแบงn cแปng bรกn 1 ly 5k, ฤn ngon, cรณ cแปฅc thแบกch mแปณ tinh ฤn rแบฅt ngon, kiแปu sแบญt sแบญt"
"Chแปฃ nhแป nhฦฐg bรกn ฤแปง ฤแป, tแปซ ฤแป ฤn tแปi ฤแป gia dแปฅng. Giรก cแบฃ phแบฃi chฤng dแป mua. Tรดi thฦฐแปng ฤi chแปฃ nรy."
"Bแบกn nรo mua ฤแบทc sแบฃn Quy Nhฦกn bรกnh รญt, bรกnh hแปng, cรณ thแป ghรฉ tiแปm ngay ฤแบงu chแปฃ."
Khu chแปฃ trung tรขm 2 mแบทt thoรกng tiแปn dแปฅng mแปi phฦฐฦกng tiแปn qua lแบกi
Hรng hรณa ฤa dแบกng. Thแปฑc phแบฉm tฦฐฦกi ngon tuy nhiรชn giรก hฦกi ฤแบฏt hฦกn
"Giรก cแบฃ ko hแปฃp lรฝ, ai ฤi chแปฃ phแบฃi nรณi thรกch ko thรฌ mua ฤแป giรก cao"
Tiแปu thฦฐฦกng bรกn hรng thiแบฟu nhแบฅt quรกn.phรขn biแปt ฤแปi xแปญ vแปi khรกch hรng. Chแปฃ nhแป.
ฤแบงy ฤแปง hรng hรณa. Nhฦฐng chแป hแปp vรo buแปi sรกng.
"Chแปฃ ฤแบงu mแปi nรชn rแบฅt ฤรดng khรกch mua sแบฏm, buรดn bรกn"
Tรดi chแป ฤi trรชn con ฤฦฐแปng ngang qua chแปฃ nรy chแปฉ khรดng vรo trong chแปฃ.
"Chแปฃ sแบกch sแบฝ, nhฦฐng ko chuyรชn 1 loแบกi nรo nhฦฐ chแปฃ ฤแบงm thรฌ chuyรชn hแบฃi sแบฃn"
ฤรดng ฤuฬc vaฬo buรดฬi saฬng...chiรชฬu vฤฬng veฬ
"Chแปฃ nhแป cแบกnh bแป sรดng Hร Thanh, thuแปc phฦฐแปng Nhฦกn Bรฌnh, buรดn bรกn ฤแปง loแบกi hรng hรณa"
"Bรกn hรng rแบฅt ฤa dแบกng nhiแปu chแปงng loแบกi, ngฦฐแปi bรกn hรng thรขn thiแปn"
"Bรกn hรng rแบป, ฤแปง chแปงng loแบกi, ngฦฐแปi dรขn nhiแปt tรฌnh, thรขn thiแปn"
Chแปฃ xแบฅu xรญ .rรกc nhiแปu mร chแปฅp ฤell niรชu kiแปu gรฌ .๐คฃ๐คฃ
