"Báº£o tÃ ng nhá» xinh táº¡i 26 Nguyá»…n Huá»‡, lÃ  khu nhÃ  cá»§a Äáº¡i HÃ n dÃ¢n quá»‘c xÆ°a Ä‘Æ°á»£c sá»­ dá»¥ng lÃ m báº£o tÃ ng...Khu nhÃ  cÃ³ 5 phÃ²ng, má»—i phÃ²ng   theo chá»§ Ä‘á» vá» vÄƒn hoÃ¡, lá»‹ch sá»­, nghá»‡ thuáº­t vá»›i hiá»‡n váº­t phong phÃº nÃªu báº­t vá» vÄƒn hoÃ¡ Sa Huá»³nh, Cham Pa, vÃµ BÃ¬nh Äá»‹nh cÅ©ng nhÆ° tinh tháº§n kiÃªn cÆ°á»ng cá»§a ngÆ°á»i dÃ¢n trong viá»‡c báº£o vá»‡ Ä‘áº¥t nÆ°á»›c...VÃ© tham quan 10k/ ngÆ°á»i lá»›n. HÆ°á»›ng dáº«n viÃªn hÃ´m nhÃ  mÃ¬nh Ä‘áº¿n Ä‘i váº¯ng. Báº¡n CÃºc nhÃ¢n viÃªn báº£o tÃ ng Ä‘Ã£ ráº¥t nhiá»‡t tÃ¬nh hÆ°á»›ng dáº«n, giá»›i thiá»‡u chi tiáº¿t, cáº£m Æ¡n báº¡n ráº¥t ráº¥t nhiá»u, bá»n tráº» nhÃ  mÃ¬nh nhÆ° Ä‘Æ°á»£c tráº£i qua lá»‹ch sá»­ thá»±c táº¿ sinh Ä‘á»™ng báº±ng hÆ°á»›ng dáº«n tháº¥u hiá»ƒu cá»§a báº¡n vÃ  hiá»‡n váº­t nÆ¡i Ä‘Ã¢y."
"Äá»i sá»‘ng vÄƒn hoÃ¡ cá»§a ngÆ°á»i dÃ¢n BÃ¬nh Äá»‹nh ráº¥t phong phÃº vÃ  mÃ u sáº¯c, cÃ³ ráº¥t nhiá»u cháº¥t liá»‡u Ä‘á»ƒ khai thÃ¡c. Tiáº¿c lÃ  báº£o tÃ ng quÃ¡ nhÃ m chÃ¡n khÃ´ng phÃ¡t huy háº¿t Ä‘Æ°á»£c cháº¥t liá»‡u vÄƒn hoÃ¡ cá»§a BÃ¬nh Äá»‹nh."
Báº£o tÃ ng hÆ¡i váº¯ng khÃ¡ch. NhÆ°ng ai thÃ­ch tÃ¬m hiá»ƒu thÃ¬ bthg. 10k 1 vÃ© 1 ngÆ°á»i.
"Báº£o tÃ ng nhá», Ã­t ngÆ°á»i ghÃ© thÄƒm, náº¿u Ä‘i láº» sáº½ ko cÃ³ ngÆ°á»i thuyáº¿t minh, tuy nhiÃªn lÆ°u trá»¯ khÃ¡ nhiá»u Ä‘á»“ váº­t lá»‹ch sá»­ cá»§a tá»‰nh BÃ¬nh Äá»‹nh, hy vá»ng sáº¯p tá»›i tá»‰nh BÃ¬nh Äá»‹nh sáº½ cÃ³ sá»± Ä‘áº§u tÆ° nháº±m thu hÃºt du khÃ¡ch, nhá»¯ng ng cÃ³ nhu cáº§u muá»‘n tÃ¬m hiá»ƒu vá» lá»‹ch sá»­ vÃ¹ng Ä‘áº¥t vÃ  con ngÆ°á»i bÃ¬nh Ä‘á»‹nh"
Ná»›i mÃ  báº¡n cÃ³ thá»ƒ tÃ¬m hiá»ƒu vá» lá»‹ch sá»­ cá»§a BÃ¬nh Äá»‹nh vá»›i nhiá»u hiá»‡n váº­t cá»• giÃ¡ trá»‹.
"Báº£o tÃ ng trung tÃ¢m thÃ nh phá»‘ nhÆ°ng cÃ³ váº» Ã­t ngÆ°á»i Ä‘áº¿n! VÃ© 5k/ ngÆ°á»i! Gá»“m 2 táº§ng thÄƒm quan! CÃ¡c trÆ°ng bÃ y giÃºp khÃ¡ch hiá»ƒu Ä‘c Quang Trung- Nguyá»…n Huá»‡, hiá»ƒu BÃ¬nh Äá»‹nh! Trong báº£o tÃ ng cÃ³ 1 phÃ²ng má»›i vá»›i sá»± há»£p tÃ¡c vá»›i Viá»‡n nghiÃªn cá»©u kinh thÃ nh trÃ´ng cÃ²n hiá»‡n Ä‘áº¡i! Má»i thá»© khÃ¡c bÃ¬nh thÆ°á»ng"
Thá»© Hai khÃ´ng má»Ÿ cá»­a. KhuÃ´n viÃªn nhá» dÃ¹ng Ä‘á»ƒ bÃ¡n cafe
"Báº£o tÃ ng khÃ¡ nhá», nhÆ°ng cÃ³ má»™t sá»‘ lÆ°á»£ng cá»• váº­t Champa tháº¿ ká»· XII, Ä‘á»“ gá»‘m tháº¿ ká»· XIV-XV  tuyá»‡t vá»i. NhÆ°ng há» Ä‘Ã³ng cá»­a vÃ o buá»•i trÆ°a lÃºc 11h vÃ  yÃªu cáº§u khÃ¡ch pháº£i ra ngoÃ i."
"Báº£o tÃ ng Tá»•ng há»£p BÃ¬nh Äá»‹nh tá»a láº¡c trong Trung tÃ¢m thÃ nh phá»‘ Quy NhÆ¡n, táº¡i sá»‘ 26 Nguyá»…n Huá»‡. NÆ¡i Ä‘Ã¢y trÆ°ng bÃ y trÃªn 1.000 tÃ i liá»‡u, hiá»‡n váº­t Ä‘em Ä‘áº¿n cho du khÃ¡ch cÃ¡i nhÃ¬n vá»«a khÃ¡i quÃ¡t, vá»«a cá»¥ thá»ƒ vá» Ä‘áº¥t nÆ°á»›c, con ngÆ°á»i BÃ¬nh Äá»‹nh qua cÃ¡c thá»i ká»³ lá»‹ch sá»­. Äáº·c biá»‡t, vá»›i hÃ ng trÄƒm hiá»‡n váº­t vá» ná»n vÄƒn hÃ³a ChÄƒmpa Ä‘á»™c Ä‘Ã¡o Ä‘ang Ä‘Æ°á»£c lÆ°u giá»¯ táº¡i Ä‘Ã¢y, Báº£o tÃ ng Ä‘Æ°á»£c cho lÃ  nÆ¡i trÆ°ng bÃ y, lÆ°u giá»¯ nhiá»u hiá»‡n váº­t ChÄƒmpa nháº¥t nhÃ¬ nÆ°á»›c ta, trong Ä‘Ã³ cÃ³ táº¥m vÄƒn bia kháº¯c trÃªn Ä‘Ã¡ Ä‘áº§y bÃ­ áº©n mÃ  nhiá»u nhÃ  nghiÃªn cá»©u váº«n chÆ°a tÃ¬m ra lá»i giáº£i Ä‘Ã¡p hoÃ n chá»‰nh..Báº£o tÃ ng Ä‘Æ°á»£c xÃ¢y dá»±ng tá»« nÄƒm 1980, vá»›i diá»‡n tÃ­ch 3.960m2 Ä‘Æ°á»£c phÃ¢n lÃ m 3 khu chÃ­nh: khu trÆ°ng bÃ y cÃ³ diá»‡n tÃ­ch 2.000 m2, khá»‘i hÃ nh chÃ­nh vÃ  khá»‘i lÆ°u niá»‡m. Khu trá»«ng bÃ y trong nhÃ  gá»“m 5 gian vá»›i 5 chá»§ Ä‘á» chÃ­nh: phÃ²ng ""Äáº¥t nÆ°á»›c con ngÆ°á»i"" vá»›i 241 hiá»‡n váº­t, phÃ²ng ""khÃ¡ng chiáº¿n chá»‘ng PhÃ¡p"" vá»›i 122 hiá»‡n váº­t, phÃ²ng ""khÃ¡ng chiáº¿n chá»‘ng Má»¹"" vá»›i 233 hiá»‡n váº­t, phÃ²ng ""vÄƒn hÃ³a ChÄƒm"" 173 hiá»‡n váº­t, phÃ²ng ""BÃ¡c Há»“ vá»›i BÃ¬nh Äá»‹nh - BÃ¬nh Äá»‹nh vá»›i BÃ¡c Há»“"" 185 hiá»‡n váº­t...NgoÃ i cÃ¡c gian trÆ°ng bÃ y trong nhÃ , cÃ¡c hiá»‡n váº­t trÆ°ng bÃ y bÃªn ngoÃ i khuÃ´n viÃªn, sÃ¢n vÆ°á»n Ä‘Ã£ táº¡o nÃªn Ä‘iá»ƒm áº¥n tÆ°á»£ng vÃ  thu hÃºt khi du khÃ¡ch tham quan Báº£o tÃ ng Tá»•ng há»£p. Vá»›i lá»‘i thiáº¿t káº¿ khÃ´ng gian má»Ÿ, khÃ´ng Ä‘i vÃ o cÃ¡c chá»§ Ä‘á» hay hiá»‡n váº­t cá»¥ thá»ƒ, rÃµ rÃ ng mÃ  chá»‰ lÃ  nhá»¯ng máº£ng Ä‘iá»ƒm gá»£i Ã½ vá» cÃ¡c loáº¡i hÃ¬nh kiáº¿n trÃºc, Ä‘iÃªu kháº¯c má»¹ thuáº­t cá»§a BÃ¬nh Äá»‹nh tiÃªu biá»ƒu nhÆ° cÃ¡c tÃ¡c pháº©m vá» Ä‘iÃªu kháº¯c ChÄƒmpa lá»›n, tÆ°á»£ng danh nhÃ¢n BÃ¬nh Äá»‹nh, tÆ°á»£ng má»¹ thuáº­t hiá»‡n Ä‘áº¡i, cÃ¡c trÃ² chÆ¡i dÃ¢n gian, lÃ ng nghá» truyá»n thá»‘ng, tÃ­n ngÆ°á»¡ng cá»• truyá»nâ€¦ sáº½ giÃºp du khÃ¡ch cÃ³ nhá»¯ng cÃ¡i nhÃ¬n tá»•ng quan vá» vÄƒn hÃ³a BÃ¬nh Äá»‹nh."
"Bá» tÃ ng ngoÃ i má»™t sá»‘ cá»• váº­t giÃ¡ trá»‹ cÃ²n láº¡i khÃ´ng cÃ³ gÃ¬ ná»•i báº­t, vá»‹ trÃ­ khÃ¡ Ä‘áº¹p thÃ­ch há»£p cho kinh doanh khÃ¡ch sáº¡n du lá»‹ch, mÃ¬nh nghÄ© nÃªn quy hoáº¡ch láº¡i Ä‘á»ƒ lÃ m kinh táº¿. Äá»ƒ nhÆ° tháº¿ nÃ y quÃ¡ uá»•ng."
Báº£o tÃ ng cÃ³ nhiá»u hiá»‡n váº­t. LÆ°u Ã½ báº£o tÃ ng Ä‘Ã³ng cá»­a vÃ o thá»© 2 hÃ ng tuáº§n Ä‘á»ƒ vá»‡ sinh vÃ  báº£o quáº£n hiá»‡n váº­t.
HÃ´m mÃ¬nh Ä‘áº¿n ko cÃ³ má»Ÿ cá»­a nháº­n khÃ¡ch nÃªn ko biáº¿t tháº¿ nÃ o..VÃ o chá»¥p Ä‘á»Ÿ táº¥m áº£nh
"BÃ o tÃ ng á»Ÿ vá»‹ trÃ­ Ä‘áº¹p, trÆ°ng bÃ y nháº¥n vÃ o Ä‘áº·c trÆ°ng vÄƒn hÃ³a Champa trÃªn Ä‘áº¥t BÃ¬nh Äá»‹nh. Báº£o tÃ ng BÃ¬nh Äá»‹nh lÃ  nÆ¡i lÆ°u giá»¯ nhiá»u trá»‘ng Ä‘á»“ng ÄÃ´ng SÆ¡n Ä‘Æ°á»£c phÃ¡t hiá»‡n trong toÃ n tá»‰nh."
CÃ¡c hiá»‡n váº­t chá»§ yáº¿u vá» ngÆ°á»i ChÄƒm vÃ  1 pháº§n cá»§a chiáº¿n tranh Viá»‡t Nam. Tuy nhiÃªn quy mÃ´ báº£o tÃ ng ko lá»›n vÃ  khÃ´ng cÃ³ nhiá»u hiá»‡n váº­t.
"Nhiá»u hiá»‡n váº­t lá»‹ch sá»­, bá»‘ trÃ­ há»£p lÃ½. Há»£p lÃ½ khi tham quan. GiÃ¡ vÃ© 10.000Ä‘ 1 lÆ°á»£t"
"VÃ© vÃ o 20k. Ráº¥t nhiá»u cá»• váº­t, lÃ  nÆ¡i nÃªn Ä‘áº¿n khi ghÃ© thÄƒm Quy NhÆ¡n thÃ nh phá»‘ biá»ƒn"
"Báº£o tÃ ng khÃ¡ nhá», Ã­t cÃ³ cÃ¡c hoáº¡t Ä‘á»™ng. Sá»‘ lÆ°á»£ng Ä‘á»“ cá»• cÃ²n khÃ¡ Ã­t. ChÆ°a cÃ³ thu hÃºt Ä‘Æ°á»£c dÃ¢n Ä‘á»‹a phÆ°Æ¡ng"
má»™t bÃ£i tÃ ng cho ta nhá»› vá» Ã´ng cha ta Ä‘á»ƒ hi xinh báº£o vá»‡ tá»• Quá»‘c
Bao nay váº«n váº­y Ä‘Ã³ng cá»­a nÄƒm nÃ y qua nÄƒm khÃ¡c. KhÃ´ng cÃ³ sá»©c hÃºt Ä‘á»ƒ thu ngÆ°á»i dÃ¢n Ä‘Ã©n tham quan.
"Hiá»‡n váº­t tÆ°Æ¡ng Ä‘á»‘i Ã­t, chá»§ yáº¿u Champa. NhÆ°ng cÅ©ng Ä‘Ã¡ng Ä‘á»ƒ thÄƒm quan"
"GiÃ¡ vÃ© vÃ o cá»­a ráº», báº£o tÃ ng cÃ³ nhiá»u thÃ´ng tin bá»• Ã­ch"
"Wow, vÃ o Ä‘Ã¢y tÃ´i cÃ³ thá»ƒ thu tháº­p thÃªm kiáº¿n thá»©c"
"Cá»• kÃ­nh, Ä‘áº¹p, lÃ  nÆ¡i thÄƒm quan tuyá»‡t vá»i cho ngÆ°á»i yÃªu thÃ­ch lá»‹ch sá»­"
"Nhiá»u hiá»‡n váº­t quÃ½ bá»‹ xáº¿p ngoÃ i hiÃªn, may mÃ  báº±ng Ä‘Ã¡."
"Ráº¥t nhiá»u hiá»‡n váº­t, Ä‘áº·c biá»‡t liÃªn quan Ä‘áº¿n thÃ¡p ChÄƒm"
"ÄÃ³ng cá»­a nghá»‰ lá»… ko vÃ o Ä‘c, uá»‘ng cafe trong sÃ¢n"
"Má»™t tráº£i nghiá»‡m thÃº vá»‹ vÃ  Ä‘Ã¡ng nhá»›. GhÃ© qua láº§n 1 khÃ´ng Ä‘Æ°á»£c vÃ o nÃªn Ä‘Ã nh qua khu ICISE tham quan. Do quÃ¡ Ä‘am mÃª khoa há»c vÃ  nghiÃªn cá»©u, muá»‘n tham quan nÆ¡i nÃ y quÃ¡ mÃ  Ä‘Ã£ quyáº¿t Ä‘á»‹nh há»“i vÃ© mÃ¡y bay á»Ÿ láº¡i thÃªm 1 ngÃ y Ä‘á»ƒ quay láº¡i láº§n 2 xong Ä‘áº¿n váº«n khÃ´ng cho vÃ o. Pháº£i nÄƒn nÄ© dá»¯ láº¯m chÃº bv má»›i giÃºp vÃ o há»i quáº£n lÃ½ á»Ÿ trong vÃ  cho nháº­p Ä‘oÃ n Ä‘á»ƒ tham quan vÃ  tráº£i nghiá»‡m. Cáº£m Æ¡n sá»± nhiá»‡t tÃ¬nh giÃºp Ä‘á»¡ cá»§a chÃº bv vÃ  Ban QL. CÃ³ dá»‹p sáº½ quay láº¡i láº§n ná»¯a. VÃ¬ nghe nÃ³i sáº½ trang bá»‹ thÃªm nhiá»u thá»© má»›i láº¡ ná»¯a."
"KhÃ´ng chá»‰ tráº» em thÃ­ch, mÃ  ngÆ°á»i lá»›n cháº¯c cháº¯n cÅ©ng mÃª:.+ KhÃ´ng gian thoÃ¡ng mÃ¡t, trong lÃ nh..+ Video 3D sá»‘ng Ä‘á»™ng..+ Nhiá»u trÃ² chÆ¡i háº¥p dáº«n, thá»­ thÃ¡ch trÃ­ tuá»‡..+ Lá»‹ch sá»­ hÃ¬nh thÃ nh vÃ  lá»‹ch sá»­ cá»§a cÃ¡c khÃ¡m phÃ¡ KhÃ´ng gian."
"má»™t Ä‘á»‹a Ä‘iá»ƒm nÃªn cho tráº» con Ä‘i tráº£i nghiá»‡m khi Ä‘áº¿n quy nhÆ¡n !  ráº¥t nh thá»© cÃ¡c bÃ© cÃ³ thá»ƒ tÃ¬m hiá»ƒu há»c há»i, cÃ³ cáº£ phÃ²ng chiáº¿u phim vÃ  biá»ƒu diá»…n cÃ¡c show váº­t lÃ½ trá»±c tiáº¿p. tuy nhiÃªn chá»‰ nháº­n khÃ¡ch láº» vÃ  thá»© 3 nÃªn má»i ng cÃ¢n nháº¯c Ä‘i sá»›m Ä‘á»ƒ xáº¿p hÃ ng."
"Thá»© 3: Ä‘Æ°á»£c Ä‘i cÃ¡ nhÃ¢n.Thá»© 2 - thá»© 6: chá»‰ cho Ä‘i theo Ä‘oÃ n Ä‘Ã£ Ä‘Äƒng kÃ½ trÆ°á»›c..ÄÃ¡ng Ä‘i Ä‘á»ƒ tráº£i nghiá»‡m, ráº¥t Ä‘áº¹p vÃ  thÃº vá»‹ . DÃ¹ cÃ³ 30t mÃ  báº¡n Ä‘i thÃ¬ cÅ©ng sáº½ wao vÃ¬ cÃ³ ráº¥t nhiá»u kiáº¿n thá»©c thÃº vá»‹. CÅ©ng nhÆ° cÃ³ ráº¥t nhiá»u chá»— Ä‘á»ƒ sá»‘ng áº£o."
"Phá»• thÃ´ng cao Ä‘áº³ng FPT Polytechnic BÃ¬nh Äá»‹nh  Ä‘Ã£ cÃ¹ng cÃ¡c báº¡n sinh viÃªn Ä‘áº¿n tham quan. LÃ  má»™t nÆ¡i Ä‘áº¿n tuyá»‡t vá»i, nhiá»u Ä‘iá»u bá»• Ã­ch, cÃ³ nhá»¯ng troc chÆ¡i vui váº», má»i thá»© Ä‘á»u Ä‘áº¹p lung linh"
"Ráº¥t Ä‘Ã¡ng cho tráº» con Ä‘i nhÃ©. Dá»‹p T8/2022 thÃ¬ báº£o tÃ ng chá»‰ má»Ÿ cá»­a tá»± do cho khÃ¡ch láº» vÃ o thá»© ba, khÃ¡ch Ä‘oÃ n Ä‘Äƒng kÃ½ trÆ°á»›c lÃ  thá»© 4 vÃ  6. Báº¡n nÃªn vÃ o website cá»§a báº£o tÃ ng Ä‘á»ƒ xem lá»‹ch má»Ÿ cá»­a trÆ°á»›c khi tá»›i."
Tháº­t sá»± ráº¥t cuá»‘nnnn. Sáº½ tháº­t Ä‘Ã¡ng tiáº¿c náº¿u k Ä‘i. Tráº£i nghiá»‡m cá»§a mÃ¬nh táº¡i Ä‘Ã¢y ráº¥t tuyá»‡t vá»i
Ráº¥t há»¯u Ã­ch cho cÃ¡c con. NÆ¡i Ä‘áº¿n ráº¥t tuyá»‡t vá»i. NÃªn Ä‘áº¿n 1 láº§n
"KhÃ¡ Ä‘áº¹p , áº¥n tÆ°á»£ng nhÆ°ng thá»§ tá»¥c vÃ o cá»•ng rÆ°á»m rÃ  phá»©c táº¡p. Chá»‰ cho khÃ¡ch láº» vÃ o 1 ngÃ y thá»© 3 duy nháº¥t."
"Má»™t tá»• há»£p khoa há»c, nÆ¡i tá»• chá»©c há»™i tháº£o khoa há»c thu hÃºt nhÃ¢n tÃ i tháº¿ giá»›i"
"Chia sáº» Kinh nghiá»‡m book tour tham quan TT KhÃ¡m phÃ¡ Khoa há»c Quy NhÆ¡n:.Khoa há»c Ä‘Ã³ má»Ÿ cá»­a thá»© 3 cho khÃ¡ch láº», khÃ¡ch Ä‘oÃ n cÃ¡c buá»•i cÃ²n láº¡i. SÃ¡ng 30/7 rá»“i Ä‘oÃ n mÃ¬nh Ä‘i (8 ngÆ°á»i lá»›n+11 tráº» em), cÃ³ háº¹n trÆ°á»›c, cÅ©ng gá»i 4,5 láº§n má»›i Ä‘Æ°á»£c. Chi phÃ­ á»§ng há»™ trung tÃ¢m lÃ  2 triá»‡u, há» cÃ³ bÃ¡o trÆ°á»›c khi Ä‘Äƒng kÃ½ qua Ä‘iá»‡n thoáº¡i. HÃ´m Ä‘Ã³ Ä‘oÃ n mÃ¬nh Ä‘áº¿n cÃ³ máº¥y báº¡n Ä‘i láº» thÃ¬ cÅ©ng ghÃ©p Ä‘Æ°á»£c, vÃ¬ mÃ¬nh Ä‘Äƒng kÃ½ lÃ  30 ngÆ°á»i(theo con sá»‘ tá»‘i thiá»ƒu trÃªn web). CÅ©ng cÃ³ dá»‹ch vá»¥ tá»• chá»©c Ä‘i, chi phÃ­ 150k/ngÆ°á»i vá»›i Ä‘oÃ n khoáº£ng 20 ngÆ°á»i."
"Miá»…n phÃ­,hÆ¡i Ä‘Ã´ng nhÆ°ng thÃº vá»‹,Ä‘Ã¡ng tráº£i nghiá»‡m,nhÆ°ng chá» vÃ o cá»•ng hÆ¡i lÃ¢u"
"Thá»i gian cho khÃ¡ch tham quan ráº¥t háº¡n cháº¿, khÃ¡ch láº» dÆ°á»›i 10 ngÆ°á»i chá»‰ Ä‘Æ°á»£c tham quan vÃ o thá»© 3 ...Thá»i gian tham quan: buá»•i sÃ¡ng tá»« 8h Ä‘áº¿n 11h, buá»•i chiá»u tá»« 14h30 Ä‘áº¿n 17h...KhÃ¡ch du lá»‹ch láº» sáº½ khÃ³ Ä‘á»ƒ vÃ o tham quan khi ngÃ y lÆ°u trÃº ko cÃ¹ng vá»›i ngÃ y má»Ÿ cá»­a cho khÃ¡ch láº»...Trung tÃ¢m nÃªn Ä‘á»•i láº¡i lá»‹ch tham quan cho táº¥t cáº£ má»i ngÆ°á»i cÃ³ thá»ƒ Ä‘áº¿n nhÆ° nhau Ä‘á»ƒ khÃ¡ch khÃ´ng cáº£m tháº¥y bá»‹ phÃ¢n biá»‡t Ä‘á»‘i xá»­."
"Thá»i Ä‘áº¡i 4.0, Trung tÃ¢m nÃªn Ã¡p dá»¥ng cÃ´ng nghá»‡ vÃ o viá»‡c Ä‘Äƒng kÃ½ khi khÃ¡ch vÃ o, giáº£m thá»i gian ghi chÃ©p khÃ¢u Ä‘áº§u vÃ o, gÃ¢y Ã¹n táº¯c Ä‘áº§u giá» má»Ÿ cá»­a. Chá»‰ ghi vá»›i nhÆ°ng ngÆ°á»i k tiáº¿p cáº­n dc cÃ´ng nghá»‡. Má»™t sá»‘ thiáº¿t bá»‹, mÃ´ hÃ¬nh bá»‹ há»ng cáº§n Ä‘Æ°á»£c sá»­a ngay."
"Äáº¿n nÆ¡i báº£o vá»‡ Ä‘Ã²i tiá»n tip, khÃ´ng bÃ¡n vÃ© khÃ¡ch láº», khÃ´ng cá»¥ thá»ƒ trong viá»‡c bÃ¡n vÃ©, khÃ´ng cÃ³ chá»— Ä‘áº­u xe. KhÃ¡ch láº» báº¯t pháº£i ghÃ©p tour vá»›i khÃ¡ch Ä‘oÃ n náº¿u Báº£o vá»‡ liÃªn há»‡ ghÃ©p tour. Tráº£i nghiá»‡m ráº¥t tá»‡, báº¯t xe lÃªn vÃ  vá» khÃ´ng Ä‘Æ°á»£c gÃ¬. T"
"Gia Ä‘Ã¬nh Ä‘i thÃ¬ Ä‘Äƒng kÃ­ vá»›i sdt nÃ y. Tham quan vÃ o thá»© 4 vÃ  Chá»§ Nháº­t giá» hÃ nh chÃ­nh. Gá»i sdt nÃ y Ä‘á»ƒ Ä‘Äƒng kÃ­ trc, bÃ¡c báº£o vá»‡ nÃ³i tháº¿ áº¥y"
"Má»™t Ä‘á»‹a Ä‘iá»ƒm má»›i cho cÃ¡c báº¡n tráº» vÃ  gia Ä‘Ã¬nh tham quan khÃ¡m phÃ¡ khi Ä‘áº¿n Qui NhÆ¡n, Ä‘ang hoÃ n thiá»‡n. Mong ráº±ng ná»™i dung ngÃ y cÃ ng phong phÃº hÆ¡n Ä‘á»ƒ kÃ­ch thÃ­ch tinh tháº§n há»c há»i cá»§a cÃ¡c báº¡n nhá» !"
"Cá»±c kÃ¬ thÃº vá»‹ cho báº¡n nÃ o thÃ­ch tráº£i nghiá»‡m Ä‘áº·c biá»‡t lÃ  máº¥y bÃ©, ngoÃ i ra cáº£nh check in cÅ©ng ráº¥t okie, Ä‘ang trong thá»­ nghiá»‡m nÃªn hÃ¬nh nhÆ° khÃ´ng thu vÃ©"
VÃ´ cÃ¹ng áº¥n tÆ°á»£ng vá»›i nÆ¡i Ä‘Ã¢y. Ráº¥t phÃ¹ há»£p vá»›i cÃ¡c báº¡n cáº¥p 2. CÃ³ Ä‘iá»u hiá»‡n chÆ°a hoÃ n thiá»‡n nÃªn má»Ÿ cá»­a váº«n háº¡n cháº¿. T3 cÃ³ má»Ÿ tá»± do nhÆ°ng Ä‘Ã³ng vÃ i khu tráº£i nghiá»‡m. CÃ¡c ngÃ y khÃ¡c Ä‘i theo Ä‘oÃ n pháº£i Ä‘Äƒng kÃ½ trÆ°á»›c.
"MÃ´ hÃ¬nh hay, phÃ¹ há»£p tráº£i nghiá»‡m kiáº¿n thá»©c cho tráº» em"
"NÃªn Ä‘i vÃ o má»—i thá»© 3 hÃ ng tuáº§n vÃ¬ Ä‘Ã¢y lÃ  ngÃ y cho phÃ©p vÃ o khi Ä‘i tÆ° nhÃ¢n hoáº·c gia Ä‘Ã¬nh..!!.CÃ³ nhiá»u Ä‘iá»u thÃº vá»‹ , khÃ¡m phÃ¡ vá» khoa há»c tuyá»‡t vá»i ..!"
K cÃ³ bÃ£i Ä‘áº­u xe. GÃ¢y Ã¡ch táº¯t giao. Trung tÃ¢m báº£o tá»± kiáº¿m chá»— Ä‘áº­u. Trong khi bÃªn trong xÃ¢n thÃ¬ rá»™ng rÃ£i mÃ  k cho vÃ o.
Vui xá»‹n nhÆ°ng cáº§n Ä‘i theo Ä‘oÃ n Ä‘á»ƒ vÃ o. KhÃ¡ch láº» 1 tuáº§n chá»‰ cÃ³ 4 tiáº¿ng tham quan theo lá»‹ch. Cáº§n Ä‘k lá»‹ch tá»« trÆ°á»›c
"Ráº¥t Ä‘áº¹p, nÆ¡i Ä‘á»ƒ cÃ¡c em tham quan há»c há»i, khÃ¡m phÃ¡, nÆ¡i hÃ¬nh thÃ nh Ã½ tÆ°á»Ÿng vÃ  nguyÃªn cá»©u tÆ°Æ¡ng lai."
"Thuyáº¿t minh nhiá»‡t tÃ¬nh, khÃ´ng gian bÃªn trong quÃ¡ hay xuáº¥t sáº¯c vÃ  bá»• Ã­ch cho thiáº¿u nhi. Tuy nhiÃªn Ä‘áº·t vÃ© khÃ´ng dá»… láº¯m."
"á» Ä‘Ã¢y pháº£i gá»i Ä‘iá»‡n thoáº¡i Ä‘áº·t trÆ°á»›c, Ä‘i theo Ä‘oÃ n thÃ¬ má»›i Ä‘Æ°á»£c vÃ o. Náº¿u Ä‘i riÃªng láº» mÃ  khÃ´ng bÃ¡o trÆ°á»›c sáº½ khÃ´ng Ä‘Æ°á»£c vÃ o..BÃ¡c báº£o vá»‡ ráº¥t thÃ¢n thiá»‡n. BÃ¡c nháº¹ nhÃ ng tráº£ lá»i táº¥t cáº£ cÃ¡c cÃ¢u há»i cá»§a mÃ¬nh..KhuÃ´n viÃªn rá»™ng vÃ  Ä‘áº¹p."
"CÃ³ ráº¥t nhiá»u mÃ´ hÃ¬nh tÃ¬m hiá»ƒu vá» khoa há»c, thÃ­ch há»£p cho tráº» tá»« 6 tuá»•i trá»Ÿ lÃªn."
"Ráº¥t Ä‘Ã¡ng tham quan. CÃ¡c mÃ´ hÃ¬nh khoa há»c ráº¥t thÃº vá»‹, trá»±c quan, phÃ¹ há»£p cho cáº£ ngÆ°á»i lá»›n vÃ  tráº» em. Anh chá»‹ hÆ°á»›ng dáº«n nhiá»‡t tÃ¬nh, vui váº»...Má»i ngÆ°á»i gá»i Ä‘iá»‡n trÆ°á»›c Ä‘á»ƒ Ä‘áº·t/há»i lá»‹ch nhÃ©."
"Tá»• há»£p KhÃ´ng gian Khoa há»c sáº½ lÃ  má»™t khÃ´ng gian khÃ¡m phÃ¡ khoa há»c cho tráº» em vÃ  cÃ´ng chÃºng,"
QuÃ¡ tuyá»‡t vá»i khi Ä‘áº¿n Ä‘Ã¢y. NÄƒm 2020 khi cÃ¡c háº¡ng má»¥c hoÃ n thÃ nh thÃ¬ Ä‘Ã¢y lÃ  Ä‘iá»ƒm Ä‘áº¿n thÃº vá»‹ cho nhá»¯ng ngÆ°á»i Ä‘am mÃª khoa há»c vÃ  tráº£i nghiá»‡m vá» thá»±c táº¿ vÅ© trá»¥
PhÃ¹ há»£p vá»›i nhá»¯ng ngÆ°á»i Ä‘am mÃª khoa há»c hoáº·c gia Ä‘Ã¬nh cÃ³ tráº» trong Ä‘á»™ tuá»•i 7-15 Ä‘á»ƒ tráº» cÃ³ thá»ƒ tráº£i nghiá»‡m nhá»¯ng khÃ¡m phÃ¡ khoa há»c.Trung tÃ¢m váº«n Ä‘ang tiáº¿p tá»¥c Ä‘Æ°á»£c hoÃ n thiá»‡n
KhÃ¡ lÃ  thÃº vá»‹ phÃ¹ há»£p vá»›i nhiá»u e nhá» Ä‘á»ƒ tÃ¬m hiá»ƒu kiáº¿n thá»©c khoa há»c
KhÃ¡ nhiá»u mÃ´ hÃ¬nh vÃ  thÃ­ nghiá»‡m khoa há»c. Ná»™i dung chiáº¿u trong ráº¡p cÃ²n hÆ¡i sÆ¡ sÃ i
"Náº±m lá»t thá»m giá»¯a khu Ghá»nh RÃ¡ng- Qui HoÃ  ráº¥t yÃªn tá»‰nh, mÃ¡t máº»."
"Ä‘áº¹p ,phá»¥c vá»¥ chu Ä‘Ã¡o ,miá»…n phÃ­ vÃ© vÃ o cá»•ng"
NÆ¡i tráº£i nghiá»‡m cho nhá»¯ng ai ham muá»‘n khoa há»c cÃ´ng nghá»‡.
"ChÆ°a má»Ÿ cá»­a rá»™ng rÃ£i, khuÃ´n viÃªn rá»™ng vÃ  váº¯ng"
Má»™t nÆ¡i tuyá»‡t vá»i Ä‘á»ƒ tráº£i nghiá»‡m cÃ¡c trÃ² chÆ¡i khoa há»c
TÃ´i Ä‘Ã£ Ä‘áº¿n vÃ  Ä‘Ã¢y ngáº¡c nhiÃªn vá»›i Ã½ tÆ°á»Ÿng vÃ  thá»±c hiá»‡n chÆ°Æ¡ng trÃ¬nh táº¡i Ä‘Ã¢y.
QuÃ¡ tá»‘t cho cÃ¡c nguyÃªn cá»©u viÃªn Ä‘á»ƒ phÃ¡t triá»ƒn nghÃ nh khoa há»c cho Ä‘á»‹a phÆ°Æ¡ng nÆ¡i lÃ m viá»‡c cÅ©ng nhÆ° cho Ä‘áº¥t nÆ°á»›c.
"Trung tÃ¢m ko cho ngÆ°á»i ngoÃ i vÃ o, quÃ¡ vÃ´ lÃ½"
"Tá»• há»£p khÃ´ng gian khoa há»c - ExploraScience Quy NhÆ¡n, NhaÌ€ mÃ´ hiÌ€nh vuÌƒ truÌ£ vaÌ€ BaÌ‰o taÌ€ng khoa hoÌ£c Ä‘Æ°Æ¡Ì£c xÃ¢y dÆ°Ì£ng taÌ£i thung luÌƒng Quy HoÌ€a, khÃ¡nh thÃ nh vÃ o ngÃ y 29-4-2022..Tá»• há»£p khÃ´ng gian khoa há»c Ä‘Æ°Æ¡Ì£c triÃªÌ‰n khai trÃªn diÃªÌ£n tiÌch hÆ¡n 7.200 m2, do 2 kiáº¿n trÃºc sÆ° Jean-Francois Milou vÃ  Nguyá»…n ThÃ nh Trung thiÃªÌt kÃªÌ vÆ¡Ìi kiáº¿n trÃºc Ä‘á»™c Ä‘Ã¡o dá»±a trÃªn hÃ¬nh thá»©c elip cá»§a cÃ¡c hÃ nh tinh. TÃ´Ì‰ hÆ¡Ì£p nÄƒÌ€m gÃ¢Ì€n vÆ¡Ìi Trung tÃ¢m QuÃ´Ìc tÃªÌ khoa hoÌ£c vaÌ€ giaÌo duÌ£c liÃªn ngaÌ€nh (ICISE) cuÌ‰a GS TrÃ¢Ì€n Thanh VÃ¢n taÌ£i thung luÌƒng Quy HoÌ€a...NÃ´Ì‰i bÃ¢Ì£t trong tÃ´Ì‰ hÆ¡Ì£p laÌ€ NhÃ  chiáº¿u hÃ¬nh vÅ© trá»¥ vá»›i mÃ n hÃ¬nh vÃ²m bÃ¡n cáº§u Ä‘Æ°á»ng kÃ­nh 12m, khÃ¡n phÃ²ng 80 chá»— ngá»“i, Æ°Ìng duÌ£ng cÃ´ng nghá»‡ trÃ¬nh chiáº¿u vÃ  mÃ´ phá»ng má»›i nháº¥t, giÃºp ngÆ°á»i xem khÃ¡m phÃ¡ nhá»¯ng hÃ¬nh áº£nh tuyá»‡t Ä‘áº¹p cá»§a vÅ© trá»¥, giáº£i thÃ­ch cÃ¡c váº¥n Ä‘á» liÃªn quan Ä‘áº¿n thiÃªn vÄƒn há»c vÃ  cÃ¡c hiá»‡n tÆ°á»£ng thiÃªn nhiÃªn, mang Ä‘áº¿n cho khÃ¡n giáº£ nhá»¯ng tráº£i nghiá»‡m chÃ¢n thá»±c...Khu KhÃ¡m phÃ¡ khoa há»c gá»“m 7 phÃ²ng trÆ°ng bÃ y, phá»• biáº¿n khoa há»c phá»• thÃ´ng Ä‘ÃªÌ‰ cÃ´ng chÃºng nhiá»u lá»©a tuá»•i tiáº¿p cáº­n, thá»±c hÃ nh, tráº£i nghiá»‡m, tÆ°Æ¡ng tÃ¡c vá»›i cÃ¡c mÃ´ hÃ¬nh khoa há»c, cÃ¡c thiáº¿t bá»‹ cÃ´ng nghá»‡ tiÃªn tiáº¿n, khÃ¡m phÃ¡ nhá»¯ng kiáº¿n thá»©c khoa há»c lÃ½ thÃº Ä‘Æ°á»£c diá»…n giáº£i theo nhá»¯ng cÃ¡ch Ä‘Æ¡n giáº£n nháº¥t vá»›i phÆ°Æ¡ng chÃ¢m ""chÆ¡i mÃ  há»c, há»c báº±ng chÆ¡i"", khÆ¡i gá»£i vÃ  khÃ­ch lá»‡ niá»m Ä‘am mÃª khoa há»c...""Äáº·c biá»‡t, hÆ°á»›ng Ä‘áº¿n viá»‡c trá»Ÿ thÃ nh mÃ´ hÃ¬nh Ä‘á»™c Ä‘Ã¡o cá»§a Viá»‡t Nam, hoÃ n chá»‰nh máº£nh ghÃ©p hoÃ n háº£o cho hÃ nh trÃ¬nh khÃ¡m phÃ¡ khoa há»c cá»§a khÃ¡ch tham quan, lÃ  cÃ¡c háº¡ng má»¥c Khu thiáº¿u nhi vÃ  Tráº¡m quan sÃ¡t thiÃªn vÄƒn phá»• thÃ´ng, sá»­ dá»¥ng kÃ­nh thiÃªn vÄƒn quang há»c Ä‘Æ°á»ng kÃ­nh á»‘ng 60cm lÃ  loáº¡i kÃ­nh thiÃªn vÄƒn lá»›n nháº¥t táº¡i Viá»‡t Nam hiá»‡n nay""."
"Cáº§n bá»• sung thÃ´ng tin: KhÃ¡ch Ä‘áº¿n nÆ¡i cáº§n Ä‘áº·t trÆ°á»›c vÃ©. Chá»© nhiá»u ngÆ°á»i sáº¯p xáº¿p thá»i gian, rá»“i Ä‘áº·t vÃ© mÃ¡y bay qua rá»“i láº¡i pháº£i vá» khÃ´ng...BÃ¡c báº£o vá»‡ khÃ¡ nhiá»‡t tÃ¬nh vÃ  cÅ©ng thÆ°Æ¡ng khÃ¡ch"
"TÆ°á»Ÿng vÃ o nhÆ° cÃ¡c báº£o tÃ ng khÃ¡c hoÃ¡ ra pháº£i Ä‘áº·t chá»— trÆ°á»›c, cÃ²n ko thÃ¬ ko Ä‘c vÃ o máº¥t cÃ´ng Ä‘áº¿n."
ThÃ­ch há»£p cho cÃ¡c bÃ© khÃ¡m phÃ¡ khoa há»c váº­t lÃ½ vÃ  thiÃªn vÄƒn
"KhÃ´ng gian hoáº¡t Ä‘á»™ng giÃ¡o dá»¥c khoa há»c, sÃ¡ng táº¡o cho thiáº¿u nhi tháº­t tuyá»‡t vá»i! ğŸ˜ŠğŸ’–ğŸ‘"
"Ráº¥t tuyá»‡t vá»i cho cÃ¡c báº¡n tráº» yÃªu thÃ­ch khoa há»c! Äang trong quÃ¡ trÃ¬nh hoÃ n thiá»‡n, sáº½ cÃ³ thÃªm nhiá»u thÃº vá»‹ trong tÆ°Æ¡ng lai!"
Má»™t Ä‘á»‹a Ä‘iá»ƒm hay cho cÃ¡c báº¡n há»c sinh thÄƒm quan Ä‘á»ƒ hiá»ƒu sÃ¢u hÆ¡n giá»¯a lÃ½ thuyáº¿t vÃ  thá»±c táº¿ cÃ¡c mÃ´n há»c
"Tham quan báº£o tÃ ng Quang trung 30k/khÃ¡ch. Show trá»‘ng tráº­n, vÃµ thuáº­t cá»• truyá»n TÃ¢y SÆ¡n 400 Ä‘oÃ n dÆ°á»›i 20khÃ¡ch. TrÃªn 20k giÃ¡ 20k/ khÃ¡ch..Vá» tham quan tÃ¬m hiá»ƒu vÃ  bt dc lá»‹ch sá»­ khá»Ÿi nghÄ©a TÃ¢y SÆ¡n Ã¡o váº£i cá» Ä‘Ã o. Vá»›i nhá»¯ng cÃ¢u chuyá»‡n, hÃ¬nh áº£nh thá»ƒ hiá»‡n thá»i TÃ¢y SÆ¡n Tam kiá»‡t. Vá»›i cÃ¢y me, giáº¿ng nÆ°á»›c cÃ²n lÆ°u giá»¯ cáº©n tháº­n..ÄÃ¡nh Ä‘á»ƒ cho dÃ i tÃ³c.ÄÃ¡nh Ä‘á»ƒ cho Ä‘en rÄƒng.ÄÃ¡nh cho nÃ³ chÃ­ch luÃ¢n báº¥t pháº£n.ÄÃ¡nh cho nÃ³ phiáº¿n luÃ¢n báº¥t hoÃ n.ÄÃ¡nh cho sá»­ trÃ­ nam quá»‘c anh hÃ¹ng chi há»¯u chá»§"
NÆ¡i nÃªn Ä‘i tham quan khi Ä‘áº¿n vá»›i Ä‘áº¥t bÃ¬nh Ä‘á»‹nh..KhuÃ´ng viÃªn báº£o tÃ ng ráº¥t rá»™ng. TÆ°á»£ng vua Quang Trung cao to vÄ© Ä‘áº¡i..NÃªn Ä‘i theo Ä‘oÃ n Ä‘Ã´ng Ä‘á»ƒ thuÃª hÆ°á»›ng dáº«n báº£o tÃ ng sáº½ hiá»ƒu thÃªm vá» lá»‹ch sá»­ vua Quang Trung.
Äáº¿n BÃ¬nh Äá»‹nh thÃ¬ pháº£i Ä‘áº¿n nÆ¡i nÃ y ! Lá»‹ch sá»­ cá»§a vua Quang Trung Ä‘Æ°á»£c diá»…n giáº£i toÃ n bá»™ khi báº¡n ghÃ© thÄƒm nÆ¡i nÃ y. Ráº¥t trang trá»ng + rá»™ng rÃ£i vÃ  mÃ¡t máº». VÃ o bÃªn trong Ä‘Æ°á»£c tham quan hÃ¬nh áº£nh + Ä‘á»“ váº­t ráº¥t chuyÃªn nghiá»‡p..CÃ³ 1 Ä‘iá»u cÃ¡c báº¡n chÃº Ã½ khung giá» biá»ƒu diá»…n vÃµ thuáº­t. Buá»•i sÃ¡ng 9.30 vÃ  10.45.
"Báº£o tÃ ng to, rá»™ng rÃ£i. Náº¿u chÄƒm chÃºt hÆ¡n sáº½ cÃ³ Ä‘iá»ƒm du lá»‹ch tÃ¬m hiá»ƒu lá»‹ch sá»­ ráº¥t bá»• Ã­ch. KhÃ¡ch cÅ©ng tÆ°Æ¡ng Ä‘á»‘i Ä‘Ã´ng, hÆ°á»›ng dáº«n viÃªn cÃ³ má»™t. ChÆ°Æ¡ng trÃ¬nh biá»ƒu diá»…n vÃµ thuáº­t xem tráº» em biá»ƒu diá»…n ráº¥t hay, cÃ²n ngÆ°á»i lá»›n thÃ¬ biá»ƒu diá»…n há»i há»£t cho xong viá»‡c. Khu vá»‡ sinh thÃ¬ dÆ¡ dÃ¡y cháº­t chá»™i."
"Ã”n láº¡i lá»‹ch sá»­ hÃ o hÃ¹ng cá»§a dÃ¢n tá»™c. Thá»i TÃ¢y SÆ¡n hÃ o kiá»‡t. Äáº¥u tranh chá»‘ng giáº·c xÄƒm lÄƒng cÆ°á»›p nÆ°á»›c. NÆ¡i báº£o tÃ ng nÃ y lÆ°u giá»¯ nhiá»u hÃ¬nh áº£nh, Ä‘á»“ dÃ¹ng, váº­t dá»¥ng tá»« thá»i xa xÆ°a cá»§a cha Ã´ng."
"Mua vÃ© lÃ¢u láº¯m, nhÃ¢n viÃªn thao tÃ¡c cháº­m, mÃ¡y in vÃ© cÅ©ng cháº­m chá»© khÃ´ng cÃ³ sáºµn. Trung bÃ¬nh má»—i ngÆ°á»i mua vÃ© háº¿t 4-7p (náº¿u khÃ´ng phÃ¡t sinh mua vÃ© xem biá»ƒu diá»…n vÃµ). Chá» khoáº£ng 3 ngÆ°á»i mua vÃ© thÃ¬ háº¿t 12-20p. ChÆ°a ká»ƒ khÃ¡ch Ä‘áº¿n sau chen  ngang chen dá»c cÅ©ng khÃ´ng tháº¥y nÃ³i gÃ¬...Váº«n cho 5 sao vÃ¬ báº£o tÃ ng báº£o tá»“n vÃ  phÃ¡t triá»ƒn lá»‹ch sá»­/vÃµ/cá»• váº­t nhiá»u nÄƒm khÃ´ng Ä‘á»•i, cÃ²n phÃ¡t triá»ƒn chiáº¿u phim 2D vá» cuá»™c chiáº¿n chá»‘ng quÃ¢n Thanh giÃºp ngÆ°á»i tham quan hiá»ƒu hÆ¡n vá» lá»‹ch sá»­ giai Ä‘oáº¡n nÃ y. Pháº§n biá»ƒu diá»…n nháº¡c cá»¥ vÃ  vÃµ thuáº­t trong NhÃ  biá»ƒu diá»…n cÅ©ng khÃ¡ áº¥n tÆ°á»£ng. KhuÃ´n viÃªn nhiá»u cÃ¢y xanh, mÃ¡t vÃ  thoÃ¡ng...Hy vá»ng Báº£o tÃ ng cáº£i thiá»‡n cháº¥t lÆ°á»£ng pháº§n dá»‹ch vá»¥/vá»‡ sinh Ä‘á»ƒ chuyáº¿n tham quan Ä‘Æ°á»£c mÄ© mÃ£n hÆ¡n vÃ¬ BÃ¬nh Äá»‹nh hiá»‡n Ä‘ang lÃ  Ä‘iá»ƒm Ä‘áº¿n thu hÃºt, dá»‹ch vá»¥ chÃ¡n quÃ¡ sáº½ máº¥t Ä‘iá»ƒm trong khi BÃ¬nh Äá»‹nh lÃ  cÃ¡i nÃ´i cá»§a vÃµ thuáº­t TÃ¢y SÆ¡n, ráº¥t Ä‘á»™c Ä‘Ã¡o, cáº§n phÃ¡t triá»ƒn Ä‘á»ƒ trá»Ÿ thÃ nh Ä‘iá»ƒm máº¡nh, thÃ nh Ä‘iá»ƒm top khi Ä‘áº¿n du lá»‹ch"
"KhuÃ´n viÃªn rá»™ng lá»›n, cÃ¢y cá»‘i xanh tÆ°Æ¡i, ghi láº¡i chi tiáº¿t lá»‹ch sá»­ triá»u Ä‘áº¡i TÃ¢y SÆ¡n..CÃ³ show biá»ƒu diá»…n vÃµ thuáº­t cá»• truyá»n."
"LÃ  di sáº£n cá»§a bÃ¬nh Ä‘á»‹nh,vÃ  viá»‡t nam cÃ²n lÆ°u giá»¯ Ä‘Æ°á»£c nhiá»u cá»• váº­t quÃ½ .vá» má»™t lá»‹ch sá»­ hÃ o hÃ¹ng cá»§a dÃ¢n tá»™c .khÃ´ng gian ráº¥t gáº§n gÅ©i .uy nghi ."
"Báº£o tÃ ng Quang Trung nÆ¡i lÆ°u láº¡i nhiá»u di tÃ­ch. Cá»• váº­t cá»§a cuá»™c khá»Ÿi nghÄ©a tÃ¢y sÆ¡n HoÃ ng Äáº¿ Quang Trung ngÆ°á»i anh hÃ¹ng Ã¡o váº£i, ngÆ°á»i con Æ°u tÃº Ä‘áº¥t VIá»†T. Dá»ƒ láº¡i dáº¥u áº¥n lá»‹ch sá»­ hÃ o hÃ¹ng dÃ¢n tá»™c. CÃ³ thá»ƒ nÆ¡i Ä‘Ã¢y khÃ´ng quÃ¡ nÃ¡o nhiá»‡t nhÆ° nhá»¯ng khu du lá»‹ch khÃ¡c nhÆ°ng láº¡i lÃ  nÆ¡i di tÃ­ch nhiá»u báº¡n tráº» nÃªn ghÃ© thÄƒm Ä‘á»ƒ hiá»ƒu hÆ¡n truyá»n thá»‘ng cha Ã´ng"
"ÄÃ¢y lÃ  1 Ä‘á»‹a Ä‘iá»ƒm khÃ´ng thá»ƒ thiáº¿u khi Ä‘áº¿n vÃ¹ng Ä‘áº¥t BÃ¬nh Äá»‹nh. LÃ  báº£o tÃ ng lá»‹ch sá»­ danh nhÃ¢n lá»›n nháº¥t Viá»‡t Nam..ÄÆ°á»£c xÃ¢y dá»±ng trÃªn ná»n nhÃ  cÅ© nÆ¡i 3 anh em nhÃ  TÃ¢y SÆ¡n cáº¥t tiáº¿ng khÃ³c chÃ o Ä‘á»i vá»›i nhá»¯ng di tÃ­ch lÃ  sá»£i dÃ¢y ná»‘i liá»n tiáº¿p ná»‘i cá»§a lá»‹ch sá»­ nhÆ° cÃ¢y me cá»• thá»¥, giáº¿ng nÆ°á»›c."
Äá»‹a Ä‘iá»ƒm tham quan cÃ³ giÃ¡ trá»‹ lá»‹ch sá»­ cao Ä‘Ã¡ng tráº£i nghiá»‡m.
Báº¡n nÃªn Ä‘i nhÃ³m vÃ  cÃ³ 1 hÆ°á»›ng dáº«n viÃªn. Sáº½ cÃ³ nhiá»u thÃ´ng tin bá»• Ã­ch vÃ  hay ho !
"Quy mÃ´ hoÃ nh trÃ¡ng quÃ¡, ráº¥t xÆ°ng Ä‘Ã¡ng vá»›i vua Quang Trung"
"Má»™t cÃ´ng trÃ¬nh khÃ¡ lá»›n, quy mÃ´, cáº§n duy tu, chÄƒm sÃ³c thÆ°á»ng xuyÃªn Ä‘á»ƒ con chÃ¡u cÃ³ cÆ¡ há»™i tháº¥u hiá»ƒu vá» lá»‹ch sá»­ oai hÃ¹ng cá»§a dÃ¢n tá»™c."
"Báº£o tÃ ng Ä‘áº¹p , tham quan ráº¥t mÃ¡t vÃ  thoáº£i mÃ¡i"
"Báº£o tÃ ng Quang Trung lÃ  má»™t báº£o tÃ ng náº±m á»Ÿ Khá»‘i 1, thá»‹ tráº¥n PhÃº Phong, huyá»‡n TÃ¢y SÆ¡n, tá»‰nh BÃ¬nh Äá»‹nh, Viá»‡t Nam, Ä‘á»‘i diá»‡n sÃ´ng CÃ´n, bao quanh bá»Ÿi Ä‘Æ°á»ng tá»‰nh lá»™ 636, Quá»‘c lá»™ 19B, Ä‘Æ°á»ng Ngá»c HÃ¢n CÃ´ng chÃºa, Ä‘Æ°á»ng Nguyá»…n Nháº¡c, Ä‘Æ°á»ng Äá»‘ng Äa. Báº£o tÃ ng Ä‘Æ°á»£c xÃ¢y dá»±ng trÃªn ná»n nhÃ  cÅ© cá»§a anh em NhÃ  TÃ¢y SÆ¡n, vÃ¹ng Ä‘áº¥t quÃª hÆ°Æ¡ng cá»§a TÃ¢y SÆ¡n tam kiá»‡t, vá»‹ trÃ­ bao quanh Äá»n thá» TÃ¢y SÆ¡n tam kiá»‡t hay Äiá»‡n TÃ¢y SÆ¡n."
Chá»‰ cáº§n Ä‘i vÃ o bÃªn trong lÃ  cáº£m giÃ¡c lá»‹ch sá»­ Ã¹a vá».Tá»± hÃ o ngÆ°á»i Anh HÃ¹ng Ã¡o váº£i cá» Ä‘Ã o
"ÄÃ¢y lÃ  nÆ¡i lÃ½ tÆ°á»Ÿng Ä‘á»ƒ tham quan du lá»‹ch, vui chÆ¡i giáº£i trÃ­"
"Äiá»ƒm Ä‘áº¿n ráº¥t thÃº vá»‹, Ä‘áº¿n Ä‘Ã¢y sáº½ Ä‘Æ°á»£c xem nháº¡c vÃµ"
"Báº£o tÃ ng náº±m trÃªn má»™t khuÃ¢n viÃªn rá»™ng lá»›n, tÃ i liá»‡u, tÆ° liá»‡u ráº¥t Ä‘Ã¡ng quÃ½, Ä‘á»ƒ cho con chÃ¡u Ä‘á»i sau hiá»ƒu vá» lá»‹ch sá»­. NhÆ°ng Ä‘iá»ƒm trá»« lÃ  con ngÆ°á»i váº­n hÃ nh, nhá»¯ng ngÆ°á»i lÃ m vc trá»±c tiáº¿p táº¡i báº£o tÃ ng gÃ¢y tháº¥t vá»ng trÃ n trá» vá» thÃ¡i Ä‘Ã´k, cung cÃ¡ch vÃ  cáº£ ná»™i dung ... show diá»…n thÃ¬ nháº¡t nháº½o khÃ´ng thá»ƒ hiá»‡n Ä‘Æ°á»£c cÃ¡i há»“n cá»§a vÃµ thuáº­t BÃ¬nh Äá»‹nh, khÃ´ng chiuh Ä‘á»•i má»›i láº§n nÃ o Ä‘áº¿n xem cÅ©ng nguyÃªn bÃ i cÅ© mÃ  cÃ²n cáº¯t dáº§n theo thá»i gian ..."
"Quáº§n thá»ƒ báº£o tÃ ng vÃ  Ä‘á»n thá» TÃ¢y SÆ¡n Tam Kiá»‡t: Nguyá»…n Nháº¡c - Nguyá»…n Huá»‡ - Nguyá»…n Lá»¯. KhuÃ´n viÃªn ráº¥t rá»™ng rÃ£i vÃ  thanh tá»‹nh. CÃ¡c bá»©c áº£nh, ká»· váº­t vÃ  cÃ¡c bá»©c váº½ sinh Ä‘á»™ng mÃ´ táº£ láº¡i cuá»™c sá»‘ng cá»§a ba anh em cÅ©ng nhÆ° nhá»¯ng chiáº¿n tháº¯ng vang dá»™i cá»§a nghÄ©a quÃ¢n TÃ¢y SÆ¡n..Báº£o tÃ ng Ä‘Ã³ng cá»­a vÃ o buá»•i trÆ°a nÃªn báº¡n cáº§n lá»±a chá»n lá»‹ch trÃ¬nh há»£p lÃ½."
"Báº£o tÃ ng Quang Trung lÃ  báº£o tÃ ng á»Ÿ Khá»‘i 1, thá»‹ tráº¥n PhÃº Phong, huyá»‡n TÃ¢y SÆ¡n, tá»‰nh BÃ¬nh Äá»‹nh,[1] Ä‘á»‘i diá»‡n sÃ´ng CÃ´n, bao quanh bá»Ÿi Ä‘Æ°á»ng tá»‰nh lá»™ 636, Quá»‘c lá»™ 19B, Ä‘Æ°á»ng Ngá»c HÃ¢n CÃ´ng chÃºa, Ä‘Æ°á»ng Nguyá»…n Nháº¡c, Ä‘Æ°á»ng Äá»‘ng Äa. Báº£o tÃ ng Ä‘Æ°á»£c xÃ¢y dá»±ng trÃªn ná»n nhÃ  cÅ© cá»§a anh em NhÃ  TÃ¢y SÆ¡n,[Ghi chÃº 1] vÃ¹ng Ä‘áº¥t quÃª hÆ°Æ¡ng cá»§a TÃ¢y SÆ¡n tam kiá»‡t,[2] vá»‹ trÃ­ bao quanh Äá»n thá» TÃ¢y SÆ¡n tam kiá»‡t hay Äiá»‡n TÃ¢y SÆ¡n.[3] NgÃ y nay, tÃªn cá»§a báº£o tÃ ng Ä‘Æ°á»£c Ä‘áº·t theo TÃ¢y SÆ¡n ThÃ¡i Tá»•, HoÃ ng Ä‘áº¿ Quang Trung...Báº£o tÃ ng Quang Trung táº­p trung thá» vÃ  tÆ°á»Ÿng niá»‡m anh hÃ¹ng Ã¡o váº£i Nguyá»…n Huá»‡, lÆ°u giá»¯ nhá»¯ng hiá»‡n váº­t lá»‹ch sá»­ liÃªn quan Ä‘áº¿n Cuá»™c khá»Ÿi nghÄ©a TÃ¢y SÆ¡n, dáº¥u tÃ­ch ba anh em NhÃ  TÃ¢y SÆ¡n: Nguyá»…n Huá»‡, Nguyá»…n Nháº¡c, Nguyá»…n Lá»¯.[4] Báº£o tÃ ng Quang Trung lÃ  Ä‘á»‹a chá»‰ háº¥p dáº«n cÃ¡c nhÃ  nghiÃªn cá»©u, du khÃ¡ch trong vÃ  ngoÃ i nÆ°á»›c khi Ä‘áº¿n vá»›i vÃ¹ng Ä‘áº¥t Nam Trung Bá»™,[2] má»™t trong nhá»¯ng báº£o tÃ ng thu hÃºt Ä‘Æ°á»£c Ä‘Ã´ng Ä‘áº£o khÃ¡ch tham quan du lá»‹ch vÃ  tÃ¬m hiá»ƒu vá» lá»‹ch sá»­ nhiá»u nháº¥t á»Ÿ Viá»‡t Nam.[4]"
"Báº£o táº£ng sáº¡ch Ä‘áº¹p, khu wc cÅ©ng sáº¡ch sáº½.- NÆ°á»›c dá»«a ngá»t lá»‹m.- CÃ¢y me Ä‘áº¹p, nÆ°á»›c giáº¿ng trong mÃ¡t, báº£o tÃ ng cÅ©ng sáº¡ch Ä‘áº¹p.- Khi xem mÃ n mÃºa vÃµ, Ä‘Ã¡nh trá»‘ng nÃªn chá»§ Ä‘á»™ng vÃ o sá»›m Ä‘á»ƒ ngá»“i giá»¯a vÃ  xa chÃºt, tiáº¿ng to láº¯m, ong háº¿t Ä‘áº§u luÃ´n"
"Báº£o tÃ ng Quang Trung cÃ³ Ä‘á»‹a chá»‰ táº¡i thá»‹ tráº¥n PhÃº Phong, huyá»‡n TÃ¢y SÆ¡n, tá»‰nh BÃ¬nh Äá»‹nh. Báº£o tÃ ng náº±m trÃªn Ä‘Æ°á»ng Ngá»c HÃ¢n, hÆ°á»›ng ra SÃ´ng CÃ´n, báº£o tÃ ng lÃ  nÆ¡i lÆ°u giá»¯ nhá»¯ng hiá»‡n váº­t mang tÃ­nh lá»‹ch sá»­ gáº¯n liá»n vá»›i vá»‹ vua Ã¡o váº£i Quang Trung- Nguyá»…n Huá»‡."
"1 Ä‘á»‹a Ä‘iá»ƒm khÃ´ng thá»ƒ thiáº¿u khi Ä‘áº¿n vÃ¹ng Ä‘áº¥t BÃ¬nh Äá»‹nh. Báº£o tÃ ng Quang Trung nÆ¡i tÃ´i hiá»ƒu hÆ¡n vá» lá»‹ch sá»­ Viá»‡t Nam, cÃ³ cÆ¡ há»™i xem vÃµ BÃ¬nh Äá»‹nh... tÃ´i ráº¥t áº¥n tÆ°á»£ng."
NÆ¡i vá» nguá»“n cá»§a nhá»¯ng ngÆ°á»i há»c vÃµ BÃ¬nh Äá»‹nh
"LÃ  khu vá»±c linh thiÃªng,nÆ¡i Ä‘Ã¢y cÃ³ cÃ¡c hoáº¡t Ä‘á»™ng phÃ´ diá»…n láº¡i lá»‹ch sá»­ hÃ o hÃ¹ng cá»§a ngÆ°á»i anh hÃ¹ng Ã¡o váº£i( Vua Quang Trung )"
"Äáº¹p. Ráº¥t bá»• Ã­ch Ä‘á»ƒ cáº­p nháº­t lá»‹ch sá»­ Viá»‡t Nam. NgoÃ i ra cÃ²n cÃ³ chÆ°Æ¡ng trÃ¬nh mÃºa vÃµ ná»¯a, nhÆ°ng muá»‘n coi pháº£i mua vÃ© nhÃ©."
"Di tÃ­ch lá»‹ch sá»­, nhÆ°ng cáº£i táº¡o láº¡i beton hÃ³a nhiá»u quÃ¡, váº­t liá»‡u khÃ´ng giá»¯ nÃ©t Ä‘áº·c trÆ°ng truyá»n thá»‘ng"
"MÄƒm 2016, mÃ¬nh cÃ³ vinh dá»± Ä‘Æ°á»£c Ä‘áº¿n nÆ¡i nÃ y, Ä‘Ã¢y lÃ  vÃ¹ng Ä‘áº¥t cá»§a ngÆ°á»i anh hÃ¹ng Ã¡o váº£i TÃ¢y sÆ¡n..MÃ¬nh vÃ  cÃ¡c báº¡n cÃ³ chá»¥p Ä‘Æ°á»£c cÃ¡c pÃ´ hÃ¬nh nÆ¡i Ä‘Ã¢y"
"KhÃ´ng gian rá»™ng lá»›n, nhiá»u cÃ¢y xanh, nhiá»u trÆ°ng bÃ y vá» vÃ¹ng Ä‘áº¥t TÃ¢y SÆ¡n vÃ  3 anh em nhÃ  Nguyá»…n Huá»‡"
"TÃ´n nghiÃªm mÃ  thÃ¢n thiá»‡n. Nhiá»u kÃ­nh trá»ng vá»‹ HoÃ ng Ä‘áº¿ uy dÅ©ng, tÃ i nÄƒng thuá»™c hÃ ng báº­c nháº¥t nÆ°á»›c nhÃ . KhÃ´ng may cho dÃ¢n tá»™c ta HoÃ ng Ä‘áº¿ máº¥t sá»›m...náº¿u khÃ´ng lá»‹ch sá»­ Viá»‡t Nam sáº½ cÃ³ sá»›m sá»± huy hoÃ ng , chÃ³i lá»i."
Äáº¿n báº£o tÃ ng Quang Trung Ä‘á»ƒ xem vÃ  quay láº¡i quÃ¡ khá»© hÃ o hÃ¹ng cá»§a Ã´ng cha ta Ä‘Ã£ hy sinh giá»¯ nÆ°á»›c
"Báº£o tÃ ng Quang Trung lÃ  má»™t trong nhá»¯ng Ä‘iá»ƒm Ä‘áº¿n khÃ´ng thá»ƒ bá» qua khi Ä‘áº¿n vá»›i Quy NhÆ¡n, BÃ¬nh Äá»‹nh. PhÃ­ vÃ o cá»•ng 20k/ngÆ°á»i nhÆ°ng nghe nÃ³i Ä‘Ã¢u sang 8/2019 sáº½ tÄƒng thÃªm 10k ^^. Báº£o tÃ ng cÃ³ biá»ƒu diá»…n vÃµ nháº¡c theo giá» trá»« thá»© 3 sáº½ nghá»‰ 1 ngÃ y. CÃ³ vÆ°á»n cÃ¢y do nhiá»u vá»‹ cÃ³ chá»©c vá»¥ lá»›n trá»“ng Ä‘Ã£ nhiá»u nÄƒm. CÃ³ nhÃ  rÃ´ng truyá»n thá»‘ng cá»§a dÃ¢n tá»™c Bana nhÆ°ng giá» Ä‘Ã£ xuá»‘ng cáº¥p nÃªn khÃ´ng thá»ƒ vÃ o thÄƒm quan."
"Báº£o tÃ ng Quang Trung náº±m á»Ÿ LÃ ng KiÃªn Má»¹, Thá»‹ Tráº¥n PhÃº Phong, Huyá»‡n TÃ¢y SÆ¡n, Tá»‰nh BÃ¬nh Äá»‹nh. CÃ¡ch trung tÃ¢m TP. Quy NhÆ¡n khoáº£ng 50km vá» phÃ­a tÃ¢y báº¯c (Ä‘i theo hÆ°á»›ng QL 19). Báº£o tÃ ng Quang Trung lÃ  má»™t khÃ´ng gian vÄƒn hoÃ¡ bao gá»“m: khu vá»±c báº£o tÃ ng, Ä‘iá»‡n thá» TÃ¢y SÆ¡n Tam kiá»‡t, tÆ°á»£ng Ä‘Ã i HoÃ ng Ä‘áº¿ Quang Trung, nhÃ  biá»ƒu diá»…n nháº¡c vÃµ TÃ¢y SÆ¡n, nhÃ  rÃ´ng vÄƒn hoÃ¡ cÃ¡c dÃ¢n tá»™c TÃ¢y NguyÃªnâ€¦ ÄÆ°á»£c khá»Ÿi cÃ´ng xÃ¢y dá»±ng nÄƒm 1978 trÃªn má»™t khuÃ´n viÃªn rá»™ng 95.000mÂ² vá»›i lá»‘i kiáº¿n trÃºc vá»«a cá»• kÃ­nh, vá»«a hiá»‡n Ä‘áº¡i. Khu vá»±c báº£o tÃ ng bao gá»“m 9 phÃ²ng trÆ°ng bÃ y vá»›i nhá»¯ng chá»§ Ä‘á» khÃ¡c nhau, lÆ°u giá»¯ hÃ ng nghÃ¬n tÆ° liá»‡u, hiá»‡n váº­t quÃ½ xuyÃªn suá»‘t qua cÃ¡c thá»i ká»³ phÃ¡t triá»ƒn cá»§a phong trÃ o khá»Ÿi nghÄ©a TÃ¢y SÆ¡n vÃ  HoÃ ng Ä‘áº¿ Quang Trung (1771 â€“ 1789)."
"Báº£o tÃ ng Quang Trung cÃ¡ch thÃ nh phá»‘ Quy NhÆ¡n 50km vá» phÃ­a TÃ¢y Báº¯c, thuá»™c lÃ ng KiÃªn Má»¹, xÃ£ BÃ¬nh ThÃ nh, huyá»‡n TÃ¢y SÆ¡n. quÃª hÆ°Æ¡ng cá»§a 3 anh em ngÆ°á»i anh hÃ¹ng dÃ¢n tá»™c Nguyá»…n Nháº¡c, Nguyá»…n Huá»‡, Nguyá»…n Lá»¯. Báº£o tÃ ng Ä‘Æ°á»£c khÃ¡nh thÃ nh nÄƒm 1978 theo lá»‘i trang nghiÃªm, hÃ i hÃ²a vá»›i cáº£nh quan..TrÃªn Ä‘Æ°á»ng vÃ o Ä‘iá»‡n thá» chÃ­nh, ta sáº½ tháº¥y tÆ°á»£ng vua Quang Trung Ä‘á»©ng hiÃªn ngang. Äi khoáº£ng 200m bÃªn tay trÃ¡i lÃ  khu vÆ°á»n cÅ© cá»§a anh em nhÃ  TÃ¢y SÆ¡n, cÃ³ cÃ¢y me cá»• thá»¥, Ä‘i tháº³ng tiáº¿p ta sáº½ tháº¥y giáº¿ng nÆ°á»›c cá»•. Gáº§n Ä‘Ã³ lÃ  1 khu vÆ°á»n vá»›i nhiá»u cÃ¢y cá»• thá»¥ Ä‘Æ°á»£c cÃ¡c vá»‹ lÃ£nh Ä‘áº¡o Äáº£ng vÃ  nhÃ  nÆ°á»›c trá»“ng khi ghÃ© thÄƒm..Sau khi tham quan háº¿t cÃ¡c di tÃ­ch, du khÃ¡ch cÃ³ dá»‹p thÆ°á»Ÿng thá»©c mÃºa trá»‘ng tráº­n TÃ¢y SÆ¡n Ä‘Æ°á»£c nhÃ¢n viÃªn báº£o tÃ ng thá»ƒ hiá»‡n."
"Ráº¥t há»¯u Ã­ch vá» kiáº¿n thá»©c lá»‹ch sá»­. NÆ¡i lÆ°u giá»¯ nhá»¯ng hÃ¬nh áº£nh vÃ  tiÃªu báº£n cá»• váº­t thá»i HoÃ ng Äáº¿ Quang Trung..NgoÃ i ra cÃ³ biá»ƒu diá»…n hoáº¡t cáº£nh tÃ¡i hiá»‡n nhá»¯ng chiáº¿n cÃ´ng cá»§a NgÃ i vá»›i mÃ n ""Trá»‘ng Tráº­n""....Phong cáº£nh thoÃ¡ng Ä‘Ã£ng, mÃ¡t máº½, bÃ£i xe rá»™ng rÃ£i. VÃ© tham quan 20.000$/ngÆ°á»i."
"LÃ  báº£o tÃ ng lá»‹ch sá»­ danh nhÃ¢n lá»›n nháº¥t Viá»‡t Nam cÃ¡ch trung tÃ¢m thÃ nh phá»‘ Quy NhÆ¡n vá» hÆ°á»›ng TÃ¢y khoáº£ng 50km. ÄÆ°á»£c xÃ¢y dá»±ng trÃªn ná»n nhÃ  cÅ© nÆ¡i 3 anh em nhÃ  TÃ¢y SÆ¡n cáº¥t tiáº¿ng khÃ³c chÃ o Ä‘á»i vá»›i nhá»¯ng di tÃ­ch lÃ  sá»£i dÃ¢y ná»‘i liá»n tiáº¿p ná»‘i cá»§a lá»‹ch sá»­ nhÆ° cÃ¢y me cá»• thá»¥, giáº¿ng nÆ°á»›c ( thÃ nh giáº¿ng Ä‘Æ°á»£c xÃ¢y dá»±ng báº±ng Ä‘Ã¡ tá»• ong ). ÄÃ¢y lÃ  nÆ¡i lÆ°u trá»¯ nhá»¯ng tÆ° liá»‡u, hiá»‡n váº­t lá»‹ch sá»­ vá» thá»i ká»³ TÃ¢y SÆ¡n, khÃ´ng gian vÄƒn hÃ³a cÃ¡c dÃ¢n tá»™c vÃ¹ng TÃ¢y SÆ¡n thÆ°á»£ng Ä‘áº¡o, ngoÃ i ra chÃºng ta cÃ²n Ä‘Æ°á»£c chiÃªm ngÆ°á»¡ng nhá»¯ng Ä‘Æ°á»ng roi bÃ­ thuáº­t, bÃ i quyá»n vang danh lÃ  thá»© Ä‘áº·c sáº£n tinh tháº§n cá»§a ngÆ°á»i dÃ¢n bÃ¬nh Ä‘á»‹nh tá»« thuá»Ÿ má»Ÿ cÃµi Ä‘áº¿n nay ."
"Báº£o tÃ ng quang trung náº±m á»Ÿ vÅ©ng tÃ¢y sÆ¡n thÆ°á»£ng Ä‘áº¡o, lÃ  khu vá»±c nÆ¡i sinh ra vÃ  lá»›n lÃªn cá»§a 3 ae nhÃ  TÃ¢y SÆ¡n, Ä‘Æ°á»£c thiáº¿t káº¿ khÃ¡ Ä‘áº¹p vá»›i ráº¡o chiáº¿u phim tÆ° liá»‡u bÃªn trong, giÃ¡ vÃ© tham quan 20k Ä‘áº·c biá»‡ cÃ³ chÆ°Æ¡ng trÃ¬nh biá»ƒu diá»…n vÃµ tÃ¢y sÆ¡n khÃ¡ thÃº vá»‹. CÃ¡ch quy nhÆ¡n 50km gáº§n Ä‘Ã¨o an khÃª."
"Äá»n Thá» Vua QUANG TRUNG - NGUYá»„N HUá»†.Äá»‹a chá»‰: ÄT636, TT. PhÃº Phong, TÃ¢y SÆ¡n, BÃ¬nh Äá»‹nh..Khu Ä‘á»n thá» TÃ¢y SÆ¡n Tam Kiá»‡t gáº¯n vá»›i tÃªn tuá»•i ba vá»‹ anh hÃ¹ng Nguyá»…n Nháº¡c, Nguyá»…n Huá»‡, Nguyá»…n Lá»¯ lÃ£nh Ä‘áº¡o phong trÃ o khá»Ÿi nghÄ©a TÃ¢y SÆ¡n giáº£i phÃ³ng dÃ¢n tá»™c tháº¿ ká»· 18...Khu vá»±c rá»™ng rÃ£i thoÃ¡ng mÃ¡t, nhÃ¢n viÃªn phá»¥c vá»¥ thÃ¢n thiá»‡n, chá»— Ä‘á»ƒ xe rá»™ng thÃªnh thang, giÃ¡ cáº£ bÃ¬nh dÃ¢n, phÃ¹ há»£p cáº¯m tráº¡i dÃ£ ngoáº¡i."
"Báº£o tÃ ng Quang Trung lÃ  má»™t trong nhá»¯ng báº£o tÃ ng lá»‹ch sá»­ ná»•i tiáº¿ng á»Ÿ BÃ¬nh Äá»‹nh, nÆ¡i Ä‘Ã¢y gáº¯n liá»n vá»›i khá»Ÿi nghÄ©a TÃ¢y SÆ¡n lÃ  má»™t trong nhá»¯ng cuá»™c khá»Ÿi nghÄ©a giáº£i phÃ³ng dÃ¢n tá»™c thÃ nh cÃ´ng nháº¥t á»Ÿ nÆ°á»›c ta. Äá»ƒ lÆ°u giá»¯ láº¡i nhá»¯ng hiá»‡n váº­t lá»‹ch sá»­ má»™t thá»i Ä‘Ã¡ng nhá»›, ngÆ°á»i ta cho xÃ¢y dá»±ng báº£o tÃ ng Quang Trung BÃ¬nh Äá»‹nh ngay táº¡i chÃ­nh quÃª hÆ°Æ¡ng cá»§a ngÆ°á»i anh hÃ¹ng dÃ¢n tá»™c Quang Trung Nguyá»…n Huá»‡"
"Báº£o tÃ ng lá»‹ch sá»­ vá» vua Quang Trung, Ä‘Æ°á»£c  xÃ¢y dá»±ng trÃªn ná»n nhÃ  cÅ© cá»§a ba anh em Nguyá»…n Nhac, Nguyá»…n Huá»‡ vÃ  Nguyá»…n Lá»¯. CÃ¢y me cÃ³ tá»« thá»i Ã´ng cÃ²n sá»‘ng , Ä‘Æ°á»£c cÃ´ng nháº­n lÃ  cÃ¢y di sáº£n. ThÃ­ch há»£p cho ai yÃªu máº¿n lá»‹ch sá»­."
"Chá»©ng tÃ­ch lá»‹ch sá»­. Nháº¡c, Nguyá»…n Lá»¯ vÃ  cÃ¡c vÄƒn tháº§n vÃµ tÆ°á»›ng cá»§a nhÃ  TÃ¢y SÆ¡n. Äiá»‡n Ä‘Æ°á»£c xÃ¢y dá»±ng trÃªn chÃ­nh ná»n nhÃ  cÅ© cá»§a ba anh em nhÃ  TÃ¢y SÆ¡n. HÃ ng ngÃ y báº£o tÃ ng luÃ´n cÃ³ du khÃ¡ch trong vÃ  ngoÃ i nÆ°á»›c Ä‘áº¿n thÄƒm, nhÆ°ng Ä‘Ã´ng nháº¥t lÃ  vÃ o ngÃ y MÃ¹ng 5 thÃ¡ng GiÃªng hÃ ng nÄƒm â€“ ngÃ y ká»· niá»‡m chiáº¿n tháº¯ng Ngá»c Há»“i (Äá»‘ng Äa, HÃ  Ná»™i) thÃ¬ báº£o tÃ ng vui nhÆ° há»™i. Du khÃ¡ch Ä‘áº¿n thÄƒm, dÃ¢ng hÆ°Æ¡ng hoÃ ng Ä‘áº¿ Quang Trung cÃ¡c vÄƒn tháº§n vÃµ tÆ°á»›ng cá»§a nhÃ  TÃ¢y SÆ¡n..Cho Ä‘áº¿n nay, trong khu vÆ°á»n cÅ© cá»§a gia Ä‘Ã¬nh nhÃ  vua Quang Trung váº«n cÃ²n lÆ°u giá»¯ 2 di tÃ­ch cá»±c ká»³ quÃ½ giÃ¡: giáº¿ng nÆ°á»›c xÆ°a vÃ  cÃ¢y me cá»• thá»¥, tÆ°Æ¡ng truyá»n láº¡i lÃ  cÃ³ tá»« thá»i Há»“ Phi PhÃºc (thÃ¢n sinh cá»§a ba anh em nhÃ  TÃ¢y SÆ¡n). Giáº¿ng nÆ°á»›c cá»• náº±m bÃªn pháº£i Ä‘iá»‡n TÃ¢y SÆ¡n vá»›i Ä‘Æ°á»ng kÃ­nh lÃ  0,9m. NguyÃªn tÃ¡c Ä‘Æ°á»£c xÃ¢y báº±ng Ä‘Ã¡ ong vÃ  khÃ´ng sÃ¢u nhÆ° bÃ¢y giá» bá»Ÿi sau nÃ y dÃ¢n lÃ ng má»›i trÃ¹ng tu Ä‘á»ƒ lÃ m giáº¿ng chung cho cáº£ lÃ ng. Káº¿ bÃªn trÃ¡i Ä‘iá»‡n lÃ  cÃ¢y me cá»• to lá»›n tá»a bÃ³ng mÃ¡t má»™t gÃ³c vÆ°á»n, theo ngÆ°á»i dÃ¢n nÆ¡i Ä‘Ã¢y ká»ƒ láº¡i, chu vi gá»‘c cÃ¢y lÃªn tá»›i 3,5m. Sau má»™t ngÃ y dÃ i tá»›i Ä‘Ã¢y thÄƒm quan di tÃ­ch vÃ  há»c há»i vá» lá»‹ch sá»­ cÃ²n gÃ¬ báº±ng khi Ä‘Æ°á»£c ngá»“i dÆ°á»›i gá»‘c me giÃ  mÃºc má»™t gÃ¡o nÆ°á»›c thiÃªng uá»‘ng Ä‘á»ƒ lÃ m tÄƒng thÃªm nhuá»‡ khÃ­ nhÆ° ngÆ°á»i anh hÃ¹ng Ã¡o váº£i Nguyá»…n Huá»‡."
"Báº£o tÃ ng Quang Trung lÃ  má»™t trong nhá»¯ng báº£o tÃ ng lá»‹ch sá»­ ná»•i tiáº¿ng á»Ÿ BÃ¬nh Äá»‹nh, nÆ¡i Ä‘Ã¢y gáº¯n liá»n vá»›i khá»Ÿi nghÄ©a TÃ¢y SÆ¡n lÃ  má»™t trong nhá»¯ng cuá»™c khá»Ÿi nghÄ©a giáº£i phÃ³ng dÃ¢n tá»™c thÃ nh cÃ´ng nháº¥t á»Ÿ nÆ°á»›c ta. Äá»ƒ lÆ°u giá»¯ láº¡i nhá»¯ng hiá»‡n váº­t lá»‹ch sá»­ má»™t thá»i Ä‘Ã¡ng nhá»›, ngÆ°á»i ta cho xÃ¢y dá»±ng báº£o tÃ ng Quang Trung BÃ¬nh Äá»‹nhngay táº¡i chÃ­nh quÃª hÆ°Æ¡ng cá»§a ngÆ°á»i anh hÃ¹ng dÃ¢n tá»™c..nÆ¡i cÃ³ báº£o tÃ ng mang tÃªn ngÆ°Æ¡i anh hÃ¹ng â€œÃ¡o váº£iâ€ Quang Trung â€“ Nguyá»…n Huá»‡ (thá»§ lÄ©nh cá»§a phong trÃ o khá»Ÿi nghÄ©a TÃ¢y SÆ¡n vÃ o nhá»¯ng nÄƒm tháº¿ ká»· 18). NÆ¡i Ä‘Ã¢y khÃ´ng chá»‰ lÆ°u giá»¯ nhá»¯ng hiá»‡n váº­t lá»‹ch sá»­ liÃªn quan Ä‘áº¿n cuá»™c khá»Ÿi nghÄ©a TÃ¢y SÆ¡n mÃ  cÃ²n lÃ  nÆ¡i lÆ°u láº¡i dáº¥u tÃ­ch ba anh em há» Nguyá»…n: Nguyá»…n Nháº¡c, Nguyá»…n Huá»‡, Nguyá»…n Lá»¯. ÄÆ°á»£c khÃ¡nh thÃ nh vÃ o nÄƒm 1978 táº¡i lÃ ng LiÃªn Má»¹, xÃ£ BÃ¬nh ThÃ nh, huyá»‡n TÃ¢y SÆ¡n, tá»‰nh BÃ¬nh Äá»‹nh, cÃ¡ch trung tÃ¢m thÃ nh phá»‘ Quy NhÆ¡n khoáº£ng 45km theo Ä‘Æ°á»ng quá»‘c lá»™ 19. NÆ¡i Ä‘Ã¢y Ä‘Æ°á»£c coi lÃ  báº£o tÃ ng Danh nhÃ¢n lá»›n nháº¥t cÅ©ng nhÆ° báº£o tÃ ng thu hÃºt Ä‘Æ°á»£c Ä‘Ã´ng Ä‘áº£o khÃ¡ch Ä‘áº¿n tham quan du lá»‹ch vÃ  tÃ¬m hiá»ƒu vá» lá»‹ch sá»­ nhiá»u nháº¥t á»Ÿ Viá»‡t Nam.ğŸ‡»ğŸ‡³"
"TÃ´i Ä‘Ã£ lá»±a chá»n Ä‘áº¿n thÄƒm báº£o tÃ ng Quang Trung á»Ÿ huyá»‡n TÃ¢y SÆ¡n trong ngÃ y thá»© 2! ÄÆ°á»ng Ä‘i khÃ¡ xa, cÃ¡ch trung tÃ¢m khoáº£ng 45km! TÃ´i nghÄ© Ä‘Ã¢y lÃ  Ä‘iá»ƒm Ä‘áº¿n Ã­ nghÄ©a ! NhÆ°ng cÃ³ 1 lÆ°u Ã­, náº¿u báº¡n Ä‘áº¿n Ä‘Ã¢y thá»i gian tá»« 1.3.2018 cáº§n lÆ°u Ã½ vÃ¬ tÃ´i Ä‘áº¿n báº£o tÃ ng Ä‘ang Ä‘Ã³ng cá»­a Ä‘á»ƒ sá»­a chá»¯a! KhÃ´ng xem Ä‘Æ°á»£c! Chá»‰ vÃ o Ä‘Æ°á»£c Ä‘á»n tháº¯p hÆ°Æ¡ng! NhÃ¢n viÃªn trÃ´ng Ä‘á»n thÃ¬ 10h36 Ä‘Ã£ giá»¥c tÃ´i ra Ä‘á»ƒ Ä‘Ã³ng cá»­a nghá»‰ trÆ°a! TÃ´i ko biáº¿t Ä‘Ã¢y cÃ³ pháº£i viá»‡c lÃ m thÆ°á»ng xuyÃªn khÃ´ng? NhÆ°ng tÃ´i tháº¥y khÃ´ng cháº¥p Ä‘Æ°á»£c! Sau tÃ´i táº§m 11h kÃ©m cÃ³ 2 Ä‘oÃ n tour khÃ¡ Ä‘Ã´ng khÃ¡ch Ä‘áº¿n thÃ¬ bá»‹ Ä‘á»n Ä‘Ã³ng cá»­a! Coi nhÆ° há» Ä‘áº¿n máº¥t cÃ´ng, báº£o tÃ ng ko vÃ o Ä‘Æ°á»£c, Ä‘á»n ko Ä‘c vÃ o tháº¯p hÆ°Æ¡ng! MÃ  trong khi báº£o tÃ ng ko há» cÃ³ thÃ´ng bÃ¡o Ä‘Ã³ng cá»­a, Ä‘á»n Ä‘Ã³ng cá»­a sá»›m! Ráº¥t phÃ­ cÃ´ng khÃ¡ch bá» thá»i gian, tiá»n báº¡c Ä‘á»ƒ Ä‘áº¿n tham quan 1 Ä‘iá»ƒm khÃ¡ xa thÃ nh phá»‘! Ráº¥t tiáº¿c! TrÃªn Ä‘Æ°á»ng vá» thÃ nh phá»‘ cÃ³ thá»ƒ ghÃ© thÃ¡p BÃ¡nh Ã­t thÄƒm quan Ä‘á»ƒ vá»›t vÃ¡t chÃºt hy vá»ng"
"báº£o tÃ ng cÃ³ 2 Ä‘iá»ƒm thÃº vá»‹ vá»›i Ä‘a sá»‘ du khÃ¡ch. gá»“m:.1. biá»ƒu diá»…n vÃµ thuáº­t vÃ  trá»‘ng tráº­n TÃ¢y SÆ¡n..Ä‘Ã¢y lÃ  Ä‘iá»ƒm Ä‘áº·c trÆ°ng mÃ  chá»‰ nÆ¡i Ä‘Ã¢y cÃ³, bao gá»“m cÃ¡c tiáº¿t má»¥c biá»ƒu diá»…n trá»‘ng tráº­n, diá»…n vÃµ thuáº­t bao gá»“m quyá»n, cÆ°á»›c, Ä‘á»‘i khÃ¡n, binh khÃ­ vÃ  nháº£y mÃºa cá»“ng chiÃªn. Viá»‡c cÃ³ sá»± hiá»‡n diá»‡n cá»§a vÄƒn hÃ³a Báº¯c TÃ¢y NguyÃªn táº¡i Ä‘Ã¢y lÃ  1 váº¥n Ä‘á» thÃº vá»‹ khi ta tÃ¬m hiá»ƒu vá» lá»±c lÆ°á»£ng cá»§a phong trÃ o TÃ¢y SÆ¡n..Tuy nhiÃªn, khÃ¡ch láº» sáº½ khÃ³ tiáº¿p cáº­n vá»›i cÃ¡c buá»•i diá»…n vÃ o cÃ¡c ngÃ y váº¯ng khÃ¡ch, vÃ¬ khÃ´ng tháº¥y báº£o tÃ ng tá»• chá»©c suáº¥t diá»…n nhÆ° Ä‘Ã£ bÃ¡o trÃªn vÃ©, nhÃ¢n viÃªn trá»±c láº¡i muá»‘n thu thÃªm tiá»n ??? nÄƒm 2018 tÃ´i theo tour du lá»‹ch cÃ³ dá»‹p xem biá»ƒu diá»…n tháº¥y ráº¥t thÃ­ch, má»›i táº¿t rá»“i tÃ´i ghÃ© thÃ¬ láº¡i khÃ´ng xem Ä‘Æ°á»£c.2 Ä‘á»n thá» TÃ¢y SÆ¡n Tam Kiá»‡t trÃªn ná»n ngÃ´i nhÃ  xÆ°a cá»§a há» vÃ  giáº¿ng nÆ°á»›c.khÃ¡ch Ä‘áº¿n tham quan sáº½ cÃ³ dá»‹p Ä‘Æ°á»£c tráº£i nghiá»‡m nguá»“n nÆ°á»›c mÃ¡t lÃ nh tá»« giáº¿ng cá»• bÃªn mÃ© trÃ¡i Ä‘iá»‡n thá», tÆ°Æ¡ng truyá»n ngÃ y trÆ°á»›c 3 anh em TÃ¢y SÆ¡n cÅ©ng dÃ¹ng nÆ°á»›c tá»« giáº¿ng nÃ y..hiá»‡n nay khu vá»±c nhÃ  hÃ ng cá»§a báº£o tÃ ng chÆ°a tháº¥y hoáº¡t Ä‘á»™ng vÃ  chá»‰ cÃ³ 1 nhÃ  vá»‡ sinh á»Ÿ gáº§n khu vá»±c nhÃ  hÃ ng"
"Báº£o tÃ ng Quang Trung náº±m trÃªn má»™t khu Ä‘áº¥t ráº¥t rá»™ng lá»›n, ngay cá»•ng vÃ o lÃ  má»™t hÃ o nÆ°á»›c sÃ¢u vá»›i nhá»¯ng chiáº¿c cáº¥u cong báº¯c ngang bao quanh nhÃ  báº£o tÃ ng lÃ  vÆ°á»n cÃ¢y cá»• thá»¥ cÃ¹ng ráº¥t nhiá»u cÃ¡c loáº¡i cÃ¢y cÃ³ gáº¯n tÃªn cÃ¡c vá»‹ quan chá»©c vÃ´ cÃ¹ng xanh tá»‘t, mÃ¡t máº». NhÃ  báº£o tÃ ng Ä‘Æ°á»£c Ä‘áº§u tÆ° khÃ¡ bÃ i báº£n vá»›i nhá»¯ng bá»©c tranh tÆ°á»ng ráº¥t lá»›n tÃ¡i hiá»‡n cÃ¡c tráº­n Ä‘Ã¡nh trong lá»‹ch sá»­, kÃ¨m theo Ä‘Ã³ lÃ  khÃ¡ nhiá»u tÆ° liá»‡u cá»• nhÆ° cÃ¡c bá»©c chiáº¿u phong, cÃ¡c dá»¥ng cá»¥ chiáº¿n Ä‘áº¥u, tiá»n xu cá»•...phÃ­a bÃªn pháº£i khu báº£o tÃ ng cÃ³ cÃ¢y me cá»• thá»¥ cá»±c lá»›n vÃ  má»™t giáº¿ng nÆ°á»›c Ä‘Ã¡ ong, tháº£ dÃ¢y gáº§u chá»«ng chá»¥c sáº£i tay ta sáº½ kÃ©o lÃªn Ä‘Æ°á»£c gáº§u nÆ°á»›c trong vÄƒn váº¯t mÃ¡t láº¡nh...theo sá»­ sÃ¡ch Ä‘Ã¢y chÃ­nh lÃ  cÃ¢y me vÃ  giáº¿ng nÆ°á»›c cá»§a gia Ä‘Ã¬nh anh em vua Quang Trung ngÃ y trÆ°á»›c. PhÃ²ng chiáº¿u phim lá»‹ch sá»­ cÃ³ mÃ n áº£nh rá»™ng vá»›i há»‡ thá»‘ng Ã¢m thanh ná»•i phÃ¡t ra nhÆ°ng giai Ä‘iá»‡u hÃ o hÃ¹ng khÃ¡ háº¥p dáº«n, náº¿u cÃ³ Ä‘á»§ thá»i gian ta khÃ´ng nÃªn bá» qua nhá»¯ng thÆ°á»›c phim nÃ y."
"Äáº¿n báº£o tÃ ng Quang Trung Ä‘Ãºng dá»‹p Ä‘ang sá»­a chá»¯a nÃªn chá»‰ cÃ³ thá»ƒ ngáº¯m cáº£nh bÃªn ngoÃ i. Báº£o tÃ ng rá»™ng vá»›i nhiá»u khu, nhiá»u toÃ  nhÃ , cÃ¢y cá»‘i, ao cÃ¡.."
"Báº£o tÃ ng Quang Trung, khu chÃ­nh trÆ°ng bÃ y di tÃ­ch, binh khÃ­, sÃºng, dá»¥ng cá»¥ ... Ä‘Æ°á»£c sá»­ dá»¥ng trong thá»i cá»§a Nguyá»…n Huá»‡. Báº£o tÃ ng nhiá»u cÃ¢y xanh mÃ¡t máº», sáº¡ch."
"Báº£o tÃ ng ráº¥t rá»™ng, Ä‘áº¹p vÃ  sáº¡ch sáº½. CÃ¡ch bá»‘ trÃ­ cÃ¡c ká»· váº­t, thuyáº¿t minh, tranh áº£nh...ráº¥t khoa há»c, chi tiáº¿t vÃ  theo dÃ²ng thá»i gian. CÃ³ mÃºa vÃµ vÃ  nháº¡c tuy nhiÃªn mÃ¬nh ko á»Ÿ láº¡i xem. Má»™t Ä‘iá»ƒm trá»« lÃ  ko tháº¥y cÃ³ hÆ°á»›ng dáº«n viÃªn thuyáº¿t minh. Má»™t Ä‘á»‹a Ä‘iá»ƒm ráº¥t Ä‘Ã¡ng Ä‘á»ƒ Ä‘i cho nhá»¯ng ngÆ°á»i muá»‘n tÃ¬m hiá»ƒu vá» vá»‹ anh hÃ¹ng dÃ¢n tá»™c Quang Trung - Nguyá»…n Huá»‡"
Vá» TÃ¢y SÆ n thÃ¬ ghÃ© nÆ¡i Ä‘Ã¢y Ä‘áº§u tiÃªn nhÃ© cáº£ nhÃ !
"Báº£o tÃ ng quang trung lÃ  nÆ¡i trang nghiÃªm trÃ¡ng lá»‡.Äá»ƒ láº¡i dáº¥u áº¥n cho khÃ¡ch du lá»‹ch cÃ³ cáº£m giÃ¡c thÃ­ch thÃº.ÄÃ£ hÆ¡n 225 nÄƒm tá»« sau Tráº­n chiáº¿n tháº¯ng Äá»‘ng Äa xáº£y ra nhÆ°ng má»—i láº§n nháº¯c láº¡i ta Ä‘á»u cáº£m tháº¥y tháº­t hÃ£nh diá»‡n vá» chiáº¿n cÃ´ng oai hÃ¹ng cá»§a Vua Quang Trung Nguyá»…n Huá»‡ trong ngÃ y lá»‹ch sá»­ mÃ¹ng 5 Táº¿t Ká»· Dáº­u (1789)...Vua Quang Trung -Nguyá»…n Huá»‡ (1753-1792) sinh nÄƒm 1753, cÃ²n cÃ³ tÃªn lÃ  Nguyá»…n Quang BÃ¬nh lÃ  em Ãºt cá»§a ba anh em Nguyá»…n Nháº¡c, Nguyá»…n Lá»¯ vÃ  Nguyá»…n Huá»‡...Tá»• cá»§a Vua há» Há»“, nhÆ°ng khi khá»Ÿi nghÄ©a á»Ÿ Qui NhÆ¡n, láº¥y há» máº¹ (Nguyá»…n). Theo Äáº¡i Nam ChÃ­nh BiÃªn Liá»‡t Truyá»‡n, Nguyá»…n VÄƒn Huá»‡ cÃ³ tiáº¿ng nÃ³i nhÆ° chuÃ´ng, máº¯t láº­p lÃ²e nhÆ° Ã¡nh Ä‘iá»‡n, lÃ  ngÆ°á»i thÃ´ng minh, giá»i chiáº¿n Ä‘áº¥u. Vua Quang Trung Nguyá»…n Huá»‡  máº¥t ngÃ y 29 thÃ¡ng 7 nÄƒm NhÃ¢m TÃ½ (16 thÃ¡ng 9 nÄƒm 1792), vÃ o khoáº£ng 11-12 giá» Ä‘Ãªm, á»Ÿ ngÃ´i 4 nÄƒm, thá» 40 tuá»•i, miáº¿u hiá»‡u lÃ  ThÃ¡i Tá»• VÅ© HoÃ ng Äáº¿. Hiá»‡n nay cÃ³ Ä‘á»n thá» táº¡i huyá»‡n TÃ¢y SÆ¡n, tá»‰nh BÃ¬nh Äá»‹nh...KhÃ¡c vá»›i lá»‡ thÆ°á»ng, dÃ¢n tá»™c Viá»‡t khÃ´ng láº¥y ngÃ y bÄƒng hÃ  cá»§a vua Quang Trung lÃ m ngÃ y ká»· niá»‡m, nhÆ°ng láº¡i chá»n ngÃ y â€œGiá»— Tráº­n Äá»‘ng Äaâ€. CÃ³ hai lÃ½ do: Thá»© nháº¥t, lá»‹ch sá»­ cáº­n Ä‘áº¡i triá»u Nguyá»…n coi vua Quang Trung TÃ¢y SÆ¡n lÃ  â€œNguá»µâ€, nÃªn khÃ´ng cho phÃ©p ai Ä‘Æ°á»£c chÃ­nh thá»©c lÃ m lá»… ká»· niá»‡m NgÃ i. Thá»© hai, ngÃ y â€œGiá»— Tráº­n Äá»‘ng Äaâ€ ban Ä‘áº§u chá»‰ lÃ  lá»… giá»— nhá»¯ng vong há»“n ngÆ°á»i Thanh cháº¿t nÆ¡i Ä‘áº¥t láº¡, xa nhÃ . Lá»… nÃ y Ä‘Æ°á»£c ngÆ°á»i Hoa  tÃ¡n thÃ nh, vua quan nhÃ  Nguyá»…n cÅ©ng khÃ´ng cÃ³ lÃ½ do gÃ¬ Ä‘á»ƒ cáº¥m Ä‘oÃ¡n. VÃ¬ liÃªn há»‡ giá»¯a nhá»¯ng cÃ¡i cháº¿t cá»§a quÃ¢n TÃ u vá»›i chiáº¿n tháº¯ng lá»«ng danh cá»§a vua Quang Trung, nÃªn sau nÃ y ai cÅ©ng cÃ´ng nháº­n ngÃ y â€œGiá»— Tráº­n Äá»‘ng Äaâ€ lÃ  ngÃ y ká»· niá»‡m vua Quang Trung..-------------------------------------------------"
"CÃ¡ch thÃ nh phá»‘ Quy NhÆ¡n hÆ¡n 42 km theo QL 19 vá» hÆ°á»›ng tÃ¢y, Báº£o tÃ ng Quang Trung Ä‘Æ°á»£c xÃ¢y dá»±ng trÃªn chÃ­nh ná»n nhÃ  cÅ© cá»§a gia tá»™c Nguyá»…n Huá»‡ á»Ÿ lÃ ng KiÃªn Má»¹, áº¥p KiÃªn ThÃ nh, nay thuá»™c thá»‹ tráº¥n PhÃº Phong, huyá»‡n TÃ¢y SÆ¡n, tá»‰nh BÃ¬nh Äá»‹nh - quÃª hÆ°Æ¡ng cá»§a ""TÃ¢y SÆ¡n tam kiá»‡t"" Nguyá»…n Nháº¡c, Nguyá»…n Huá»‡, Nguyá»…n Lá»¯...ChÃ­nh táº¡i nÆ¡i Ä‘Ã¢y Ä‘Ã£ phÃ¡t sinh phong trÃ o khá»Ÿi nghÄ©a TÃ¢y SÆ¡n. Báº£o tÃ ng Quang Trung vÃ  Ä‘iá»‡n thá» TÃ¢y SÆ¡n á»Ÿ thÃ´n KiÃªn Má»¹ lÃ  nÆ¡i duy nháº¥t cÃ²n lÆ°u giá»¯ khÃ¡ Ä‘áº§y Ä‘á»§ nhá»¯ng di tÃ­ch hiá»‡n váº­t cÃ³ liÃªn quan tá»›i phong trÃ o TÃ¢y SÆ¡n vÃ o cuá»‘i tháº¿ ká»· thá»© XIIX á»Ÿ Viá»‡t Nam."
Báº£o tÃ ng Quang Trung lÃ  báº£o tÃ ng ná»•i tiáº¿ng á»Ÿ BÃ¬nh Äá»‹nh. Gáº¯n liá»n vá»›i cuá»™c khá»Ÿi nghÄ©a TÃ¢y SÆ¡n.
"KhuÃ´n viÃªn rá»™ng, Ä‘áº¹p, cÃ³ nhiá»u cÃ¢y xanh.CÃ³ tiáº¿t má»¥c mÃºa vÃµ cá»• truyá»n ráº¥t hay...like"
"Báº£o tÃ ng Quang Trung lÃ  má»™t trong nhá»¯ng báº£o tÃ ng lá»‹ch sá»­ ná»•i tiáº¿ng á»Ÿ BÃ¬nh Äá»‹nh, nÆ¡i Ä‘Ã¢y gáº¯n liá»n vá»›i khá»Ÿi nghÄ©a TÃ¢y SÆ¡n lÃ  má»™t trong nhá»¯ng cuá»™c khá»Ÿi nghÄ©a giáº£i phÃ³ng dÃ¢n tá»™c thÃ nh cÃ´ng nháº¥t á»Ÿ nÆ°á»›c ta..Äáº¿n thÄƒm báº£o tÃ ng Quang Trung BÃ¬nh Äá»‹nh, du khÃ¡ch sáº½ cÃ³ dá»‹p Ä‘Æ°á»£c ngÆ°á»£c dÃ²ng lá»‹ch sá»­ Ä‘á»ƒ sá»‘ng vá»›i tinh tháº§n thÆ°á»£ng vÃµ, kiÃªn cÆ°á»ng báº¥t khuáº¥t vÃ  lÃ²ng yÃªu nÆ°á»›c thÆ°Æ¡ng dÃ¢n thÃ´ng qua trang sá»­ oai hÃ¹ng cá»§a khá»Ÿi nghÄ©a TÃ¢y SÆ¡n, nhá»¯ng chiáº¿n cÃ´ng hiá»ƒn hÃ¡ch cá»§a Nguyá»…n Huá»‡ vÃ  nhá»¯ng vá»‹ tÆ°á»›ng thÃ¢n cáº­n kiÃªn trung..KhÃ´ng gian nÃªn sinh Ä‘á»™ng hÆ¡n thay vÃ¬ chá»‰ trÆ°ng bÃ y ."
Má»™t Báº£o tÃ ng háº¿t sá»©c cÃ³ Ã½ nghÄ©a cho lá»›p háº­u sinh tÃ¬m hiá»ƒu vá» Triá»u Ä‘áº¡i TÃ¢y SÆ¡n
"Tuyá»‡t vá»i. NhÆ°ng báº£o vá»‡ cho xe Ã´tÃ´ cháº¡y vÃ o bÃªn trong hÃ ng rÃ o hÆ¡i lá»™n xá»™n ,máº¥t tÃ­nh tÃ´n nghiÃªm"
"CÃ³ nhiá»u tÆ° liá»‡u quÃ½, vÃ o Ä‘Ã¢y cÃ³ hdv giá»›i thiá»‡u sáº½ hiá»ƒu hÆ¡n vá» lá»‹ch sá»­ vua Quang Trung vÃ  Ä‘áº¥t nÆ°á»›c thá»i báº¥y giá». CÃ³ xem phim tÆ° liá»‡u 3d"
VÃ o báº£o tÃ ng Ä‘á»ƒ ta cÃ ng tháº¥y tá»± hÃ o khi mÃ¬nh lÃ  ngá»«Æ¡i dÃ¢n ná»©Æ¡c Viá»‡t
"Báº£o tÃ ng Quang Trung cÃ¡ch thÃ nh phá»‘ Quy NhÆ¡n 50km vá» phÃ­a TÃ¢y Báº¯c, thuá»™c lÃ ng KiÃªn Má»¹, xÃ£ BÃ¬nh ThÃ nh, huyá»‡n TÃ¢y SÆ¡n. Báº£o tÃ ng Ä‘Æ°á»£c xÃ¢y dá»±ng nÄƒm 1978 theo lá»‘i kiáº¿n trÃºc cá»•, dÃ¡ng váº» uy nghiÃªm...Báº£o tÃ ng cÃ³ 9 phÃ²ng trÆ°ng bÃ y vá»›i nhá»¯ng di váº­t quan trá»ng liÃªn quan Ä‘áº¿n phong trÃ o khá»Ÿi nghÄ©a TÃ¢y SÆ¡n. Náº±m trong quáº§n thá»ƒ Báº£o tÃ ng Quang Trung lÃ  Ä‘iá»‡n thá» TÃ¢y SÆ¡n Tam Kiá»‡t vÃ  cÃ¡c danh tÆ°á»›ng thá»i TÃ¢y SÆ¡n. Äiá»‡n Ä‘Æ°á»£c xÃ¢y dá»±ng trÃªn chÃ­nh ná»n nhÃ  cÅ© cá»§a ba anh em nhÃ  TÃ¢y SÆ¡n. Äiá»‡n Ä‘Æ°á»£c nhÃ¢n dÃ¢n gÃ³p cÃ´ng xÃ¢y dá»±ng vÃ o nÄƒm 1958 vÃ  hoÃ n thÃ nh vÃ o nÄƒm 1960 vá»›i tá»•ng thá»ƒ diá»‡n tÃ­ch 2.325mÂ²...Trong báº£o tÃ ng cÃ³ 3 nhÃ³m nhÃ  chÃ­nh, gá»£i ra 3 hÆ°á»›ng tá»a vÃ o sÃ¢n tÆ°á»£ng , cÃ¹ng vá»›i Ä‘Æ°á»ng vÃ o tá»« phÃ­a cá»•ng báº£o tÃ ng, táº¡o nÃªn bá»‘ cá»¥c sÃ¢n tÆ°á»£ng trÃ²n vÃ  cÃ¢n Ä‘á»‘i, má»Ÿ ra 4 hÆ°á»›ng, xong láº¡i tá»¥ vÃ o 1 Ä‘iá»ƒm: Ä‘Ã³ lÃ  nÆ¡i Ä‘áº·t tÆ°á»£ng Ä‘Ã i Quang Trung - Nguyá»…n Huá»‡. NhÃ¬n bá» ngoÃ i, kiáº¿n trÃºc Báº£o tÃ ng Quang Trung mang Ä‘Æ°á»ng nÃ©t cá»•, vá»›i nhá»¯ng hÃ ng cá»™t Ä‘Æ°á»£c nháº¯c láº¡i cÃ³ nhá»‹p Ä‘iá»‡u vÃ  nhá»¯ng lá»›p mÃ¡i cong khá»e khoáº¯n nhÆ°ng váº«n lÃ£ng máº¡n, hÃ i hÃ²a...TrÆ°á»›c sÃ¢n rá»™ng cÃ³ cá»•ng tam quan, tiáº¿p Ä‘Ã³ lÃ  nhÃ  bia ghi cÃ´ng lao cá»§a Quang Trung - Nguyá»…n Huá»‡ viáº¿t báº±ng chá»¯ quá»‘c ngá»¯. ChÃ­nh Ä‘iá»‡n gá»“m ba gian, gian giá»¯a thá» Quang Trung - Nguyá»…n Huá»‡, cÃ³ bá»©c tranh Ã´ng cÆ°á»¡i ngá»±a Ä‘áº·t trong khung kÃ­nh, gian bÃªn trÃ¡i thá» Nguyá»…n Nháº¡c, gian bÃªn pháº£i thá» Nguyá»…n Lá»¯. Hai Ä‘áº§u há»“i lÃ  ban thá» cÃ¡c vÄƒn tháº§n vÃµ tÆ°á»›ng nhÃ  TÃ¢y SÆ¡n nhÆ°: Tráº§n Quang Diá»‡u, BÃ¹i Thá»‹ XuÃ¢n, VÃµ VÄƒn DÅ©ng, NgÃ´ ThÃ¬ Nháº­m, NgÃ´ VÄƒn Sá»Ÿ, Tráº§n VÄƒn Ká»·â€¦..Hiá»‡n nay trong khu vÆ°á»n cÅ© cá»§a gia Ä‘Ã¬nh anh em TÃ¢y SÆ¡n váº«n cÃ²n láº¡i hai di tÃ­ch cá»±c ká»³ quÃ½ giÃ¡ lÃ  cÃ¢y me cá»• thá»¥ vÃ  giáº¿ng nÆ°á»›c xÆ°a, tÆ°Æ¡ng truyá»n cÃ³ tá»« thá»i Há»“ Phi PhÃºc. CÃ¢y me cá»• thá»¥ náº±m bÃªn trÃ¡i Ä‘iá»‡n TÃ¢y SÆ¡n cÃ nh lÃ¡ xum xuÃª che mÃ¡t cáº£ má»™t gÃ³c vÆ°á»n, cÃ³ chu vi gá»‘c cÃ¢y tá»›i 3,5m. BÃªn pháº£i Ä‘iá»‡n TÃ¢y SÆ¡n lÃ  giáº¿ng nÆ°á»›c, Ä‘Æ°á»ng kÃ­nh 0,9m."
"Báº£o tÃ ng Quang Trung - má»™t Ä‘á»‹a Ä‘iá»ƒm lá»‹ch sá»­ hÃ o hÃ¹ng cá»§a BÃ¬nh Äá»‹nh. Äáº¿n vá»›i nÆ¡i nÃ y QuÃ½ du khÃ¡ch chiÃªm ngÆ°á»¡ng cÃ¢y me trÄƒm nÄƒm, giáº¿ng nÆ°á»›c Ä‘Ã¡ ong ná»•i tiá»ƒng Ä‘áº·c biá»‡t lÃ  tham gia xem cÃ¡c show biá»ƒu diá»…n mÃºa vÃµ vÃ  trá»‘ng tráº­n TÃ¢y SÆ¡n. ÄÃ¢y lÃ  Ä‘á»‹a Ä‘iá»ƒm khÃ´ng thá»ƒ thiáº¿u trong cÃ¡c Tour du lá»‹ch dÃ i ngÃ y táº¡i Quy NhÆ¡n, Quy NhÆ¡n Tourist thÆ°á»ng xuyÃªn Ä‘Æ°a khÃ¡ch vÃ o Ä‘á»‹a Ä‘iá»ƒm ná»•i tiáº¿ng nÃ y."
"""CÃ¡c báº¡n cÃ³ thá»ƒ Ä‘áº¿n thÄƒm báº£o tÃ ng vÃ o táº¥t cáº£ cÃ¡c ngÃ y trong tuáº§n, sÃ¡ng tá»« 7h Ä‘áº¿n 11h, chiá»u tá»« 1 rÆ°á»¡i Ä‘áº¿n 5 giá». GiÃ¡ vÃ© Ä‘Æ°á»£c Ã¡p dá»¥ng chung cho má»i du khÃ¡ch trong vÃ  ngoÃ i nÆ°á»›c Ä‘á»u lÃ  10.000Ä‘/ngÆ°á»i."" GiÃ¡ vÃ© cÃ³ thá»ƒ tÄƒng lÃªn thÃ nh 20k. Lá»… há»™i vÃ o mÃ¹ng 4, 5 Ä‘Æ°á»£c má»Ÿ cá»­a tá»± do..**LÆ°u Ã½: Vua Quang Trung khÃ´ng pháº£i lÃ  anh em gÃ¬ vá»›i Nguyá»…n Huá»‡ nhÃ©!"
"KhÃ´ng gian rá»™ng, thoÃ¡ng mÃ¡t sáº¡ch sáº½, cÃ³ nhiá»u cá»• váº­t giÃ¡ trá»‹"
NÃªn Ä‘áº¿n tham quan sÃ¡ng sá»›m hoáº·c chiá»u mÃ¡t lÃ  tuyá»‡t nháº¥t
"Khu di tÃ­ch rá»™ng vÃ  nhiá»u cÃ¢y xanh, mÃ¹a lá»… há»™i ráº¥t Ä‘Ã´ng ngÆ°á»i, vá»‡ sinh chÆ°a tá»‘t vÃ  buÃ´n bÃ¡n tá»± phÃ¡t ráº¥t máº¥t má»¹ quan"
"Má»™t vÃ¹ng Ä‘Ã¢t linh thiÃªng Ä‘áº§y hÃ o khÃ­..Äáº¿n Ä‘á»ƒ hiá»ƒu vá» má»™t thá»i oanh hÃ¹ng cá»§a vÆ°Æ¡ng triá»u TÃ¢y SÆ¡n. NÆ¡i 3 anh em Ã¡o váº£i: Nguyá»…n Nháº¡c, Nguyá»…n Huá»‡ vÃ  Nguyá»…n Lá»¯ Ä‘Ã£ Ä‘á»©ng dáº­y hÃ´ hÃ o Ä‘á»™i quÃ¢n Ã¡o váº£i tá»« vÃ i trÄƒm ngÆ°á»i Ä‘áº¿n vÃ i chá»¥c váº¡n quÃ¢n vÃ  giÃ nh cÃ¡c chiáº¿n tháº¯ng oanh liá»‡t ghi vÃ o sá»­ sÃ¡ch: tráº­n Ráº¡ch Gáº§m XoÃ i MÃºt tráº­n Ä‘áº¡i tháº¯ng quÃ¢n Thanh... (thÃ´ng qua cÃ¡c thÆ°á»›c phim tÃ i liá»‡u quÃ½ giÃ¡)...Náº¿u yÃªu lá»‹ch sá»­ vÃ  muá»‘n tÃ¬m hiá»ƒu vá» cÃ¡c tháº¿ há»‡ cha Ã´ng báº¡n khÃ´ng nÃªn bá» qua váº£o tÃ ng Quang Trung khi Ä‘áº¿n vÃ¹ng Ä‘áº¥t vÃµ Binh Äá»‹nh."
"Báº£o tÃ ng to Ä‘áº¹p, quy cá»§. NÃªn Ä‘áº¿n khi Ä‘áº¿n thÄƒm BÃ¬nh Äá»‹nh."
"CÃ³ biá»ƒu diá»…n vÃµ tÃ¢y sÆ¡n theo suáº¥t, tá»›i Ä‘Ãºng giá» Ä‘Ã³ mua vÃ© lÃ  Ä‘Æ°á»£c vÃ o xem."
MÃºa vÃµ BÃ¬nh Äá»‹nh ráº¥t hay vÃ  Báº£o TÃ ng Ä‘áº¹p. GiÃ¡ trá»‹ lá»‹ch sá»­ cao
Tháº­t lÃ  tuyá»‡t vá»i háº¹n gáº·p láº¡i má»™t láº§n ná»¯a
Tá»« phÃ­a xa tháº¥p thoÃ¡ng sau nhá»¯ng hÃ ng cÃ¢y rá»£p bÃ³ng lÃ  mÃ¡i ngÃ³i Ä‘á» tÆ°Æ¡i vÃ  cá»• kÃ­nh. Báº£o tÃ ng quang trung cho cÃ¡c báº¡n tÃ¬m vá» vá»›i cá»™i nguá»“n ..HÃ£y Ä‘áº¿n vÃ  cáº£m nháº­n .
"HÆ°á»›ng dáº«n viÃªn cá»§a báº£o tÃ ng tá»‘t, kiáº¿n thá»©c Ä‘áº§y Ä‘á»§. Äáº¹p, Ã½ nghÄ©a. ÄÃ¡ng Ä‘á»ƒ Ä‘i."
NÆ¡i trÆ°ng bÃ y cÃ¡c hiá»‡n váº­t vá» vua Quang Trung vÃ  nhÃ  TÃ¢y SÆ¡n
"Báº£o tÃ ng Quang Trung dáº¥u áº¥n lá»‹ch sá»­ hÃ o hÃ¹ng cá»§a dÃ¢n tá»™c..Báº£o tÃ ng Quang Trung lÃ  má»™t trong nhá»¯ng báº£o tÃ ng lá»‹ch sá»­ ná»•i tiáº¿ng á»Ÿ BÃ¬nh Äá»‹nh, nÆ¡i Ä‘Ã¢y gáº¯n liá»n vá»›i khá»Ÿi nghÄ©a TÃ¢y SÆ¡n lÃ  má»™t trong nhá»¯ng cuá»™c khá»Ÿi nghÄ©a giáº£i phÃ³ng dÃ¢n tá»™c thÃ nh cÃ´ng nháº¥t á»Ÿ nÆ°á»›c ta. Äá»ƒ lÆ°u giá»¯ láº¡i nhá»¯ng hiá»‡n váº­t lá»‹ch sá»­ má»™t thá»i Ä‘Ã¡ng nhá»›, ngÆ°á»i ta cho xÃ¢y dá»±ng báº£o tÃ ng Quang Trung BÃ¬nh Äá»‹nh ngay táº¡i chÃ­nh quÃª hÆ°Æ¡ng cá»§a ngÆ°á»i anh hÃ¹ng dÃ¢n tá»™c...Xem thÃªm: Du lá»‹ch BÃ¬nh Äá»‹nh â€“ nhá»¯ng Ä‘á»‹a Ä‘iá»ƒm ná»•i tiáº¿ng â€œkhÃ´ng thá»ƒ bá» quaâ€..Báº£o tÃ ng Quang Trung lá»‹ch sá»­ hÃ o hÃ¹ng dÃ¢n tá»™c..Khung cáº£nh bÃªn ngoÃ i báº£o tÃ ng Quang Trung (áº¢nh: ST)..Du lá»‹ch Quy NhÆ¡n nÆ¡i cÃ³ báº£o tÃ ng mang tÃªn ngÆ°Æ¡i anh hÃ¹ng â€œÃ¡o váº£iâ€ Quang Trung â€“ Nguyá»…n Huá»‡ (thá»§ lÄ©nh cá»§a phong trÃ o khá»Ÿi nghÄ©a TÃ¢y SÆ¡n vÃ o nhá»¯ng nÄƒm tháº¿ ká»· 18). NÆ¡i Ä‘Ã¢y khÃ´ng chá»‰ lÆ°u giá»¯ nhá»¯ng hiá»‡n váº­t lá»‹ch sá»­ liÃªn quan Ä‘áº¿n cuá»™c khá»Ÿi nghÄ©a TÃ¢y SÆ¡n mÃ  cÃ²n lÃ  nÆ¡i lÆ°u láº¡i dáº¥u tÃ­ch ba anh em há» Nguyá»…n: Nguyá»…n Nháº¡c, Nguyá»…n Huá»‡, Nguyá»…n Lá»¯. ÄÆ°á»£c khÃ¡nh thÃ nh vÃ o nÄƒm 1978 táº¡i lÃ ng LiÃªn Má»¹, xÃ£ BÃ¬nh ThÃ nh, huyá»‡n TÃ¢y SÆ¡n, tá»‰nh BÃ¬nh Äá»‹nh, cÃ¡ch trung tÃ¢m thÃ nh phá»‘ Quy NhÆ¡n khoáº£ng 45km theo Ä‘Æ°á»ng quá»‘c lá»™ 19. NÆ¡i Ä‘Ã¢y Ä‘Æ°á»£c coi lÃ  báº£o tÃ ng Danh nhÃ¢n lá»›n nháº¥t cÅ©ng nhÆ° báº£o tÃ ng thu hÃºt Ä‘Æ°á»£c Ä‘Ã´ng Ä‘áº£o khÃ¡ch Ä‘áº¿n tham quan du lá»‹ch vÃ  tÃ¬m hiá»ƒu vá» lá»‹ch sá»­ nhiá»u nháº¥t á»Ÿ Viá»‡t Nam...CÃ¡c báº¡n cÃ³ thá»ƒ Ä‘áº¿n thÄƒm báº£o tÃ ng vÃ o táº¥t cáº£ cÃ¡c ngÃ y trong tuáº§n, sÃ¡ng tá»« 7h Ä‘áº¿n 11h, chiá»u tá»« 1 rÆ°á»¡i Ä‘áº¿n 5 giá». GiÃ¡ vÃ© Ä‘Æ°á»£c Ã¡p dá»¥ng chung cho má»i du khÃ¡ch trong vÃ  ngoÃ i nÆ°á»›c Ä‘á»u lÃ  10.000Ä‘/ngÆ°á»i...Khu vá»±c báº£o tÃ ng TÃ¢y SÆ¡n Quang Trung BÃ¬nh Äá»‹nh Ä‘Æ°á»£c thiáº¿t káº¿ vá»›i cáº¥u trÃºc 9 phÃ²ng trÆ°ng bÃ y lÆ°u giá»¯ khoáº£ng trÃªn 11.000 hiá»‡n váº­t quan trá»ng liÃªn quan Ä‘áº¿n khá»Ÿi nghÄ©a TÃ¢y SÆ¡n vÃ  3 anh em há»..Náº±m trong quáº§n thá»ƒ báº£o tÃ ng lÃ  Ä‘iá»‡n thá» TÃ¢y SÆ¡n Tam Kiá»‡t cÃ¹ng cÃ¡c danh tÆ°á»›ng thÃ¢n cáº­n, dÆ°á»›i sá»± chung tay gÃ³p sá»©c cá»§a Ä‘Ã´ng Ä‘áº£o nhÃ¢n dÃ¢n, vÃ o nÄƒm 1958 Ä‘iá»‡n thá» chÃ­nh thá»©c Ä‘Æ°á»£c khá»Ÿi cÃ´ng xÃ¢y dá»±ng vÃ  hoÃ n thÃ nh vÃ o nÄƒm 1960 ngay trÃªn ná»n nhÃ  cÅ© cá»§a ba em nhÃ  TÃ¢y SÆ¡n, vá»›i diá»‡n tÃ­ch lÃªn tá»›i 2.325m2...Báº£o tÃ ng Ä‘Æ°á»£c thiáº¿t káº¿ vá»›i bá»‘ cá»¥c cÃ¢n Ä‘á»‘i, tá»a trÃ²n ra tá»© hÆ°á»›ng vÃ  tá»¥m láº¡i vÃ o Ä‘iá»ƒm chÃ­nh giá»¯a â€“ nÆ¡i Ä‘áº·t tÆ°á»£ng Ä‘Ã i Quang trung â€“ Nguyá»…n Huá»‡. Tá»« xa trÃ´ng vÃ o ta tháº¥y bao quanh báº£o tÃ ng Quang Trung BÃ¬nh Äá»‹nh lÃ  â€œkhÃ­ cháº¥tâ€ cá»• xÆ°a vá»›i nhá»¯ng lá»›p mÃ¡i ngÃ³i Ä‘á» gáº¡ch, cong cong cháº¡m kháº¯c nhá»¯ng hÃ¬nh uá»‘n lÆ°á»£n Ä‘iÃªu nghá»‡...TrÆ°á»›c sÃ¢n cÃ³ cá»•ng tam quan, káº¿ Ä‘Ã³ lÃ  nhÃ  bia ghi cÃ´ng lao cá»§a vá»‹ anh hÃ¹ng Quang Trung báº±ng chá»¯ quá»‘c ngá»¯. ChÃ­nh Ä‘iá»‡n Ä‘Æ°á»£c chia thÃ nh ba gian, gian giá»¯a thá» Nguyá»…n Huá»‡, gian bÃªn trÃ¡i thá» Nguyá»…n Nháº¡c, gian cÃ²n láº¡i thá» Nguyá»…n Lá»¯. Hai Ä‘áº§u há»“i Ä‘iá»‡n Ä‘áº·t ban thá» cÃ¡c vÄƒn tháº§n, vÃµ sÄ© nhÃ  TÃ¢y SÆ¡n: BÃ¹i Thá»‹ XuÃ¢n, NgÃ´ ThÃ¬ Nháº­m, Tráº§n Quang Diá»‡u, NgÃ´ VÄƒn Sá»Ÿ, Tráº§n VÄƒn Ká»·, VÃµ VÄƒn DÅ©ngâ€¦..Cho Ä‘áº¿n nay, trong khu vÆ°á»n cÅ© cá»§a gia Ä‘Ã¬nh nhÃ  vua Quang Trung váº«n cÃ²n lÆ°u giá»¯ 2 di tÃ­ch cá»±c ká»³ quÃ½ giÃ¡: giáº¿ng nÆ°á»›c xÆ°a vÃ  cÃ¢y me cá»• thá»¥, tÆ°Æ¡ng truyá»n láº¡i lÃ  cÃ³ tá»« thá»i Há»“ Phi PhÃºc (thÃ¢n sinh cá»§a ba anh em nhÃ  TÃ¢y SÆ¡n). Giáº¿ng nÆ°á»›c cá»• náº±m bÃªn pháº£i Ä‘iá»‡n TÃ¢y SÆ¡n vá»›i Ä‘Æ°á»ng kÃ­nh lÃ  0,9m. NguyÃªn tÃ¡c Ä‘Æ°á»£c xÃ¢y báº±ng Ä‘Ã¡ ong vÃ  khÃ´ng sÃ¢u nhÆ° bÃ¢y giá» bá»Ÿi sau nÃ y dÃ¢n lÃ ng má»›i trÃ¹ng tu Ä‘á»ƒ lÃ m giáº¿ng chung cho cáº£ lÃ ng...Káº¿ bÃªn trÃ¡i Ä‘iá»‡n lÃ  cÃ¢y me cá»• to lá»›n tá»a bÃ³ng mÃ¡t má»™t gÃ³c vÆ°á»n, theo ngÆ°á»i dÃ¢n nÆ¡i Ä‘Ã¢y ká»ƒ láº¡i, chu vi gá»‘c cÃ¢y lÃªn tá»›i 3,5m. Sau má»™t ngÃ y dÃ i tá»›i Ä‘Ã¢y thÄƒm quan di tÃ­ch vÃ  há»c há»i vá» lá»‹ch sá»­ cÃ²n gÃ¬ báº±ng khi Ä‘Æ°á»£c ngá»“i dÆ°á»›i gá»‘c me giÃ  mÃºc má»™t gÃ¡o nÆ°á»›c thiÃªng uá»‘ng Ä‘á»ƒ lÃ m tÄƒng thÃªm nhuá»‡ khÃ­ nhÆ° ngÆ°á»i anh hÃ¹ng Ã¡o váº£i Nguyá»…n Huá»‡...Báº£o tÃ ng Quang Trung BÃ¬nh Äá»‹nh khÃ´ng chá»‰ lÃ  nÆ¡i lÆ°u giá»¯ nhá»¯ng hiá»‡n váº­t lá»‹ch sá»­ mÃ  cÃ²n lÃ  nÆ¡i lÆ°u truyá»n tinh tháº§n vÃµ thuáº­t dÃ¢n tá»™c TÃ¢y SÆ¡n â€“ mÃ´n vÃµ thuáº­t truyá»n thá»‘ng cá»§a BÃ¬nh Äá»‹nh. Äá»ƒ lÃ m tÄƒng thÃªm tÃ­nh sinh Ä‘á»™ng cho nhá»¯ng bÃ i mÃºa vÃµ, ngÆ°á»i dÃ¢n nÆ¡i Ä‘Ã¢y cÃ²n cho tÃ¡i hiá»‡n mÃ n trá»‘ng tráº­n nÄƒm xÆ°a cá»§a vua Quang Trung. Má»—i bÃ i trá»‘ng tráº­n Ä‘á»u gá»“m cÃ³ 3 pháº§n: xuáº¥t tráº­n, cÃ´ng thÃ nh, kháº£i hoÃ nâ€¦ NhÆ°ng Ä‘iá»ƒm Ä‘áº·c biá»‡t á»Ÿ Ä‘Ã¢y lÃ  khÃ´ng há» cÃ³"
"1:45 tham quan bÃ¡n vÃ© mÃ  báº£o tÃ ng Ä‘Ã³ng cá»­a, khÃ´ng cÃ³ nhÃ¢n viÃªn nÃ o trá»±c hay má»Ÿ cá»­a, lÃ m Äƒn táº¯c trÃ¡ch, quÃ¡ tá»‡"
GiaÌ veÌ vaÌ€o cÃ´Ì‰ng quaÌ cao so vÆ¡Ìi mÄƒÌ£t bÄƒÌ€ng thu nhÃ¢Ì£p cuÌ‰a ngÆ°Æ¡Ì€i dÃ¢n. NÃªn miÃªÌƒn phiÌ Ä‘ÃªÌ‰ ngÆ°Æ¡Ì€i dÃ¢n tiÃªÌp cÃ¢Ì£n liÌ£ch sÆ°Ì‰ vÄƒn hoÌa
NÆ¡i lÆ°u giá»¯ nhá»¯ng Di sáº£n cá»§a Gia Ä‘Ã¬nh TÃ¢y SÆ¡n Tam Kiá»‡t vÃ  ghi dáº¥u cÃ¡c chiáº¿n cÃ´ng oanh liá»‡t cá»§a TÃ¢y SÆ¡n Tam Kiá»‡t.
ThÄƒm báº£o tÃ ng mÃ  cá»© ngá»¡ nhÆ° láº¡c vÃ o rá»«ng... bia má»™
"Rá»™ng, Ä‘áº¹p, trÆ°ng bÃ y nhiá»u tÆ° liá»‡u lá»‹ch sá»­"
Báº£o tÃ ng Ä‘ang trong giai Ä‘oáº¡n cuá»‘i chÆ°a hoÃ n thiá»‡n
"Ráº¥t Ä‘Ã¡ng Ä‘á»ƒ tham quan, vÃ  biáº¿t thÃªm nhiá»u Ä‘iá»u vá» vua Quang Trung"
Báº£o tÃ ng Quang trung lÃ  nÆ¡i lÆ°u láº¡i nhá»¯ng dáº¥u áº¥n lich sá»­ vá» cuá»™c khá»Ÿi nghÄ©a tÃ¢y sÆ¡n.
"Di tÃ­ch rá»™ng, cÃ³ ca mÃºa nháº¡c vÃµ tÃ¢y sÆ¡n."
Äá»‹a Ä‘iá»ƒm tá»‘t cho du lá»‹ch lá»‹ch sá»­. Ko thu phÃ­ vÃ o cá»•ng lá»… Ä‘á»‘ng Ä‘a
NhÃ  vá»‡ sinh gáº§n ngÃ y biá»ƒu diá»…n nháº¡c vÃµ  khÃ´ng cÃ³ ngÆ°á»i doáº¡n .khinh khá»§ng láº¯m
"Ráº¥t xa trung tÃ¢m Quy NhÆ¡n, báº£o tÃ ng hiá»‡n Ä‘ang nÃ¢p cáº¥p sá»­a chá»¯a. NÃªn cÃ¢n nháº¯c khi Ä‘áº¿n tham quan."
"Báº£o tÃ ng lÆ°u trá»¯ nhiá»u báº£o váº­t thá»i vua Quang Trung - Nguyá»…n Huá»‡, lá»‹ch sá»­ Ä‘Æ°á»£c báº£o tá»“n nÆ¡i nÃ y ráº¥t tuyá»‡t vá»i"
"Báº£o tÃ ng Quang Trung táº¡i TÃ¢y SÆ¡n lÃ  Ä‘iá»ƒm Ä‘áº¿n khÃ´ng thá»ƒ bá» lá»¡ cá»§a tour du lá»‹ch BÃ¬nh Äá»‹nh. Äáº·c biá»‡t lÃ  sau khi Báº£o tÃ ng má»Ÿ cá»­a Ä‘Ã³n khÃ¡ch trá»Ÿ láº¡i sau Ä‘á»£t trÃ¹ng tu..Báº£o tÃ ng Ä‘Æ°á»£c xÃ¢y dá»±ng trÃªn Ä‘Ãºng vá»‹ trÃ­ nhÃ  cÅ© cá»§a gia Ä‘Ã¬nh Tam Kiá»‡t. CÃ¹ng vá»›i Ä‘á»n thá», báº£o tÃ ng táº¡o thÃ nh 1 quáº§n thá»ƒ di sáº£n Ä‘áº·c biá»‡t vá»«a cÃ³ Ã½ nghÄ©a lá»‹ch sá»­ vÃ  cÃ³ cáº£nh quan Ä‘áº¹p máº¯t..Trong báº£o tÃ ng cÃ³ cÃ¡c hiá»‡n váº­t cÃ²n láº¡i cá»§a má»™t thá»i ká»³ oanh liá»‡t cá»§a lá»‹ch sá»­ Viá»‡t Nam Ä‘Æ°á»£c sáº¯p xáº¿p hoÃ nh trÃ¡ng vá»›i hÃ ng loáº¡t bá»©c váº½ khá»• lá»›n tÃ¡i hiá»‡n nhá»¯ng chiáº¿n tháº¯ng vÄ© Ä‘áº¡i cá»§a HoÃ ng Ä‘áº¿ Quang Trung..Äáº·c biá»‡t, nhá»¯ng bá»™ phim 3D tÃ¡i hiá»‡n lá»‹ch sá»­ Ä‘Æ°á»£c trÃ¬nh chiáº¿u trong báº£o tÃ ng sáº½ giÃºp du khÃ¡ch hiá»ƒu Ä‘Æ°á»£c rÃµ hÆ¡n nhá»¯ng chiáº¿n cÃ´ng vÄ© Ä‘áº¡i cá»§a Quang Trung - Nguyá»…n Huá»‡..NgoÃ i ra cÃ²n cÃ³ khu vá»±c tra cá»©u vá» cÃ¡c Ä‘iá»ƒm du lá»‹ch, vÄƒn hoÃ¡ phi váº­t thá»ƒ cá»§a tá»‰nh BÃ¬nh Äá»‹nh cÃ³ thá»ƒ nÃ³i lÃ  Ä‘áº§u tiÃªn táº¡i Viá»‡t Nam."
Báº£o tÃ ng Ä‘áº¹p láº¯m. CÃ³ Ä‘á»§ cÃ¡c váº­t pháº©m tá»« thá»i Quang Trung
"KhuÃ¢n viÃªn báº£o tÃ ng ráº¥t rá»™ng, Ä‘áº·c biá»‡t nhiá»u cÃ¢y xanh tuyá»‡t Ä‘áº¹p!"
KhÃ´ng gian rá»™ng tuy nhiÃªn cÃ¡c cÃ´ng trÃ¬nh Ä‘Æ°á»£c xÃ¢y dá»±ng khÃ´ng tÃ¡i táº¡o Ä‘Æ°á»£c váº» cá»• kÃ­nh
"Ráº¥t Ã½ nghÄ©a, Ä‘Ã¡ng thÄƒm quan khi vá» Ä‘áº¥t BÃ¬nh Äá»‹nh"
"Vá» báº£o tÃ ng Vua Quang Trung tÃ¬m hiá»ƒu lá»‹ch sá»­ oai hÃ¹ng, xem biá»ƒu diá»…n vÃµ thuáº­t, thÄƒm cÃ¢y me, giáº¿ng cá»•..."
Má»™t nÆ¡i Ä‘Ã¡ng Ä‘á»ƒ Ä‘áº¿n cá»§a ngÆ°á»i dÃ¢n BÃ¬nh Äá»‹nh vÃ  ngÆ°á»i yÃªu vÃ¹ng Ä‘áº¥t nÃ y
Báº£o tÃ ng ráº¥t Ä‘Ã¡ng tham quan Ä‘á»ƒ cÃ ng ngÆ°á»¡ng má»™ thÃªm chiáº¿n cÃ´ng lá»«ng láº«y cá»§a vua Quang Trung. Äáº·c biá»‡t tiáº¿t má»¥c biá»ƒu diá»…n trá»‘ng tráº­n TÃ¢y SÆ¡n khÃ´ng thá»ƒ bá» qua
Diá»‡n tÃ­ch rá»™ng lá»›n. Tuy nhiÃªn khÃ´ng thu hÃºt du khÃ¡ch do vá»‹ trÃ­ khÃ¡ xa vÃ  khÃ´ng cÃ³ nhiá»u hiá»‡n váº­t Ä‘á»ƒ xem.
Äáº¿n Ä‘Ã¢y báº¡n nÃªn tham quan giáº¿ng nÆ°á»›c vÃ  xem nháº¡c vÃµ tráº­n TÃ¢y sÆ¡n thÃ¬ má»›i trá»n váº¹n.
"Báº£o tÃ ng rá»™ng, cÃ³ Ä‘iá»u hÃ²a mÃ¡t máº», cÃ³ hÆ°á»›ng dáº«n viÃªn"
"Báº£o tÃ ng quan trung lÃ  nÆ¡i tÆ°á»Ÿng nhá»› vá»‹ vua vÄ© Ä‘áº¡i cá»§a dÃ¢n tá»™c ta: Quang Trung-Nguyá»…n Huá»‡. Khi Ä‘áº¿n nÆ¡i nÃ y thÃ¬ ráº¥t mÃ¡t máº». CÃ¡i mÃ  chÃºng ta tháº¥y rÃµ nháº¥t lÃ  tÆ°á»£ng cá»§a vá»‹ vua Ä‘á»ƒ cho má»i ngÆ°á»i tÆ°á»Ÿng nhá»›. Äi sÃ¢u vÃ o bÃªn trong lÃ  nhá»¯ng vÅ© khÃ­ Ä‘á»ƒ ngÃ i Ä‘Ã¡nh giáº·t. PhÃ­a bÃªn trÃ¡i cÃ³ má»™t ngÃ´i nhÃ  sÃ n cá»§a ngÃ i khi Ä‘i Ä‘Ã¡nh giáº·t, ngÃ i vÃ  quÃ¢n lÃ­nh Ä‘Ã£ nghá»‰ ngÆ¡i á»Ÿ Ä‘Ã¢y. á» bÃªn trong báº£o tÃ ng cÃ³ ráº¥t nhiá»u Ä‘á»“ váº­t cá»§a thá»i vua quan trung dÃ¹ng Ä‘á»ƒ Ä‘Ã¡nh giáº·t..ÄÃ¢y lÃ  má»™t trong nhá»¯ng khu di tÃ­ch lá»‹ch sá»­ á»Ÿ thá»‹ tráº¥n PhÃº Phong, TÃ¢y SÆ¡n, BÃ¬nh Äá»‹nh mÃ  báº¡n Ä‘Ã¡ng Ä‘i nháº¥t."
"Äá»n thá» 3 anh em nhÃ  tÃ¢y sÆ¡n, rá»™ng lá»›n vÃ  linh"
CÃ¡ch xa trung tÃ¢m táº§m 30km. LÃ  nÆ¡i mÃ  ai yÃªu lá»‹ch sá»­ nÃªn Ä‘áº¿n