"ThuÃª xe cá»§a chá»‹ áº¥y lÃ  1 trong nhá»¯ng tráº£i nghiá»‡m tuyá»‡t vá»i á»Ÿ Quy NhÆ¡n. Xe má»›i , cháº¡y tá»‘t , khoáº», khÃ´ng cÃ³ 1 váº¥n Ä‘á» gÃ¬ luÃ´n. GiÃ¡ thÃ nh ráº». Chá»‹ tÃ­nh giÃ¡ 24h vÃ  giao nháº­n táº¡i khÃ¡ch sáº¡n. Cháº¯c cháº¯n sáº½ quay láº¡i vá»›i chá»‹ khi quay láº¡i Quy NhÆ¡n."
Xe Ä‘i quaÃ³k.chá»‹ chá»§ Äƒn nÃ³i dá»… nghe dá»… gáº§n thÃ¢n thiá»‡n.e ngoÃ i báº¯c vÃ o cÅ©ng lo mÃ  thuÃª xong ráº¥t chi lÃ  ok
thuÃª xe uy tÃ­n giÃ¡ ráº» hÆ¡n chÃºt mÃ  xe má»›i láº¯m nha cÃ¡c báº¡n nÃªn thuÃª áº¡
"ThuÃª xe mÃ¡y á»Ÿ Ä‘Ã¢y ok láº¯m, chá»‹ chá»§ dá»… thÆ°Æ¡ng nhiá»‡t tÃ¬nh. Xe Ä‘á»i má»›i cháº¡y ngon lÃ nh, giÃ¡ thÃªu ráº» ná»¯a. MÃ¬nh cÅ©ng thuÃª Ã´ tÃ´ Ä‘i sÃ¢n bay, giÃ¡ cÅ©ng má»m luÃ´n."
"GiÃ¡ thuÃª xe ráº», chá»‹ chá»§ vui váº» nhiá»‡t tÃ¬nh.Má»—i tá»™i mÃ¬nh thuÃª 3 xe thÃ¬ cÃ³ 1 xe hÆ¡i khÃ³ Ä‘á» ga, nÃªn má»Ÿ cháº¡y thá»­ trÆ°á»›c khi thuÃª nha, kiá»ƒm tra lá»‘p xe ná»¯a"
"Chá»‹ LiÃªn nhiá»‡t tÃ¬nh , dá»‹ch vá»¥ giÃ¡ cáº£ há»£p lÃ½ 120k/ngÃ y xe ga. ThuÃª tá»« 2 ngÃ y trá»Ÿ lÃªn giáº£m cÃ²n 100k/ ngÃ y"
"GiÃ¡ chi thuÃª ráº» nháº¥t Quy NhÆ¡n, chá»§ nhÃ  xe ráº¥t dá»… thÆ°Æ¡ng, táº­n tÃ¬nh. Sáº½ Ä‘áº¿n thuÃª láº§n ná»¯a náº¿u cÃ³ dá»‹p Ä‘i tá»›i Quy NhÆ¡n"
"Cáº£m Æ¡n Chá»‹ chá»§, cho thuÃª nhiá»‡t nhiá»‡t, Ä‘áº·c biá»‡t xe ráº¥t má»›i. Láº§n sau ra láº¡i quy nhÆ¡n sáº½ á»§ng há»™ Chá»‹."
"Xe má»›i, máº¡nh nha má»i ngÆ°á»i. Chá»‹ chá»§ thÃ¢n thiá»‡n. CÃ²n chu Ä‘Ã¡o Ä‘á»ƒ sáºµn Ã¡o mÆ°a trong cá»‘p cho khÃ¡ch ná»¯a ğŸ˜"
"Cho thuÃª xe uy tÃ­n láº¯m áº¡, minh tham kháº£o giÃ¡ ráº» nháº¥t Quy NhÆ¡n mÃ  toÃ n xe má»›i ğŸ‘"
"Xe khÃ´ng quÃ¡ má»›i, cháº¡y ok. Tuy nhiÃªn giÃ¡ thuÃª tÃ­nh theo ngÃ y trÃªn lá»‹ch chá»© khÃ´ng pháº£i ngÃ y thá»±c táº¿ (thÆ°á»ng sáº½ bá»‹ tÃ­nh dÆ° 1 ngÃ y so vá»›i thá»±c táº¿)"
"Cháº¥t lÆ°á»£ng xe ráº¥t tá»‘t, giÃ¡ cáº£ há»£p lÃ½. CÃ¡c báº¡n giao xe ráº¥t thÃ¢n thiá»‡n nhiá»‡t tÃ¬nh, xe thÃ¬ Ãªm, mÆ°á»£t, khÃ´ng lá»—i láº§m gÃ¬. Thá»§ tá»¥c nhanh, gá»n .Sáº½ á»§ng há»™ vÃ  giá»›i thiá»‡u báº¡n bÃ¨ sá»­ dá»¥ng dá»‹ch vá»¥ táº¡i Ä‘Ã¢y."
"Anh chá»§ nhiá»‡t tÃ¬nh, giÃ¡ xe ráº» dÃ¹ mÃ¬nh Ä‘i dá»‹p lá»… 30.4 nhÆ°ng khÃ´ng bá»‹ cháº·t chÃ©m  tÄƒng giÃ¡..Xe cháº¡y Ãªm ná»¯a, cÃ¡i mÅ© thÃ¬ teen háº¿t sá»©cğŸ˜ğŸ˜"
"Láº§n Ä‘áº§u tráº£i nghiá»‡m do Ä‘Æ°á»£c báº¡n bÃ¨ giá»›i thiá»‡u. Cháº¥t lÆ°á»£ng vÃ  dá»‹ch vá»¥ tá»‘t, giÃ¡ cáº£ há»£p lÃ½. CÃ¡c báº¡n giao xe ráº¥t thÃ¢n thiá»‡n, nhiá»‡t tÃ¬nh. Náº¿u cÃ³ dá»‹p quay láº¡i, sáº½ sá»­ dá»¥ng dá»‹ch vá»¥ tiáº¿p."
"Anh chá»§ xe ráº¥t nhiá»‡t tÃ¬nh, giao vÃ  láº¥y xe táº­n nÆ¡i, cÃ²n giá»›i thiá»‡u cho Ä‘á»§ chá»— Ä‘i Äƒn, Ä‘i chÆ¡i á»Ÿ quy nhÆ¡n. GiÃ¡ xe láº¡i ráº», nÃ³i chung lÃ  ráº¥t há»£p Ã½ mÃ¬nh."
"Xe mÃ¡y má»›i, cháº¥t lÆ°á»£ng tá»‘t, giÃ¡ cáº£ há»£p lÃ½. CÃ¡c báº¡n giao xe ráº¥t thÃ¢n thiá»‡n, nhiá»‡t tÃ¬nh. Thá»§ tá»¥c nháº­n xe nhanh gá»n láº¹ :)) thÃ­ch nháº¥t cÃ¡i nÃ y. Sáº½ á»§ng há»™ vÃ  giá»›i thiá»‡u báº¡n bÃ¨ á»§ng há»™."
"Xe mÃ¡y cá»§a Rá»—ng ráº¥t má»›i vÃ  cháº¡y Ãªm, giÃ¡ bÃ¬nh dÃ¢n, anh chá»§ giao xe nhanh vÃ  thá»§ tá»¥c gá»n. Nhiá»‡t tÃ¬nh hÆ°á»›ng dáº«n t nhá»¯ng Ä‘á»‹a Ä‘iá»ƒm nÃªn Ä‘i. Äáº·c biá»‡t t ráº¥t thÃ­ch nhá»¯ng chiáº¿c mÅ© báº£o hiá»ƒm 3/4 mÃ u cam cá»§a Rá»—ng...nhÃ¬n truáº¥t cá»±c"
"GiÃ¡ cáº£ há»£p lÃ½, cháº¥t lÆ°á»£ng xe tá»‘t. Ã”ng chá»§ nhiá»‡t tÃ¬nh, nhÃ¢n viÃªn thÃ¢n thiá»‡n. Thá»§ tá»¥c nhanh gá»n láº¹n, nÃ³i chung ráº¥t Æ°ng vÃ  sáº½ giá»›i thiá»‡u báº¡n bÃ¨, ngÆ°á»i thÃ¢n sá»­ dá»¥ng dá»‹ch vá»¥ táº¡i Ä‘Ã¢y."
"MÃ¬nh Ä‘Ã£ Ä‘áº¿n Quy NhÆ¡n 3 láº§n nhÆ°ng Ä‘áº¿n láº§n thá»© 3 nÃ y mÃ¬nh má»›i tÃ¬m Ä‘Æ°á»£c Ä‘á»‹a chá»‰ thuÃª xe mÃ¡y mÃ  siÃªu Æ°ng Ã½ nhÆ° váº­y. Xe giao ráº¥t nhanh chÃ³ng, xe thÃ¬ má»›i, cháº¡y Ãªm ru, vÃ  anh chá»‹ chá»§ nhiá»‡t tÃ¬nh vui tÃ¡nh dÃ£ man. Cá»±c kÃ¬ Æ°ng Ã½ vá»›i dá»‹ch vá»¥ cá»§a Rá»—ng nhazzz. Háº¹n gáº·p láº¡i Rá»—ng ngÃ y trá»Ÿ láº¡i Quy NhÆ¡n â¤ï¸â¤ï¸â¤ï¸"
"ÄÆ°á»£c cÃ¡c báº¡n giá»›i thiá»‡u em Ä‘Ã£ tÃ¬m Ä‘áº¿n thuÃª xe cá»§a bÃªn mÃ¬nh, cÃ¡c anh giao cho em chiáº¿c xe khÃ¡ tá»‘t láº¡i ráº¥t nhiá»‡t tÃ¬nh hÆ°á»›ng dáº«n tá»¥i em ráº¥t táº­n tÃ¬nh, em cáº£m Æ¡n cÃ¡c anh ráº¥t nhiá»u"
"Láº§n Ä‘áº§u tráº£i nghiá»‡m mÃ¬nh ráº¥t áº¥n tÆ°á»£ng vá» dá»‹ch vá»¥ cá»§a Rá»—ng: Xe mÃ¡y má»›i, giÃ¡ há»£p tÃºi tiá»n, xe cháº¡y Ãªm, anh chá»§ ráº¥t thÃ¢n thiá»‡n, nhiá»‡t tÃ¬nh hÆ°á»›ng dáº«n nhá»¯ng Ä‘á»‹a Ä‘iá»ƒm nÃªn Ä‘i. MÃ¬nh sáº½ tiáº¿p tá»¥c á»§ng há»™ Rá»—ng cho nhá»¯ng chuyáº¿n du lá»‹ch sau nÃ y ğŸ˜Š"
"Xe tá»‘t, nhiá»u loáº¡i Ä‘á»ƒ chá»n.NhÃ¢n viÃªn tÆ° vui váº» tÆ° váº¥n nhiá»‡t tÃ¬nh.Giao nháº­n xe nhanh gá»n láº¹.GiÃ¡ cáº£ quÃ¡ ok.Sáº½ giá»›i thá»‹u cho báº¡n bÃ¨ cÃ³ Ã½ Ä‘á»‹nh du lá»‹ch nÆ¡i Ä‘Ã¢y"
"MÃ¬nh Ä‘Ã£ tá»«ng tráº£i nghiá»‡m ráº¥t nhiá»u dá»‹ch vá»¥ thuÃª xe mÃ¡y, nhÆ°ng khi Ä‘áº¿n Quy NhÆ¡n thÃ¬ mÃ¬nh Ä‘Ã£ Ä‘Æ°á»£c ngÆ°á»i báº¡n giá»›i thiá»‡u Rá»—ng. Ráº¥t vui vÃ¬ Rá»—ng khÃ´ng lÃ m mÃ¬nh tháº¥t vá»ng, cÃ¡c anh chá»‹ giao xe nhanh gá»n láº¹, xe thÃ¬ má»›i vÃ  tá»‘t khÃ´ng há»ng hÃ³c gÃ¬, anh chá»‹ cÃ²n hÆ°á»›ng dáº«n nhiá»‡t tÃ¬nh cÃ¡c Ä‘á»‹a Ä‘iá»ƒm Äƒn ngon cáº£nh Ä‘áº¹p ná»¯a. Náº¿u quay láº¡i sáº½ váº«n chá»n Rá»—ng motobike!!!"
"Tháº­t sá»± láº§n Ä‘áº§u tiÃªn tá»›i QN cÅ©ng lÃ  láº§n Ä‘áº§u tiÃªn thuÃª xe nÃªn mÃ¬nh khÃ¡ e ngáº¡i, nhÆ°ng mÃ  ráº¥t may máº¯n gáº·p Ä‘c anh chá»‹ chá»§ siÃªu dá»… thÆ°Æ¡ng vÃ  nhiá»‡t tÃ¬nh luÃ´n, xe cháº¡y Ãªm khá»i nÃ³i mÃ  giao nháº­n xe cÅ©ng gá»n láº¹ ná»¯a. CÃ³ cÆ¡ há»™i ghÃ© QN mÃ¬nh cháº¯c cháº¯n sáº½ á»§ng há»™ Rá»—ng dÃ i dÃ i nhağŸ˜ğŸ˜"
"Láº§n Ä‘áº§u tiÃªn Ä‘i du lá»‹ch QN mÃ¬nh má»›i thuÃª xe mÃ¡y táº¡i Rá»—ng, xe cháº¡y ráº¥t Ãªm, giÃ¡ cáº£ há»£p lÃ½, thá»§ tá»¥c nhanh gá»n láº¹ cÃ³ xe vi vu ngay! Äáº·c biá»‡t Anh Chá»‹ chá»§ siÃªu dá»… thÆ°Æ¡ng vÃ  nhiá»‡t tÃ¬nh vá»›i khÃ¡ch nhÃ©, cÃ²n cÃ³ mÅ© báº£o hiá»ƒm Ä‘á»™i siÃªu xÃ¬ tai luÃ´n! HÃ£y tráº£i nghiá»‡m táº¡i Rá»—ng motorbike nhÃ©!ğŸ‘Œâ¤ï¸"
"Cháº¥t lÆ°á»£ng vÃ  dá»‹ch vá»¥ ráº¥t tá»‘t, giÃ¡ cáº£ há»£p lÃ½. CÃ¡c báº¡n giao xe ráº¥t thÃ¢n thiá»‡n nhiá»‡t tÃ¬nh. Thá»§ tá»¥c nhanh, gá»n ."
"Láº§n Ä‘áº§u tiÃªn Ä‘áº¿n Quy NhÆ¡n Ä‘Æ°á»£c tráº£i nghiá»‡m dá»‹ch vá»¥ thuÃª xe ráº¥t tá»‘t á»Ÿ Ä‘Ã¢y, chá»‹u chá»§ dá»… thÆ°Æ¡ng, tá»‘t bá»¥ng, láº¡i chá»‰ Ä‘Æ°á»ng vÃ  chá»— Äƒn ngon cho tá»¥i mÃ¬nh. Nháº¥t Ä‘á»‹nh sáº½ giá»›i thiá»‡u cho nhiá»u báº¡n bÃ¨ tá»›i"
"Láº§n Ä‘áº§u tiÃªn thue xe mÃ  tÃ¬m trÃªn máº¡ng ( bÃ¬nh thÆ°á»ng thÃ¬ cÅ©ng há»i ng quen thÃ´i chá»© k tin trÃªn máº¡ng láº¯m ğŸ˜‚). Äá»£t nÃ y thá»­ tÃ¬m trÃªn máº¡ng, vá»«a sÃ¡ng sá»›m thÃ´i nhÆ°ng Anh Chá»‹ chá»§ nhiá»‡t tÃ¬nh láº¯m ğŸ˜‰ cáº£ dá»… thÆ°Æ¡ng ná»¯a, giÃ¡ cáº£ thÃ¬ há»£p lÃ½ ná»¯a..Tá»± nhiÃªn cáº£m tháº¥y vui váº» bá»Ÿi nhá»¯ng ngÆ°á»i gá»i lÃ  Ä‘á»“ng hÆ°Æ¡ng cá»§a mÃ¬nh â¤"
"Xe má»›i , cháº¥t lÆ°á»£ng tá»‘t, giÃ¡ cáº£ há»£p lÃ½. Anh chá»§ ráº¥t nhiá»‡t tÃ¬nh . Thá»§ tá»¥c láº¡i nhanh chÃ³ng , gá»n láº¹ ."
"NgÃ y lá»… mÃ  cÃ´ chÃº cho thuÃª xe giÃ¡ há»£p lÃ­, vui váº», xe tá»‘t tiáº¿t kiá»‡m xÄƒng, náº¿u láº§n sau mÃ  vá» nháº¥t Ä‘á»‹nh sáº½ tá»›i chá»— cÃ´ chÃº thuÃª xe ğŸ˜ğŸ˜"
Láº§n Ä‘áº§u tiÃªn tá»›i Quy NhÆ¡n. MÃ¬nh Ä‘Ã£ váº¥t váº£ khi tÃ¬m chá»— thuÃª xe. VÃ  Ä‘Æ°á»£c má»™t ngÆ°á»i báº¡n giá»›i thiá»‡u cho dá»‹ch vá»¥ nÃ y..NÃ³ ráº¥t tá»‘t. CÃ³ dá»‹p sáº½ thuÃª láº¡i
GiÃ¡ cáº¢ há»£p lÃ­. Giao xe táº­n nÆ¡i. HÃ´m tráº£ xe mÆ°a giÃ³ nhÆ°ng anh chá»§ váº«n nhiá»‡t tÃ¬nh tá»›i láº¥y. Highly Recommended
NÃ³i nhiá»u cÅ©ng vÃ´ Ã­ch hÃ£y Ä‘áº¿n Ä‘i cÃ¡c báº¡n sáº½ hiá»ƒu vÃ¬ sao tÃ´i Ä‘Ã¡nh giÃ¡ 5 sao nhÃ©.Con ngÆ°á»i sá»± vui váº» vÃ  cáº£ cÃ¡i xe Ä‘á»u xá»©ng Ä‘Ã¡ng.
"Cháº¥t lÆ°á»£ng vÃ  dá»‹ch vá»¥ ráº¥t tá»‘t, giÃ¡ cáº£ há»£p lÃ½. CÃ¡c báº¡n giao xe ráº¥t thÃ¢n thiá»‡n nhiá»‡t tÃ¬nh. Thá»§ tá»¥c nhanh, gá»n .Sáº½ á»§ng há»™ vÃ  giá»›i thiá»‡u báº¡n bÃ¨ ngÆ°á»i thÃ¢n sá»­ dá»¥ng dá»‹ch vá»¥ táº¡i Ä‘Ã¢y."
"Cháº¥t lÆ°á»£ng dá»‹ch vá»¥ cá»±c ká»³ tá»‘t, thÃ¡i Ä‘á»™ chuyÃªn nghiá»‡p, luÃ´n nhiá»‡t tÃ¬nh há»— trá»£, nhÃ¢n viÃªn siÃªu dá»… thÆ°Æ¡ng."
"MÃ¬nh thuÃª xe mÃ¡y á»Ÿ Rá»—ng Ä‘i 3 ngÃ y. Xe má»›i, cháº¡y Ãªm, khÃ´ng bá»‹ há»ng hÃ³c gÃ¬, giao nháº­n xe nhanh ná»¯a."
"Xe cháº¡y ráº¥t em, Ã­t hao xÄƒng.Nháº¥t Ä‘á»‹nh sáº½ giá»›i thiá»‡u nhiá»u báº¡n bÃ¨ Ä‘áº¿n Ä‘Ã¢y Ä‘á»ƒ thuÃª xe"
Cháº¥t lÆ°á»£ng dá»‹ch vá»¥ ráº¥t tá»‘t áº¡! NhÃ¢n viÃªn vui váº» hÃ²a Ä‘á»“ng vÃ  nhanh nháº¹n..
NhÃ¢n viÃªn nhiá»‡t tÃ¬nh.Xe tá»‘t nhiá»u loáº¡i Ä‘á»ƒ lá»±a chá»n.Giao nháº­n xe dá»… dÃ ng
"NhÃ¢n viÃªn nhiá»‡t tÃ¬nh, Ä‘á»•i xe dá»… dÃ ng,mÃ¬nh láº¡i cÃ²n táº·ng kháº©u trang khi thuÃª xe mÃ¡y !"
"Vá»£ chá»“ng mÃ¬nh láº§n Ä‘áº§u tiÃªn sá»­ dá»¥ng xe táº¡i Quy NhÆ¡n. Nhá» cÃ³ chiáº¿c xe mÃ  tha há»“ cháº¡y kháº¯p nÆ¡i. MÃ  vui hÆ¡n lÃ  anh TrÆ°á»Ÿng cho thuÃª xe ráº¥t nhiá»‡t tÃ¬nh. Táº¥t cáº£ chá»— chÆ¡i, tham quan, Äƒn uá»‘ng... anh áº¥y Ä‘á»u cho thÃ´ng tin ğŸ¥°. Háº¹n gáº·p láº¡i anh vÃ o ngÃ y ko xa nhÃ©!"
"Xe tá»‘t, ná»¯ Ä‘i cÅ©ng ráº¥t an toÃ n thoáº£i mÃ¡i. Anh chá»§ nhiá»‡t tÃ¬nh vui váº», cáº©n tháº­n, giÃ¡ thÃ nh ráº»"
"Xe tá»‘t, dá»‹ch vá»¥ hoÃ n háº£o, chá»§ xe nhiá»‡t tÃ¬nh há»— trá»£ khÃ¡ch"
"Chá»§ shop nhiá»‡t tÃ¬nh, uy tÃ­n. MÃ¬nh thuÃª á»Ÿ quy nhÆ¡n nhÆ°ng muá»‘n Ä‘i xe mÃ¡y xuá»‘ng phÃº yÃªn. Shop tue váº¥n mÃ¬nh Ä‘i xuá»‘ng phÃº yÃªn rá»“i gá»­i láº¡i qua xe khÃ¡ch. Thanks shop, cÃ³ dá»‹p ghÃ© quy nhÆ¡n láº¡i tiáº¿p  tá»¥c thuÃª xe anh."
"Hoáº¡t Ä‘á»™ng all time..Anh chá»§ nhÃ  ráº¥t nhiá»‡t tÃ¬nh, hÆ°á»›ng dáº«n Ä‘Æ°á»ng Ä‘i, nÆ¡i á»Ÿ,....Xe mÃ¡y mÃ³c cháº¡y ráº¥t á»•n Ä‘á»‹nh, khÃ´ng gáº·p báº¥t kÃ¬ trá»¥c tráº·c nÃ o trÃªn Ä‘Æ°á»ng..GiÃ¡ cáº£ ráº¥t sinh viÃªn..5 sao cho cháº¥t lÆ°á»£ng."
Xe má»›i Ä‘i Ä‘Ã£ luÃ´n..GiÃ¡ thuÃª xe sá»‘ cá»§a e cÃ³ 2 loáº¡i: xe bÃ¬nh thÆ°á»ng 100k/ngÃ y vÃ  xe má»›i 120k/ngÃ y. Xe ga cÃ³ 2 loáº¡i xe thÆ°á»ng 150k/ngÃ y vÃ  xe má»›i giÃ¡ 170k/ngÃ y
"Xe má»›i leng keng, mÃ¬nh nhÃ¬n cÃ´ng tÆ¡.mÃ©t chá»‰ má»›i 59km, tÃ­nh ra mÃ¬nh dc Ä‘i má»Ÿ hÃ ng xe nÃ y, chá»‹ chá»§ nhiá»‡t tÃ¬nh thÃ¢n thiá»‡n, hÆ°á»›ng dáº«n Ä‘á»§ cÃ¡c Ä‘á»‹a Ä‘iá»ƒm Äƒn uá»‘ng vÃ  vui chÆ¡i theo lá»‹ch trÃ¬nh ráº¥t khoa há»c"
Xe á»Ÿ cá»­a hÃ ng thuÃª xe mÃ¡y Anh TrÆ°á»Ÿng ráº¥t má»›i Ä‘i ráº¥t tá»‘t xe sá»‘ chá»‰ tá»« 80.000 vnd 1 ngÃ y.
"Cháº¥t lÆ°á»£ng xe á»•n. GiÃ¡ cáº£ náº±m táº§m trung so vá»›i máº·t báº±ng. NhÃ¢n viÃªn thÃ¢n thiá»‡n, vui váº»..Äiá»ƒm trá»« duy nháº¥t lÃ  cÃ¡ch tÃ­nh thá»i gian thuÃª theo ngÃ y nÃªn hÆ¡i thiá»‡t cho nhá»¯ng ngÆ°á»i nháº­n xe tá»« trÆ°a hoáº·c Ä‘áº§u chiá»u, trong thá»i Ä‘iá»ƒm tháº¥p Ä‘iá»ƒm náº¿u tÃ­nh theo 24h thÃ¬ hoÃ n háº£o hÆ¡n (há»— trá»£ tá»‘i Ä‘a ngÆ°á»i dÃ¹ng). Tuy nhiÃªn cÅ©ng khÃ´ng áº£nh hÆ°á»Ÿng nhiá»u..Thanks"
"Äá»£t vá»«a rá»“i tÃ´i cÃ³ dá»‹p Ä‘áº¿n Quy NhÆ¡nvÃ  sá»­ dá»¥ng dá»‹ch vá»¥ thuÃª xe á»Ÿ Anh trÆ°á»Ÿng. Pháº£i nÃ³i lÃ  xe mÃ¡y á»Ÿ Ä‘Ã¢y tá»‘t,giÃ¡ ráº» nhÆ°ng xe Ä‘i Ãªm khÃ´ng hÆ° há»ng vÃ  Ä‘iá»u tÃ´i hÃ i lÃ²ng nháº¥t lÃ  thÃ¡i Ä‘á»™ phá»¥c vá»¥ cá»§a nhÃ¢n viÃªn nÆ¡i Ä‘Ã¢y ráº¥t hÃ²a Ä‘á»“ng vÃ  vÃ´ cÃ¹ng. Chuyáº¿n Ä‘i ráº¥t tuyá»‡t!"
"Anh chá»§ á»Ÿ Ä‘Ã¢y ráº¥t nhiá»‡t tÃ¬nh, xe thÃ¬ Ãªm , ráº¥t thÃ¢n thiá»‡n , náº¿u cÃ³ nhu cáº§u thuÃª xe hÃ£y láº¡i Ä‘Ã¢y Ä‘Æ°á»£c tÆ° váº¥n vui váº» vÃ  thÃ¢n thiá»‡n!"
"Viá»‡c giao xe vÃ  trr xe ráº¥t mÃ¢t thá»i gian, má»—i láº§n máº¥t Ä‘áº¿n ná»­a tiáº¿ng, ngÆ°á»i giao xe thÃ¬ há»©a nhÄƒng há»©a cuá»™i vá» thá»i gian...Edit: Sau khi mÃ¬nh Ä‘á»ƒ láº¡i Ä‘Ã¡nh giÃ¡, chá»§ nhÃ  xe Ä‘Ã£ Ä‘Äƒng sÄ‘t mÃ¬nh lÃªn ráº¥t nhiá»u trang mua bÃ¡n nhÃ  Ä‘áº¥t táº¡i Quy NhÆ¡n vÃ  mÃ¬nh Ä‘Ã£ nháº­n ráº¥t nhiÃªu cuá»™c gá»i lÃ m phiá»n tá»« cÃ¡c bÃªn nÃ y..Náº¿u nhÆ° chá»§ xe muá»‘n nÃ¢ng cáº¥p dá»‹ch vá»¥ thÃ¬ báº¡n nÃªn láº¯ng nghe Ã½ kiáº¿n tá»« khÃ¡ch hÃ ng Ä‘á»ƒ cáº£i thiá»‡n, chá»© khÃ´ng pháº£i lÃ m phiá»n."
"Cháº¥t lÆ°á»£ng dá»‹ch vá»¥ oke, xe Ä‘áº£m báº£o cho lá»™ trÃ¬nh, tiáº¿t kiá»‡m xÄƒng, vÃ  chá»§ xe ráº¥t nhiá»‡t tÃ¬nh vui váº».. Ä‘Ã¡nh giÃ¡ 5/5 sao!"
"Dá»‹ch vá»¥ ráº¥t tá»‘t ráº¥t hÃ u lÃ²ng, sáº½ cÃ³ láº§n sau!.NhÃ¢n viÃªn nhanh chÃ³ng dá»… thÆ°Æ¡ng nhiá»‡t tÃ¬nh giao xe táº­n nÆ¡i"
"Xe cho thuÃª thá»§ tá»¥c nhanh gá»n láº¹, giÃ¡ tiá»n láº¡i phÃ¹ há»£p vÃ  báº¡n cho thuÃª ráº¥t dá»… thÆ°Æ¡ng, sáº½ quay láº¡i quy NhÆ¡n vÃ o 1 ngÃ y khÃ´ng xa ğŸ˜‹ğŸ˜‹ğŸ˜‹ğŸ˜‹"
"ÄÃ£ thuÃª xe táº¡i Ä‘Ã¢y ! Xe cháº¡y khÃ¡ Ãªm vÃ  khÃ´ng cÃ³ váº¥n Ä‘á» trá»¥c tráº·c . Chá»§ thuÃª cÅ©ng ráº¥t táº­n tÃ¬nh vÃ  thÃ¢n thiá»‡n . Nhá»› cÃ³ láº§n mÃ¬nh Ä‘i xa bá»‹ hÆ° lá»‘p xe gá»i vá» bÃªn chá»§ váº«n há»— trá»£ cho ngÆ°á»i ra Ä‘á»•i xe cho mÃ¬nh , thá»±c sá»± ráº¥t thÃ­ch chá»— nÃ y ! CÃ¡c báº¡n lÆ°u láº¡i Ä‘á»ƒ sau nÃ y cÃ³ Ä‘i thÃ¬ nÃªn ghÃ© nhÃ© ! Cáº£m tháº¥y cÃ³ 1 tráº£i nghiá»‡m Ä‘Ã¡ng nhá»›"
"Xe bÃªn nÃ y má»›i vÃ  ráº¥t nhiá»‡t tÃ¬nh, niá»m ná»Ÿ!.ChÃºc cÃ¡c báº¡n thÃ nh cÃ´ng!"
"Xe mÃ¡y tá»‘t, má»›i. GiÃ¡ cáº£ há»£p lÃ½ vs sinh viÃªn.Láº§n sau sáº½ quay láº¡i nÆ¡i nÃ y"
"Ráº¥t ok. LaÌ€ Ä‘iÃªÌ‰m thuÃª xe maÌy Ä‘aÌng tin cÃ¢Ì£y vaÌ€ giaÌ caÌ‰ phaÌ‰i chÄƒng taÌ£i Quy nhÆ¡n. KhÃ´ng nhá»¯ng cháº¥t lÆ°á»£ng xe ráº¥t tá»‘t mÃ  cÃ²n dc  giao xe táº­n nÆ¡i vÃ  a c ráº¥t nhiá»‡t tÃ¬nh. Má»›i láº§n Ä‘áº§u vÃ o quy nhÆ¡n dc a c hÆ°á»›ng dáº«n vÃ i Ä‘á»‹a Ä‘iá»ƒm Äƒn ráº¥t ráº» mÃ  ráº¥t ngon ná»¯a. Láº§n sau, náº¿u cÃ³ dá»‹p vÃ o quy nhÆ¡n váº«n sáº½ sá»­ dá»¥ng dá»‹ch vá»¥ xe cá»§a anh chá»‹."
"Xe tá»‘t, phá»¥c vá»¥ quÃ¡ nhiá»‡t tÃ¬nh, hÆ°á»›ng dáº«n cho mÃ¬nh nhiá»u chá»— Ä‘i chÆ¡i vá»›i chá»— Äƒn ngon tuyá»‡t"
"LaÌ€ Ä‘iÃªÌ‰m thuÃª xe maÌy Ä‘aÌng tin cÃ¢Ì£y vaÌ€ giaÌ caÌ‰ phaÌ‰i chÄƒng taÌ£i Quy nhÆ¡n. KhÃ´ng nhá»¯ng cháº¥t lÆ°á»£ng xe ráº¥t tá»‘t mÃ  cÃ²n dc  giao xe táº­n nÆ¡i vÃ  a c ráº¥t nhiá»‡t tÃ¬nh. Má»›i láº§n Ä‘áº§u vÃ o quy nhÆ¡n dc a c hÆ°á»›ng dáº«n vÃ i Ä‘á»‹a Ä‘iá»ƒm Äƒn ráº¥t ráº» mÃ  ráº¥t ngon ná»¯a. Láº§n sau, náº¿u cÃ³ dá»‹p vÃ o quy nhÆ¡n váº«n sáº½ sá»­ dá»¥ng dá»‹ch vá»¥ xe cá»§a anh chá»‹."
"MÃ¬nh Ä‘ang lÃ  sinh viÃªn cÃ³ sá»Ÿ thÃ­ch yÃªu vÄƒn há»c vÃ  há»™i há»a. ThÃ¡ng 5 nghá»‰ hÃ¨ vá»«a rá»“i mÃ¬nh Ä‘Ã£ cÃ³ 1 cuá»™c Ä‘i chÆ¡i Ä‘áº§y thÃº vá»‹ táº¡i Quy NhÆ¡n - BÃ¬nh Äá»‹nh. Ban Ä‘áº§u lÃ  mÃ¬nh chá»‰ muá»‘n Ä‘i Ä‘áº¿n Ä‘á»‹a danh Má»™ cá»§a nhÃ  thÆ¡ HÃ n Máº¡c Tá»­ thÃ´i. NhÆ°ng nhá» báº¡n bÃ¨ giá»›i thiá»‡u nÆ¡i Ä‘Ã¢y cÃ³ dá»‹ch vá»¥ cho thuÃª xe mÃ¡y Anh TrÆ°á»Ÿng cá»±c ká»³ uy tÃ­n. Qua tiáº¿p xÃºc mÃ¬nh Ä‘Æ°á»£c tÆ° váº¥n dá»‹ch vá»¥ ráº¥t ká»¹ cÃ ng vÃ  chu Ä‘Ã¡o tá»« giáº¥y tá», giÃ¡ tiá»n vÃ  Ä‘Æ°á»£c biáº¿t thÃªm 1 sá»‘ Ä‘á»‹a Ä‘iá»ƒm Ä‘i chÆ¡i thÃº vá»‹ nhÆ° Khu Du Lá»‹ch Ghá»nh RÃ¡ng, BÃ£i táº¯m HoÃ ng Háº­u, ChÃ¹a Ã”ng NÃºi, nÃºi BÃ  Há»a, nhá» váº­y mÃ  chuyáº¿n Ä‘i cá»§a mÃ¬nh cáº£m tháº¥y ráº¥t tuyá»‡t vá»i má»™t tráº£i nghiá»‡m khÃ³ quÃªn. Xin cáº£m Æ¡n cho thuÃª xe mÃ¡y Anh TrÆ°á»Ÿng Ä‘Ã£ giÃºp mÃ¬nh cÃ³ phÆ°Æ¡ng tiá»‡n Ä‘á»ƒ Ä‘i chÆ¡i thoáº£i mÃ¡i vui váº», xe mÃ¡y bá»n, Ä‘á»™ng cÆ¡ á»•n, Ä‘i xa mÃ  váº«n an toÃ n."
"Äá»‹a Ä‘iá»ƒm cho thuÃª xe mÃ¡y tá»‘t nháº¥t tá»« trÆ°á»›c Ä‘áº¿n giá» mÃ  mÃ¬nh biáº¿t, toÃ n xe tá»‘t, mÃ  giÃ¡ cáº£ láº¡i quÃ¡ tá»‘t, so vá»›i giÃ¡ á»Ÿ Nha trang, Ä‘Ã  náºµng, sÃ i gÃ²n, Ä‘Ã  láº¡t... cÃ¡c Ä‘á»‹a Ä‘iá»ƒm du lá»‹ch mÃ¬nh tá»«ng Ä‘i Ä‘Ãºng lÃ  quÃ¡ Ä‘Ã¡ng Ä‘á»“ng tiá»n bÃ¡t gáº¡o luÃ´n, phá»¥c vá»¥ láº¡i ráº¥t Ã¢n cáº§n vÃ  nhiá»‡t tÃ¬nh, cÃ³ 6 sao cho 6 sao luÃ´n"
"LÃºc cho thuÃª xe ráº¥t nhiá»‡t tÃ¬nh. NhÆ°ng lÃºc tÃ­nh tiá»n láº¡i tÃ­nh thiá»‡t cho khÃ¡ch. MÃ¬nh thuÃª tá»« 11h kÃ©m 10 nhÆ°ng tÃ­nh giÃ¡ tá»« 10h30. LÃºc cho thuÃª Ä‘Æ°a xe tá»›i trong vÃ²ng 1 ná»‘t nháº¡c, cÃ²n lÃºc mÃ¬nh tráº£ xe pháº£i chá» tá»›i hÆ¡n 30p. Tháº¥y ráº¥t nhiá»u review tá»‘t nhÆ°ng cáº£m nháº­n khi sá»­ dá»¥ng dá»‹ch vá»¥ khiáº¿n mÃ¬nh há»¥t háº«ng báº¥y nhiÃªu. Láº§n Ä‘áº§u, vÃ  cÅ©ng lÃ  láº§n cuá»‘i cÃ¹ng!"
"CÃ¡m Æ¡n anh chá»§ nhiá»‡t tÃ¬nh vÃ  dá»… chá»‹u, xe cháº¡y ráº¥t ok luÃ´n áº¡...5 sao cháº¥t lÆ°á»£ng nÃ  ğŸ‘ğŸ‘ğŸ‘ğŸ‘ğŸ‘"
"Cháº¥t lÆ°á»£ng xe ráº¥t tá»‘t, giao xe táº­n nÆ¡i vÃ  nhiá»‡t tÃ¬nh.  Anh chá»‹ Ã½ hÆ°á»›ng dáº«n nhiá»‡t tÃ¬nh chá»‰ Ä‘á»‹a Ä‘iá»ƒm Äƒn giÃ¡ ráº» mÃ  láº¡i ngon. MÃ¬nh ráº¥t hÃ i lÃ²ng, náº¿u quay láº¡i quÃ½ nhÆ¡n láº§n 2 cháº¯c cháº¯n mÃ¬nh sáº½ tÃ¬m Ä‘áº¿n cho thuÃª xe mÃ¡y anh trÆ°á»Ÿng."
Dá»‹ch vá»¥ thuÃª xe á»Ÿ quy nhÆ¡n nÃ y uy tÃ­n vÃ  ráº» quÃ¡. Cáº£m Æ¡n nhÃ©
"Xe cho thuÃª giÃ¡ ráº», cháº¡y tá»‘t vÃ  phá»¥c vá»¥ ráº¥t ok luÃ´n. Náº¿u cÃ³ dá»‹p ra thÄƒm Quy NhÆ¡n láº§n ná»¯a nháº¥t Ä‘á»‹nh sáº½ ghÃ© shop cá»§a báº¡n"
MÃ¬nh Ä‘Ã£ thuÃª xe 2 láº§n táº¡i Ä‘Ã¢y .Phong cÃ¡ch phá»¥c vá»¥ vÃ  cháº¥t lÆ°á»£ng xe Ä‘Ã£ ráº¥t tá»‘t mÃ  khi khÃ¡ch hÃ ng gáº·p sá»± cá»‘ báº¡n TrÆ°á»Ÿng Ä‘Ã£ ráº¥t nhiá»‡t tÃ¬nh giÃºp Ä‘á»¡ Ä‘á»ƒ giáº£i quyáº¿t.Náº¿u cÃ³ Ä‘áº¿n Quy NhÆ¡n tiáº¿p tá»¥c mÃ¬nh váº«n thuÃª xe vÃ  táº¥t cáº£ cÃ¡c dá»‹ch vá»¥ cá»§a báº¡n áº¥y.
"Má»™t chiáº¿c xe ráº¥t Ä‘Æ°á»£c tá»‘t ngoÃ i sá»± mong Ä‘á»£i cá»§a chÃºng tÃ´i ,sáº½ quay láº¡i náº¿u nhÆ° Ä‘áº¿n Quy NhÆ¡n. anh chá»‹ chá»§ ráº¥t nhiá»‡t tÃ¬nh hÆ°á»›ng dáº«n cá»¥ thá»ƒ tá»«ng Ä‘iá»ƒm vui chÆ¡i Cáº£m Æ¡n ráº¥t nhiá»u"
"Anh TrÆ°á»Ÿng chá»§ cá»­a hÃ ng ráº¥t nhiá»‡t tÃ¬nh, thÃ¢n thiá»‡n vÃ  nhanh chÃ³ng. Giao vÃ  nháº­n xe táº­n nÆ¡i dÃ¹ sÃ¡ng sá»›m hay tá»‘i muá»™n. Like"
"Ä‘Ã¡nh giÃ¡ 5 sao + cho dá»‹ch vá»¥ thuÃª xe cá»§a em, giao xe táº­n tÃ¬nh, cáº£m Æ¡n em chuyáº¿n Ä‘i Quy NhÆ¡n vui, Ä‘áº¹p vÃ  gáº·p Ä‘Æ°á»£c má»™t ngÆ°á»i báº¡n nhiá»‡t tÃ¬nh"
xe á»Ÿ Ä‘Ã¢y toÃ n xe má»›i giÃ¡ láº¡i há»£p lÃ½  hÃ´m bá»¯a thuÃª xe sá»‘ cÃ³ 2 loáº¡i 100k xe thÆ°á»ng vÃ  120k xe má»›i 2019.mÃ¬nh thuÃª xe sá»‘ má»›i 2019 Ä‘i Ä‘Ã£ luÃ´n giÃ¡ láº¡i há»£p lÃ½ á»§ng há»™ 5*
"ÄÃ£ tá»«ng thuÃª xe á»Ÿ Ä‘Ã¢y. Xe má»›i, giÃ¡ ráº» mÃ  nhÃ¢n viÃªn nhiá»‡t tÃ¬nh. Chá»‰ 10 phÃºt lÃ  cÃ³ máº·t giao xe cho mÃ¬nh táº­n báº¿n xe. HÃ i lÃ²ng!"
"TÃ´i Ä‘Ã£ sá»­ dá»¥ng dá»‹ch vá»¥ á»Ÿ Ä‘Ã¢y tháº¥y hÃ i lÃ²ng  vá» cháº¥t lÆ°á»£ng xe, xe má»›i Ä‘i tá»‘t vÃ  thÃ¡i Ä‘á»™ nhÃ¢n viÃªn nhiá»‡t tÃ¬nh. Tiáº¿p tá»¥c phÃ¡t huy nha."
"Anh chá»‹ cho thuÃª xe khÃ¡ dá»… thÆ°Æ¡ng, vui váº», nhiá»‡t tÃ¬nh hÆ°á»›ng dáº«n Ä‘Æ°á»ng Ä‘i, chá»— Äƒn uá»‘ng ngon cho tá»¥i mÃ¬nh ná»¯a. GiÃ¡ thuÃª thÃ¬ 100k xe thÆ°á»ng vÃ  120k xe má»›i. Cháº¥t lÆ°á»£ng xe ok, mÃ¡y cháº¡y Ãªm. Chá»— thuÃª ngay khu NgÃ´ MÃ¢y, gáº§n trung tÃ¢m, nhiá»u Ä‘á»“ Äƒn váº·t ná»¯a."
"Xe tá»‘t, thuÃª 2 xe 5 ngÃ y Ä‘Æ°á»£c giÃ m giÃ¡ 20%, khÃ¡ tá»‘t, cÃ³ dá»‹p sáº½ á»§ng há»™ Cho thuÃª xe mÃ¡y Quy NhÆ¡n Anh trÆ°á»Ÿng"
ThuÃª xe mÃ¡y á»Ÿ Ä‘Ã¢y ráº¥t tuyá»‡t vá»i ! Xe cháº¡y bÃ³c ! Nhiá»‡t tÃ¬nh vÃ  chÄƒm sÃ³c khÃ¡ch hÃ ng chu Ä‘Ã¡o ! TrÃªn cáº£ 5 sao!
Thue xe a chu than thien va uu dai gia cho sv. E cam on anh
"xe ngon, dá»‹ch vá»¥ tá»‘t. cáº£m Æ¡n quÃ½ cÃ´ng ty."
"ÄÆ¡n giáº£n, nhanh chÃ³ng. Anh chá»‹ chá»§ nhiá»‡t tÃ¬nh, chu Ä‘Ã¡o, tÆ° váº¥n cáº£ Ä‘Æ°á»ng Ä‘i, quÃ¡n xÃ¡, lÃªn lá»‹ch trÃ¬nh dÃ¹m luÃ´n :))))"
anh chá»§ nhiá»‡t tÃ¬nh giao  xe nhanh chÃ³ng. xe Ä‘áº¹p. giÃ¡ cáº£ há»£p lÃ½. ^^
"GiÃ¡ quÃ¡ ráº» mÃ  phá»¥c vá»¥ nhiá»‡t tÃ¬nh táº­n khÃ¡ch sáº¡n luÃ´n, láº§n sau mÃ¬nh sáº½ tiáº¿p tá»¥c á»§ng há»™"
"NhÃ¢n viÃªn cá»±c kÃ¬ nhiá»‡t tÃ¬nh, giao xe nhanh chÃ³ng vÃ  xe thÃ¬ Ä‘i quÃ¡ á»•n luÃ´n, cáº£m Æ¡n cá»­a hÃ ng Ä‘Ã£ cho mÃ¬nh tráº£i nghiá»‡m thÃº vá»‹ táº¡i Quy NhÆ¡n"
"MÃ¬nh ráº¥t hÃ i lÃ²ng vá» dá»‹ch vá»¥ thuÃª xe á»Ÿ Ä‘Ã¢y.Xe Ä‘áº£m báº£o an toÃ n, dá»‹ch vá»¥ táº­n tÃ¬nh vÃ  chu Ä‘Ã¡o. ChÃºc cÃ¡c báº¡n ngÃ y cÃ ng Ä‘Æ°á»£c má»i ngÆ°á»i tin tÆ°á»Ÿng vÃ  á»§ng há»™."
Xe tá»‘t...cháº¥t lÆ°á»£ng.  NhÃ¢n viÃªn phá»¥c vá»¥ nhiá»‡t tÃ¬nh
"Náº¿u nhÆ° báº¡n Ä‘ang chuáº©n bá»‹ Ä‘i du lá»‹ch hay phÆ°á»£t Ä‘áº¿n Quy NhÆ¡n- BÃ¬nh Äá»‹nh muá»‘n tiáº¿t kiá»‡m chi phÃ­ vÃ  cÃ³ nhiá»u tráº£i nghiÃªmn thÃ¬ nÃªn ghÃ© Ä‘áº¿n Ä‘á»‹a Ä‘iá»ƒm nÃ y Ä‘á»ƒ thuÃª xe mÃ¡y nhÃ©. Dá»‹ch vá»¥ thÃ¬ bao tá»‘t: giÃ¡ ráº», nhiá»u loáº¡i xe vÃ  thá»§ tá»¥c Ä‘Æ¡n giáº£n nhanh gá»n. NgoÃ i ra, dÃ n nhÃ¢n viÃªn tá»« lÃ­nh cho Ä‘áº¿n boss Ä‘á»u vÃ´ cÃ¹ng soÃ¡i, tá»‘t bá»¥ng vÃ  galang láº¯m áº¡..Chá»‰ báº¥y nhiÃªu Ä‘Ã³ thÃ´i thÃ¬ báº¡n cÃ²n cháº§n chá»« gÃ¬ ná»¯a mÃ  khÃ´ng Ä‘á»©ng dáº­y vÃ  book xe Ä‘i thÃ´i nÃ o ğŸ˜ŠğŸ˜ŠğŸ˜Š"
Dá»‹ch vá»¥ ráº¥t tá»‘t. Má»—i láº§n ghÃ© Quy nhÆ¡n Ä‘á»u thuÃª xe nÆ¡i Ä‘Ã¢y. Giao xe táº­n nÆ¡i.
"MÃ¬nh vá»«a thuÃª 1 xe ga 3 ngay táº¡i Ä‘Ã¢y..xe Ä‘á»i má»›i, cháº¡y cá»±c Ãªm vÃ  tiáº¿t kiá»‡m xÄƒng, Anh TrÆ°á»Ÿng vÃ  nhÃ¢n viá»‡n nhiá»‡t tÃ¬nh cá»±c ká»³ luÃ´n.CÃ¡c báº¡n Ä‘áº¿n Quy NhÆ¡n du lá»‹ch cáº§n thuÃª xe mÃ¡y nháº¥t Ä‘á»‹nh pháº£i thuÃª á»Ÿ Ä‘Ã¢y, Ä‘i chÆ¡i an tÃ¢m cá»±c ká»³"
"Xe Ä‘áº¹p , Ä‘i Ãªm , giÃ¡ ok mÃ  cÃ´ chá»§ nhiá»‡t tÃ¬nh dá»… thÆ°Æ¡ng ná»¯a chá»© , chiá»u khÃ¡ch mÃ  cÃ²n hÃ²a Ä‘á»“ng . MÃ¬nh ráº¥t thÃ­ch !  Láº§n sau náº¿u thuÃª nháº¥t Ä‘á»‹nh sáº½ quay láº¡i vÃ  á»§ng há»™ Cho thuÃª xe mÃ¡y Anh TrÆ°á»Ÿng nÃ¨"
"Má»™t Ä‘á»‹a Ä‘iá»ƒm thuÃª xe tá»‘t, giÃ¡ cáº£ há»£p lÃ½ vÃ  Ä‘áº·c biá»‡t lÃ  chá»§ ráº¥t thÃ¢n thiá»‡n, nhiá»‡t tÃ¬nh giao xe táº­n nÆ¡i vÃ  nhanh chÃ³ng . Náº¿u cÃ³ dip tá»›i quy nhÆ¡n 1 láº§n ná»¯a nháº¥t Ä‘á»‹nh sáº½ ghÃ©"
"ÄÃ£ tá»«ng ghÃ© Ä‘áº¿n Qui NhÆ¡n vÃ  sá»­ dá»¥ng thá»­ dá»‹ch vá»¥ Ä‘i kháº¯p phá»‘ phÆ°á»ng. Xe cháº¡y ngon lÃ nh cÃ nh Ä‘Ã o, giÃ¡ cáº£ phÃ¹ há»£p tÃºi tiá»n cho sinh viÃªn. ThÃ¡i Ä‘á»™ nhÃ¢n viÃªn khi giao nháº­n xe ráº¥t niá»m ná»Ÿ thÃ¢n thiá»‡n. Good service :)"
"Cho thuÃª xe giÃ¡ cáº£ há»£p lÃ½,  xe Ä‘áº¹p,  mÃ¡y Ãªm.  Anh chá»‹ chá»§ nhiá»‡t tÃ¬nh,  dá»… thÆ°Æ¡ng ghÃª.  Sáº½ giá»›i thiá»‡u báº¡n bÃ¨ náº¿u Ä‘i du lá»‹ch quy nhÆ¡n. Sáº½ quay láº¡i ngÃ y gáº§n nháº¥t ^^"
"Xe mÃ¡y cá»±c ká»³ cháº¥t lÆ°á»£ng!xe má»›i toanh mÃ  mÅ© báº£o hiá»ƒm cÅ©ng má»›i ná»¯a! A chá»§ nhiá»‡t tÃ¬nh dá»… sá»£, cho luÃ´n 1 tá» cáº©m nang du lá»‹ch vÃ  báº£n Ä‘á»“ thÃ nh phá»‘. Ráº¥t hÃ i lÃ²ng!!"
"xe má»›i, Ä‘i tá»‘t vÃ  lá»£i xÄƒng, mÃ¬nh ráº¥t hÃ i lÃ²ng khi thuÃª xe á»Ÿ Ä‘Ã¢y, a chá»§ cÃ²n tÆ° váº¥n Ä‘á»§ thá»© cho mÃ¬nh ná»¯a, sáº½ thuÃª tiáº¿p vÃ  á»§ng há»™ dÃ i dÃ i"
"Xe tá»‘t láº¡i cÃ²n cho thuÃª giÃ¡ ráº», admin thÃ¬ quÃ¡ tuyá»‡t vá»i hÆ°á»›ng dáº«n mÃ¬nh táº­n tÃ¬nh cÃ¡c Ä‘iá»ƒm chÆ¡i"
Má»—i láº§n ra Ä‘Ã¢y du lá»‹ch toÃ n alo anh chá»§ Ä‘áº¹p trai giao xe táº­n nÆ¡i. HÆ°á»›ng dáº«n nhiá»‡t tÃ¬nh. Cháº¥t lÆ°á»£ng xe thÃ¬ khá»i chÃª. GiÃ¡ cáº£ láº¡i há»£p lÃ­. ÄÃ¡nh giÃ¡ 5* liá»n
"Dá»‹ch vá»¥ thuÃª xe á»Ÿ Ä‘Ã¢y ráº¥t tá»‘t, xe ráº¥t má»›i vÃ  ok. Äáº·c biá»‡t cÃ³ a chÃ ng giao xe Ä‘áº¹p trai vÃ  thÃ¢n thiá»‡n ná»¯a Ä‘Ã£ tÆ° váº¥n cho mÃ¬nh vÃ i Ä‘iá»ƒm Ä‘áº¿n ráº¥t hay. Tuyá»‡t vá»i Ã´ng máº·t trá»i."
"anh chá»§ xe mÃ¡y ráº¥t lÃ  vui tÃ­nh,nhiá»‡t tÃ¬nh vÃ  thÃ¢n thiá»‡n"
"tráº£i nghiá»‡m tuyá»‡t vá»i á»Ÿ quy nhÆ¡n flc cÃ¹ng vá»›i xe may anh trÆ°á»Ÿng, cáº£m Æ¡n anh chá»§ dá»… thÆ°Æ¡ng nhiá»u, xe Ãªm, sáº¡ch sáº½"
"Cá»­a hÃ ng Cho thuÃª xe mÃ¡y Quy NhÆ¡n Anh TrÆ°á»Ÿng nhiá»‡t tÃ¬nh, xe má»›i vÃ  tÃ­nh 24h, giÃ¡ cáº£ há»£p lÃ­, ráº¥t tá»‘t"
"GiÃ¡ á»Ÿ Ä‘Ã¢y cÅ©ng Ä‘áº£m báº£o lÃ  dá»… chá»‹u hÆ¡n nhiá»u so vá»›i 1 vÃ i chá»— cÃ³ public giÃ¡ cáº£ trÃªn web. Xe thÃ¬ khá»i bÃ n, mÃ¡y cá»±c trÃ¢u, cháº¡y Ãªm vÃ  vÆ°á»£t Ä‘á»§ loáº¡i Ä‘Æ°á»ng dá»‘c trÃªn Ä‘Æ°á»ng mÃ¬nh tá»« Quy NhÆ¡n ra táº­n TÃ¢y SÆ¡n mÃ  chÆ°a cháº¿t láº§n nÃ o"
Cho thuÃª Ä‘ang cho sv giÃ¡ 50k khi tá»›i thue láº¥y xe thÃ¬ láº¥y 120k. Hoáº£ng. Xe cháº¡y thÃ¬ pháº£i Ä‘áº¡p má»›i ná»•. Háº¿t chá»— nÃ³i luÃ´n. Tá»« nay khÃ´ng chÆ¡i anh trÆ°á»Ÿng.
Ráº¥t Ä‘Ã¡ng Ä‘á»“ng tiá»n bÃ¡t gáº¡o bá» ra. KhÃ¡ lÃ  thÃ­ch cÃ¡ch giao xe nhanh chÃ³ng cá»§a nhÃ¢n viÃªn. NÃ³i chung lÃ  ok
"Xe má»›i, ráº¥t cháº¥t lÆ°á»£ng, Ä‘Æ°á»£c giao xe táº­n nÆ¡i, nháº­n táº­n nÆ¡i ráº¥t nhanh chÃ³ng ná»¯a. 2 báº¡n giao xe hÆ°á»›ng dáº«n mÃ¬nh Äƒn mÃ³n bÃºn ráº¡m á»Ÿ quy nhÆ¡n ráº» mÃ  ngon quÃ¡, nháº¥t Ä‘á»‹nh quay láº¡i sáº½ thuÃª xe bÃªn báº¡n tiáº¿p."
MÃ¬nh cÃ³ Ä‘áº¿n Quy NhÆ¡n du lá»‹ch vÃ  Ä‘Ã£ thuÃª xe bÃªn cÃ´ng ty. Xe cháº¡y ráº¥t tá»‘t. GÃ­a cáº£ ráº» nháº¥t so vá»›i nhá»¯ng nÆ¡i khÃ¡c. MÃ  Ä‘Æ°á»£c a nhÃ¢n viÃªn giao xe chá»‰ dáº«n Ä‘Æ°á»ng nhiá»‡t tÃ¬nh ná»¯a. Ráº¤T TUYá»†T Vá»œI. MÃ¬nh sáº½ Ä‘áº¿n vá»›i Quy NhÆ¡n ná»¯a vÃ  sáº½ thuÃª xe bÃªn cá»­a hÃ ng báº¡n.
"HÃ£y cáº¡nh tranh lÃ nh máº¡nh ,táº­p chung nÃ¢ng cao cháº¥t lÆ°á»£ng cá»§a dá»‹ch vá»¥ mÃ¬nh thÃ¬ khÃ¡ch hÃ ng sáº½ biáº¿t Ä‘áº¿n chá»© Ä‘á»«ng Ä‘i xÃ© báº£ng quáº£ng cÃ¡o,láº¥y sÆ¡n Ä‘en bÃ´i sá»‘ Ä‘iá»‡n thoáº¡i  cá»§a ngÆ°á»i khÃ¡c rá»“i dÃ¡n cá»§a mÃ¬nh nhÆ° vá»¥ táº¡i báº¿n xe Quy NhÆ¡n vá»«a rá»“i nÃ³ khÃ´ng Ä‘áº¹p vá»«a láº¡i tiá»ƒu nhÃ¢n"
"NhÃ³m mÃ¬nh vá»«a thuÃª 3 xe á»Ÿ Ä‘Ã¢y. giÃ¡ cáº£ ráº¥t á»•n,xe Ä‘áº¹p. há»— giao xe tÃ¢n khÃ¡ch sáº¡n. mÃ¬nh cáº£m tháº¥y Ä‘Ã¡ng tin cáº­y. minh sáº½ giá»›i thiá»‡u cho báº¡n bÃ¨ mÃ¬nh thuÃª tiáº¿p."
Dá»‹ch vá»¥ ráº¥t tá»‘t ráº¥t Æ°ng Ã½.. cÃ¡c báº¡n cÃ³ Ä‘i du lá»‹ch quy nhÆ¡n liÃªn há»‡ A.TrÆ°á»Ÿng nhÃ©.. nhiá»‡t tÃ¬nh vÃ  ráº¥t chu Ä‘Ã¡o giÃ¡ há»£p lÃ½... xe má»›i... á»§ng há»™ nhiá»‡t tÃ¬nh
"Giao xe Ä‘Ãºng háº¡n. Xe cháº¡y tá»‘t mÃ  máº¥y báº¡n cho thuÃª cÅ©ng dá»… thÆ°Æ¡ng, nÃ³i chuyá»‡n vui tÃ­nh"
"Anh TrÆ°á»Ÿng thÃ¢n thiá»‡n nhanh chÃ³ng , dá»‹ch vá»¥ ráº¥t tá»‘t . Láº§n sau sáº½ alo tiáº¿p .. Thá»§ tá»¥c nhanh gá»n láº¹ . A chá»§ ráº¥t nhiá»‡t tÃ¬nh . Ko chÃª chá»— nÃ o dc . Xe má»›i toanh luÃ´n"
"ÄÃ¢y lÃ  láº§n Ä‘áº§u tiÃªn em viáº¿t review vá» sá»­ dá»¥ng dá»‹ch vá»¥, sáº£n pháº©m. NhÆ°ng tháº­t tÃ¢m lÃ  vÃ´ cÃ¹ng thÃ­ch dá»‹ch vá»¥ thuÃª xe mÃ¡y á»Ÿ bÃªn Anh TrÆ°á»Ÿng. Xe mÃ¡y cháº¡y tá»‘t, Ãªm, y chang con xe wave a em sá»­ dá»¥ng á»Ÿ nhÃ . Anh Ä‘áº¿n giao xe táº­n resort , láº¥y xe táº¡i báº¿n xe Ä‘á»ƒ chÃºng em tiá»‡n Ä‘Æ°á»ng Ä‘i ÄÃ  Láº¡t  mÃ  ko há» láº¥y 1 Ä‘á»“ng phÃ­, luÃ´n giá»¯ ná»¥ cÆ°á»i thÃ¢n thiá»‡n."
MÃ¬nh ráº¥t hÃ i lÃ²ng vá» cháº¥t lÆ°á»£ng sáº£n pháº©m cÅ©ng nhÆ° thá»i háº¡n giao nháº­n. Shop ráº¥t nhiá»‡t tÃ¬nh vÃ  thÃ¢n thiá»‡n
"ÄÃ£ Ä‘áº¿n Quy NhÆ¡n vÃ  cháº¡y kháº¯p phá»‘ phÆ°á»ng trÃªn xe mÃ¡y cá»§a anh TrÆ°á»Ÿng. Anh chá»§ há»— trá»£ chá»‰ Ä‘Æ°á»ng, quÃ¡n Äƒn nhiá»‡t tÃ¬nh. Tiáº¿c lÃ  chÆ¡i Ä‘Æ°á»£c cÃ³ 2 ngÃ y nÃªn chÆ°a Äƒn Ä‘Æ°á»£c háº¿t Quy NhÆ¡n nÃ¨ :)"
Cho thuÃª xe mÃ¡y Quy NhÆ¡n Anh TrÆ°á»Ÿng xe má»›i cháº¥t lÆ°á»£ng giao xe nhanh chÃ³ng ráº¥t thÃ­ch!
"Cho ThuÃª xe mÃ¡y quy nhÆ¡n anh trÆ°á»Ÿng ráº¥t chu Ä‘Ã¡o, táº­n tÃ¢m. GiÃ¡ cáº£ ráº¥t há»£p lÃ½. Äáº·c biá»‡t cháº¥t lÆ°á»£ng xe ráº¥t tá»‘t Ä‘Ã¢y lÃ  Ä‘iá»u tÃ´i ráº¥t yÃªn tÃ¢m khi thuÃª xe táº¡i Ä‘Ã¢y. Cáº£m Æ¡n anh ráº¥t nhiá»u. Cháº¯c cháº¯n tÃ´i xe thuÃª xe cá»§a anh thÆ°á»ng xuyÃªn"
"Xe má»›i, ráº¥t cháº¥t lÆ°á»£ng, Ä‘Æ°á»£c giao xe táº­n nÆ¡i, nháº­n táº­n nÆ¡i ráº¥t nhanh chÃ³ng ná»¯a. 2 báº¡n giao xe hÆ°á»›ng dáº«n mÃ¬nh Äƒn mÃ³n bÃºn ráº¡m á»Ÿ quy nhÆ¡n ráº» mÃ  ngon quÃ¡, nháº¥t Ä‘á»‹nh quay láº¡i sáº½ thuÃª xe bÃªn báº¡n tiáº¿p..Xe má»›i, ráº¥t cháº¥t lÆ°á»£ng, Ä‘Æ°á»£c giao xe táº­n nÆ¡i, nháº­n táº­n nÆ¡i ráº¥t nhanh chÃ³ng ná»¯a. 2 báº¡n giao xe hÆ°á»›ng"
"LaÌ€ Ä‘iÃªÌ‰m thuÃª xe maÌy Ä‘aÌng tin cÃ¢Ì£y vaÌ€ giaÌ caÌ‰ phaÌ‰i chÄƒng taÌ£i Quy NhÆ¡n. MiÌ€nh thuÃª 2 xe sá»‘ sirius má»›i. GiaÌ yÃªu thÆ°Æ¡ng,100k/xe/ngaÌ€y. MiÌ€nh rÃ¢Ìt haÌ€i loÌ€ng vÃªÌ€ diÌ£ch vuÌ£. ÄÄƒÌ£c biÃªÌ£t laÌ€ chiÌ£ chuÌ‰ nhiÃªÌ£t tiÌ€nh. LuÌc vÃªÌ€ miÌ€nh nhÆ¡Ì ra quÃªn aÌo trong cÃ´Ìp xe, chiÌ£ chuÌ‰ cÃ²n cháº¡y ra ga traÌ‰ laÌ£i. Tks chiÌ£ chuÌ‰!"
"Cá»­a hÃ ng xe gáº§n ngay quÃ£ng trÆ°á»ng trung tÃ¢m, co nhiá»u loáº¡i xe tha há»“ mÃ  lá»±a, giÃ¡ cáº£ há»£p. NgoÃ i ra, ac chá»§ dá»… thÆ°Æ¡ng nhiá»‡t tÃ¬nh, giao xe táº­n nÆ¡i. Báº¡n nÃ o Ä‘i quy nhÆ¡n muá»‘n thuÃª xe mÃ¡y thÃ¬ ghÃ© nhÃ©."
báº¡n cho thuÃª xe ráº¥t nhiá»‡t tÃ¬nh..xe cÅ©ng ok.
"Cháº¥t lÆ°á»£ng phá»¥c vá»¥ tá»‘t, giÃ¡ ráº» , nhiá»‡t tÃ¬nhâ€”- chÃºc quÃ½ cty thÃ nh cÃ´ng"
"Du lá»‹ch â€œbá»¥iâ€ á»Ÿ quy nhÆ¡n mÃ  máº¥y cáº­u muá»‘n cÃ³ phÆ°Æ¡ng tiá»‡n di chuyá»ƒn ráº» phÃ¹ há»£p vá»›i sinh viÃªn thÃ¬ Ä‘Ã¢y lÃ  nÆ¡i lÃ½ tÆ°á»Ÿng..Anh chá»§ ráº¥t hoÃ  nhÃ£ vÃ  táº­n tÃ¬nh sp báº¡n háº¿t mÃ¬nh..GiÃ¡ dao Ä‘á»™ng theo thá»‹ trÆ°á»ng, khÃ¡ ráº» vÃ  tuá»³ theo báº¡n muá»‘n loáº¡i xe nÃ o"
Táº¡m Ä‘Æ°á»£c. NhÆ°ng og chá»§ dá»… thÆ°Æ¡ng
"dá»‹ch vá»¥ cho thuÃª xe ráº¥t tá»‘t vÃ  thuáº­n tiá»‡n , má»™t cÃ¡i minh thiÌch nháº¥t Ä‘Ã³ lÃ  giao tá»›i táº­n nÆ¡i , minh khÃ´ng cáº§n cáº¥t cong Ä‘i Ä‘áº¿n chá»— thuÃª rá»“i sau Ä‘Ã³ pháº£i mang xe Ä‘i tráº£ , ráº¥t má»‡t vÃ  sau Ä‘Ã³ thÃ¬ cÃ²n pháº£i tá»‘n phÃ­ Ä‘á»ƒ Ä‘i tá»« chá»— thuÃª xe vá» khÃ¡ch sáº¡n hoáº·c sÃ¢n bay . Ráº¥t cáº£m Æ¡n vá» dá»‹ch vá»¥ há»¯u Ã­ch nÃ y ğŸ™‚"
"Äiá»ƒm cá»™ng:.> Giao/ tráº£ xe táº­n nÆ¡i..Äiá»ƒm trá»«:.> GiÃ¡ cáº£ khÃ¡ Ä‘áº¯t so vá»›i máº·t báº±ng chung á»Ÿ Quy NhÆ¡n (xe má»›i 120k, nhá»¯ng chá»— khÃ¡c táº§m 100k).> CÃ¡ch tÃ­nh giá» gÃ¢y báº¥t lá»£i cho ngÆ°á»i thuÃª ( Má»‘c tÃ­nh ngÃ y báº¯t Ä‘áº§u tá»« 5g sÃ¡ng, nÃªn náº¿u báº¡n láº¥y xe táº§m 9g, hÃ£y chuáº©n bá»‹ máº¥t ná»­a ngÃ y tiá»n ... lá»¡ giá»  NhÆ°ng lÃºc tráº£ thÃ¬ láº¡i láº¥y má»‘c 12g trÆ°a, náº¿u lá»‘, báº¡n cÅ©ng chuáº©n bá»‹ tiá»n, tráº£ tiáº¿p)..=> KhÃ´ng hÃ i lÃ²ng"
"MÃ¬nh cÃ³ thuÃª xe á»Ÿ Ä‘Ã¢y mÃ  cáº£m nháº­n lÃ  xe khÃ¡ tá»‘t. K giá»‘ng nhá»¯ng chá»— khÃ¡c, xe cháº¡y khÃ¡ á»•n vÃ  k hÆ° há»ng gÃ¬ cáº£. NhÃ¢n viÃªn cÅ©ng nhiá»‡t tÃ¬nh vÃ  uy tÃ­n..MÃ¬nh cÃ³ thuÃª xe vÃ  máº£i chÆ¡i nÃªn Ä‘i quÃ¡ giá» mÃ  nhÃ¢ viÃªn váº«n k tá» ra khoa chá»‹u hay tÃ­nh tiá»n thÃªm..CÃ³ dá»‹p Ä‘i quy nhÆ¡n mÃ¬nh sáº½ thuÃª láº¡i chá»— nÃ y"
ThuÃª xe mÃ¡y mÃ  khÃ´ng ngá» gáº·p Ä‘Æ°á»£c anh chá»§ nhiá»‡t tÃ¬nh thÃ¢n thiá»‡n quÃ¡
Dá»‹ch vá»¥ thuÃª xe mÃ¡y á»Ÿ Ä‘Ã¢y ráº¥t tá»‘t. Em TrÆ°á»Ÿng phá»¥c vá»¥ khÃ¡ch ráº¥t ok vÃ  nhiá»‡t tÃ¬nh. vote cho e 5 sao vÃ  sáº½ tiáº¿p tá»¥c á»§ng há»™ khi cÃ³ dá»‹p vá» Quy NhÆ¡n.
"Cháº¥t lÆ°á»£ng xe ráº¥t tá»‘t, giÃ¡ cáº£ pháº£i chÄƒng, ráº¥t hÃ i lÃ²ng ğŸ‘"
Ok. HÃ i lÃ²ng khi chá»n thuÃª xe táº¡i Ä‘Ã¢y
Cháº¥t lÆ°á»£ng phá»¥c vá»¥ cá»±c ká»³ tuyá»‡t vá»i. MÃ¬nh Ä‘Ã¡nh giÃ¡ cao cung cÃ¡ch phá»¥c vá»¥ vÃ  thÃ¡i Ä‘á»™ cá»§a nháº­n viÃªn. PhÃ²ng á»Ÿ tiá»‡n nghi vÃ  sang trá»ng. Xung quanh lÃºc nÃ o cÅ©ng sáº¡ch sáº½ ráº¥t thÃ­ch há»£p cho gia Ä‘Ã¬nh Ä‘i vÃ o nhá»¯ng ká»³ nghá»‰ lá»…. ğŸ˜€ğŸ˜€ğŸ˜€
"Phá»¥c vá»¥ ráº¥t chuyÃªn nghiá»‡p, giÃ¡ cáº£ phÃ¹ há»£p vÃ  anh chá»‹ vui tÃ­nh â¤ï¸â¤ï¸"
"Review cho hai anh chá»‹ nÃ¨..anh chá»‹ ráº¥t nhiá»‡t tÃ¬nh cÅ©ng nhÆ° vui váº», giÃ¡ cáº£ thuÃª xe há»£p lÃ½ vÃ  xe Ä‘i cÅ©ng ráº¥t á»•n nha má»i ngÆ°á»i ^^..anh chá»‹ cÅ©ng sáºµn sÃ ng tÆ° váº¥n cho báº¡n lá»‹ch trÃ¬nh tham.quan náº¿u báº¡n thÃ­ch Ä‘i phÆ°á»£t nha..má»™t Ä‘á»‹a chá»‰ uy tÃ­n Ä‘á»ƒ thuÃª xe khi cÃ¡c báº¡n vÃ o Quy NhÆ¡n)..CÃ¡m Æ¡n anh chá»‹ Ä‘Ã£ giÃºp bá»n em cÃ³ Ä‘Æ°á»£c nhá»¯ng tráº£i nghiá»‡m tuyá»‡t vá»i á»Ÿ nÆ¡i nÃ y, nháº¥t Ä‘á»‹nh sáº½ trá»Ÿ láº¡i vÃ o má»™t ngÃ y gáº§n nháº¥t!"
"Báº¡n chá»§ siÃªu nhiá»‡t tÃ¬nh, vá»«a tá»›i Ä‘Ã£ Ä‘c tÆ° váº¥n Ä‘á»‹a Ä‘iá»ƒm chÆ¡i, Ä‘Æ°á»ng Ä‘i, chá»— Äƒn cÃ¡c thá»©. Nhá» báº¡n áº¥y mÃ  chÃºng mÃ¬nh ko bá»‹ trá»… tÃ u xe :)) khi tráº£ xe rá»“i báº¡n cÃ²n gá»i há»i tá»¥i mÃ¬nh cÃ³ bá»‹ trá»… tÃ u ko ná»¯a. Ráº¥t lÃ  thÃ­ch cÃ¡ch lÃ m viá»‡c cá»§a báº¡n áº¥y. Sáº½ giá»›i thiá»‡u báº¡n bÃ¨ náº¿u cÃ³ dá»‹p, nhÃ© Anh TrÆ°á»Ÿng"
"NhÃ¢n viÃªn thÃ¢n thiá»‡n, cháº¥t lÆ°á»£ng phá»¥c vá»¥ tá»‘t, giÃ¡ cáº£ pháº£i chÄƒng!"
"Xe á»•n pháº¿t, cháº¡y vi vu vÃ  tiáº¿t kiá»‡m xÄƒng ná»¯a :)).ÄÆ°á»£c cÃ¡i Ã´ng chá»§ Ä‘áº¹p trai khÃ©o nÃ³i :)), chÃ©m giÃ³ pháº§n pháº­t khÃ´ng chÃ¡n luÃ´n.YÃªu â¤"
"GiÃ¡ cáº£ pháº£i chÄƒng, xe cháº¥t lÆ°á»£ng ráº¥t tá»‘t"
Xe tá»‘t giÃ¡ á»•n! a giao xe láº¡i thÃ¢n thiá»‡n! cáº£m Æ¡n báº¡n táº¡o Ä‘iá»u kiá»‡n bá»n mÃ¬nh khÃ¡m phÃ¡ quy nhÆ¡n nhÃ©.
Xe mÃ¡y ráº¥t tá»‘t- giÃ¡ cáº£ há»£p lÃ½- cÃ³ dá»‹p quay láº¡i sáº½ tiáº¿p tá»¥c thuÃª xe :)))
"Má»—i láº§n vá» Quy NhÆ¡n k cÃ³ xe Ä‘i toÃ n thuÃª báº¡n nÃ y :3 xe má»›i mÃ  giÃ¡ ráº» ná»¯a, vá»›i cá»© cÃ³ báº¡n bÃ¨ Ä‘áº¿n QN lÃ  giá»›i thiá»‡u qua Ä‘Ã¢y, ai khÃ´ng biáº¿t tÆ°á»Ÿng mai má»‘i ğŸ˜†ğŸ˜† Báº¡n nÃ o"
Ã”ng chá»§ thÃ¬ thÃ¢n thiá»‡n vÃ  nhiá»‡t tÃ¬nh.Thá»§ tá»¥c thuÃª xe nhanh chÃ³ng .
"Thuáº¿ xe mÃ¡y anh ThÆ°á»ng Ä‘á»‹a Ä‘iá»ƒm dá»… tÃ¬m, gÃ­a tá»‘t, cháº¥t lÆ°á»£ng phá»¥c vá»¥ 5 sao"
cÃ³ dá»‹p quay láº¡i PR nháº¥t Ä‘á»‹nh sáº½ láº¡i thuÃª xe ad Ä‘á»ƒ chÆ¡i ná»‘t nhá»¯ng Ä‘iá»ƒm chÆ°a ká»‹p Ä‘i.
"Xe maÌy chaÌ£y rÃ¢Ìt Ãªm. 2 chaÌu giao xe rÃ¢Ìt lÃªÌƒ pheÌp vaÌ€ nhiÃªÌ£t tiÌ€nh, khÃ´ng quaÌ‰n ngaÌ£i nÄƒÌng mÆ°a vÃ¢Ìƒn giao xe tÃ¢Ì£n nÆ¡i. LÃ¢Ì€n sau chuÌ lÃªn seÌƒ tiÃªÌp tuÌ£c uÌ‰ng hÃ´Ì£ cÃ¡c chÃ¡u nhÃ© TrÆ°á»Ÿng"
"Xe má»›i, dá»‹ch vá»¥ ráº¥t tá»‘t, a giao xe ráº¥t dá»… thÆ°Æ¡ng ğŸ‘Œ"
"MÃ¬nh thuÃª xe 2 ngÃ y 29 vÃ  30/8 Ä‘i Ä‘i vi vu Quy NhÆ¡n. Anh chá»§ ráº¥t nhiá»‡t tÃ¬nh, Ä‘áº¿n táº­n ga Quy NhÆ¡n Ä‘á»ƒ giao xe vÃ  sá»‘ 1 Nguyá»…n Táº¥t ThÃ nh Ä‘á»ƒ nháº­n xe (mÃ¬nh Ä‘i bus vá» sÃ¢n bay PhÃ¹ CÃ¡t). Náº¿u cÃ³ dá»‹p quay láº¡i Quy NhÆ¡n mÃ¬nh sáº½ tiáº¿p tá»¥c thuÃª xe á»Ÿ Ä‘Ã¢y."
"ThuÃª 5 xe nhÃ¬n chung giÃ¡ cáº£ rÃµ rÃ ng, thuÃª ngÃ y lá»… giÃ¡ tÄƒng nháº¹ ğŸ˜‚ğŸ˜‚"
"HoÃ n toÃ n hÃ i lÃ²ng vá»›i dá»‹ch vá»¥! Uy tÃ­n. Xe tá»‘t giÃ¡ cáº£ pháº£i chÄƒng. Anh chá»‹ chá»§ dá»… thÆ°Æ¡ng ná»¯a, hÆ°á»›ng dáº«n táº­n tÃ¬nh luÃ´n. Sáº½ giá»›i thiá»‡u cho báº¡n bÃ¨ mÃ¬nh."
"Dá»‹ch vá»¥ ok, giÃ¡ cáº£ há»£p lÃ½, sáº½ quay láº¡i láº§n sau. GÃ‚U! ğŸ•"
"Shop ráº¥t nhiá»‡t tÃ¬nh vÃ  Ã¢n cáº§n chá»‰ giÃºp nhÃ³m mÃ¬nh nhiá»u thÃ´ng tin vá» Quy NhÆ¡n. Xe cháº¥t lÆ°á»£ng tá»‘t.cáº£m Æ¡n máº¥y anh giao xe, cáº£m Æ¡n cho thuÃª xe mÃ¡y Anh TrÆ°á»Ÿng nhÃ©"
"Cho thuÃª xe nhiá»‡t tÃ¬nh, xe tá»‘t, cÃ²n má»›i, giÃ¡ há»£p lÃ½"
"Chá»§ ráº¥t nhiá»‡t tÃ¬nh, thÃ¢n thiá»‡n, giao xe ráº¥t nhanh chÃ³ng."
Tuyá»‡t vá»i xe tá»‘t giÃ¡ cáº£ há»£p lÃ­!
"khÃ´ng há» cháº·t chÃ©m nhá»¯ng ngÆ°á»i Ä‘i du lá»‹ch  nhÆ° mÃ¬nh, cÃ¡c báº¡n cÃ³ thuÃª xe hÃ£y tá»›i vá»›i 06 Nguyá»…n Nháº¡c Ä‘á»ƒ thuÃª xe nhÃ©,cháº¯c cháº¯n sáº½ khÃ´ng lÃ m cÃ¡c báº¡n tháº¥t vá»ng"
"A c chá»§ thÃ¢n thiá»‡n, giÃ¡o xe nhanh, xe Ä‘i lá»£i xÄƒng vÃ  tá»‘t, Ä‘uoc tÃ­nh 24h thoáº£i mÃ¡i"
Xe ráº¥t má»›i dá»‹ch vá»¥ láº¡i ráº¥t okğŸ˜˜
xe mÃ¡y cháº¥t lÆ°á»£ng vÃ  thá»§ tá»¥c ráº¥t Ä‘Æ¡n giáº£n
"Xe cháº¡y tá»‘t, nhÃ¢n viÃªn dá»… thÆ°Æ¡ng, nhiá»‡t tÃ¬nh"
"Cá»­a hÃ ng Cho thuÃª xe mÃ¡y Quy NhÆ¡n Anh TrÆ°á»Ÿng xe tá»‘t, má»›i, sáº¡ch vÃ  ráº¥t thÃ¢n thiá»‡n tá»‘t"
"GiÃ¡ thuÃª xe ráº», Phá»¥c vá»¥ nhanh! HÃ¢n háº¡nh Ä‘Æ°á»£c báº¡n phá»¥c vá»¥"
"Cháº¥t lÆ°á»£ng xe ráº¥t tá»‘t, cÃ¹ng vá»›i giÃ¡ cáº£ ráº» phÃ¹ há»£p vá»›i tÃºi tiá»n cá»§a sinh viÃªn. BÃªn cáº¡nh Ä‘Ã³, thÃ¡i Ä‘á»™ phá»¥c vá»¥ cá»§a ngÆ°á»i cho thuÃª vÃ´ cÃ¹ng lá»‹ch sá»± vÃ  thÃ¢n thiá»‡n. Mong ráº±ng sáº½ cÃ³ nhiá»u ngÆ°á»i biáº¿t vÃ  sá»­ dá»¥ng dá»‹ch vá»¥ cho thuÃª xe cá»§a anh chá»‹"
"NgÃ y mÃ¬nh vá» háº¹n 10h tá»‘i á»Ÿ ga Ä‘á»ƒ tráº£ xe, váº­y mÃ  anh chá»§ tá»›i ga cÃ²n sá»›m hÆ¡n cáº£ mÃ¬nh máº·c dÃ¹ mÃ¬nh tá»›i lÃºc 9h45, pháº£i nÃ³i lÃ  cá»±c ká»³ nhiá»‡t tÃ¬nh..Náº¿u quay láº¡i PR láº§n ná»¯a, chá»— cá»§a anh cháº¯c cháº¯n sáº½ lÃ  chá»— mÃ¬nh thuÃª xe..ChÃºc anh ngÃ y cÃ ng thÃ nh cÃ´ng trong kinh doanh"
"A chá»§ dá»… thÆ°Æ¡ng , nhiá»‡t tÃ¬nh , cáº£m Æ¡n anh ráº¥t nhiá»u áº¡"
"Xe cháº¡y á»•n, chá»§ xe Nam vÆ°Æ¡ng cÃ³ khÃ¡c, vá»«a Ä‘áº¹p trai vá»«a dá»… thÆ°Æ¡ng haha"
Giao xe nhanh chÃ³ng. Dá»‹ch vá»¥ chuyÃªn nghiá»‡p nháº¥t Quy NhÆ¡n Ä‘Ã¢y nÃ¨.
"Äá»ƒ giÃ¡ 50.000 mÃ  vÃ´ thuÃª chiáº¿c sirius láº¡i tÃ­nh 100.000,náº£n!"
"Dá»‹ch vá»¥ tá»‘t, a chá»§ ráº¥t Æ° lÃ  dá»… thÆ°Æ¡ng áº¡"
"Anh chá»‹ chá»§ dá»… thÆ°Æ¡ng nhiá»‡t tÃ¬nh, dá»‹ch vá»¥ tá»‘t"
thá»§ tá»¥c nhanh gá»n giÃ¡ cáº£ há»£p lÃ½ má»i ngÆ°á»i nÃªn Ä‘Äƒng kÃ­ thuÃª xe á»Ÿ Ä‘Ã¢y
Xe dá»•m! LÃ m Äƒn gian dá»‘i. Cáº¡nh tranh khÃ´ng lÃ nh máº¡nh!!.KhÃ´ng cÃ³ tÃ¢m!!
ReÌ‰ . chÃ¢Ìt lÆ°Æ¡Ì£ng. Xe tÃ´Ìt . ra Ä‘aÌ‰m baÌ‰o .
Cho thuÃª xe mÃ¡y quy nhÆ¡n giÃ¡ ráº» xe ga 150k Ä‘i tá»‘t láº¯m
NhÃ¢n viÃªn nhiá»‡t tÃ¬nh. Ráº¥t hÃ i lÃ²ng!
"Ráº». cháº¥t lÆ°á»£ng, chá»§ tiá»‡m thÃ¢n thiá»‡n nhiá»‡t tÃ¬nh"
"Dá»‹ch vá»¥ tá»‘t, giÃ¡ cáº£ pháº£i chÄƒng. Good"
"Chá»§ thÃ¢n thiá»‡t, nhiá»‡t tÃ¬nh, Ä‘Ãºng háº¹n. Xe nhiá»u thoáº£i mÃ¡i lá»±a chá»n. NÃ³i chung ráº¥t okay"
"Dá»‹ch vá»¥ tá»‘t, xe xá»‹n, hÆ°á»›ng dáº«n nhiá»‡t tÃ¬nh"
thuÃª xe Ä‘Æ¡n giáº£n vÃ  nhiá»‡t tÃ¬nh
Xe má»›i. TÃ­nh 24h ráº¥t tiá»‡n. Giao xe nhanh vÃ  chuyÃªn nghiá»‡p
Táº¥m lá»£p sinh thÃ¡i onduline phÃ¢n phá»‘i ngÃ³i lá»£p ra tá»›i Ä‘Ã¢y
Dá»‹ch vá»¥ khÃ´ng tá»‘t. Add sá»‘ lung tung Ä‘á»‹a Ä‘iá»ƒm khÃ¡c. Cáº¡nh tranh khÃ´ng lÃ nh máº¡nh.
"MÃ¬nh cÃ³ thuÃª chiáº¿c Future Neo tuáº§n trÆ°á»›c, giÃ¡ cáº£ há»£p lÃ½, thá»§ tá»¥c nhanh gá»n.Cáº£m Æ¡n báº¡n TrÆ°á»Ÿng Ä‘Ã£ cho mÃ¬nh Ã¡o mÆ°a Ä‘á»ƒ Ä‘i vá» lÃºc chiá»u.Dá»‹ch vá»¥ ráº¥t tá»‘t, cháº¯c cháº¯n sáº½ quay láº¡i láº§n sau náº¿u cÃ³ nhu cáº§u"
"Dá»‹ch vá»¥ tá»‘t, xe má»›i cháº¥t lÆ°á»£ng vÃ  giÃ¡ cáº£ ráº¥t ok nha :))"
Cho thuÃª xe mÃ¡y quy nhÆ¡n á»Ÿ Ä‘Ã¢y giÃ¡ ráº» 100k/ngÃ y
Dá»‹ch vá»¥ tá»‘t. CÃ´ chá»§ thÃ¢n thiá»‡n
"Dá»‹ch vá»¥ khÃ¡ ok, sáº½ á»§ng há»™ láº§n sau"
"Cháº¥t lÆ°á»£ng dá»‹ch vá»¥ tá»‘t, chÃºng tÃ´i Ä‘Ã¡nh giÃ¡ cao á»Ÿ sá»± nhiá»‡t tÃ¬nh, chu Ä‘Ã¡o mÃ  dá»‹ch vá»¥ cá»§a báº¡n Ä‘em tá»›i ğŸ‘ŒğŸ‘ŒğŸ‘ŒğŸ‘ŒğŸ‘Œ"
N.v thÃ¢n thiá»‡n vÃ  tÆ° váº¥n nhiá»‡t tÃ¬nh
"Dich vu tot, thu tuc don gian."
"anh chá»§ dá»… thÆ°Æ¡ng, táº­n tÃ¬nh vote 5 sao cho anh"
Tá»‘t.....cÃ¡ch pv nhiá»‡t tÃ¬nh....5*
"Cháº¥t lÆ°Æ¡ng tá»‘t, dá»‹ch vá»¥ tuyá»‡t vá»i."
Cho thuÃª xe nhiá»‡t tÃ¬nh. Xe má»›i vÃ  lá»£i xÄƒng
"BÃ  chá»§ cá»±c nhiá»‡t tÃ¬nh, xe tá»‘t cháº¡y Ãªm vu Ã , 5* nhÃ© â¤ï¸â¤ï¸â¤ï¸â¤ï¸â¤ï¸"
"ngÆ°á»i dÃ¢n Quy NhÆ¡n hiá»n lÃ nh,cháº¥t phÃ¡c"
Xe Ä‘áº¹p vÃ  sáº¡ch sáº½. Giao xe nhanh vÃ  vui váº»
"Xe má»›i, cÃ³ sáºµn Ã¡o mÆ°a, mÅ© báº£o hiá»ƒm"
"Dá»‹ch vá»¥ khÃ¡ chuyÃªn nghiá»‡p vÃ  táº­n tÃ¬nh, xe tá»‘t"
ThuÃª xe mÃ¡y quy nhÆ¡n á»Ÿ Ä‘Ã¢y 100k
ThuÃª xe mÃ¡y quy quy nhÆ¡n cháº¥t lÆ°á»£ng má»›i 2019
Cho thuÃª xe mÃ¡y Quy NhÆ¡n xe má»›i vÃ  thÃ¢n thiá»‡n
Cho thuÃª xe mÃ¡y Quy NhÆ¡n xe má»›i tá»‘t
Dá»‹ch vá»¥ tá»‘t.táº­n tÃ¬nh giÃ¡ cáº£ há»£p lÃ­
