"BÃ£i biá»ƒn vÃ  cáº£nh biá»ƒn Ä‘áº¹p, dá»‹ch vá»¥ á»•n ko quÃ¡ Ä‘áº¯t, tráº£i nghiá»‡m Ä‘i ca nÃ´ ra Ä‘áº£o cho cáº£m giÃ¡c máº¡o hiá»ƒm pháº¥n khÃ­ch."
"Äi hÃ²n khÃ´ chÆ¡i ráº¥t ok, háº£i sáº£n láº¡i ráº¥t tÆ°Æ¡i ngon, quÃ¡ Ä‘Ã£ ğŸ˜„"
"CÃ³ ráº·n san hÃ´ Ä‘áº¹p, NÆ°á»›c biá»ƒn trong xanh, ngá»“i thuyá»n bÃ¨ thÆ°á»Ÿng thá»©c Ä‘á»“ biá»ƒn ráº¥t tuyá»‡t, giÃ¡ ra hÃ²n khÃ´ cÅ©ng vá»«a páº£i vá»›i má»™t nÆ¡i du lÃ­ch. CÃ³ Ä‘iá»u lÃ  phÃ²ng thay Ä‘á»“ ráº¥t Ã­t vÃ  ko cÃ³ nÆ°á»›c ngá»t táº¯m láº¡i"
"Dá»‹ch vá»¥ vá»«a phaá»‰phÃ²ng táº¯m cÃ³ 3 cÃ¡i cho ná»¯ nÃªn Ä‘á»£i lÃ¢u,bÃ£i biá»…n ghe tÃ u Ä‘áº­u nÃªn rÃ¡c nhiá»u,ra xa xa thÃ¬ trong xanh,tuyá»‡t!"
"Ráº¥t oke..ThuÃª tour thÃ¬ 220k 1 ngÆ°á»i sÃ¡ng 9h 10h Ä‘i chiá»u 1h vá» bao gá»“m cáº£ Äƒn trÆ°a..Tá»± tÃºc thÃ¬ 80k 1 ng tÃ u gá»—, 5k 1 ngÆ°á»i phÃ­ láº·n vs mÆ°á»£n Ä‘á»“ ngáº¯m san hÃ´, nhÃ  hÃ ng bÃ¨ ná»•i Äƒn ráº¥t ráº» vÃ  tÆ°Æ¡i. Tá»± Ä‘i thÃ¬ thÃ­ch máº¥y giá» vá» cÅ©ng Ä‘c, Ä‘i thoáº£ thÃ­ch..ÄoÃ n mÃ¬nh 7 ngÆ°á»i tá»± tÃºc Ä‘i Äƒn trÆ°a háº¿t 1 tr7, gá»“m Ä‘á»§ cÃ¡c loáº¡i háº£i sáº£n vÃ  1 thÃ¹ng bia."
"Cáº£nh tuyá»‡t Ä‘áº¹p nÆ°á»›c trong váº¯t. Äi ra Ä‘Ã¢y báº¯t buá»™c pháº£i Ä‘i tÃ u máº¥t 5 phÃºt, Ä‘i cano thÃ¬ máº¥t 3 phÃºt . Äáº·c biá»‡t cÃ³ con Ä‘Æ°á»ng Ä‘i xuyÃªn biá»ƒn, hÃ´m mÃ¬nh Ä‘i Ä‘Ãºng nÆ°á»›c lÃªn nÃªn khÃ´ng tháº¥y rÃµ Ä‘Æ°á»£c Ä‘Æ°á»ng nÃªn khÃ´ng chá»¥p Ä‘Æ°á»£c. HÆ¡i tiáº¿c :(  ngoÃ i ra cÃ³ nhiá»u hoáº¡t Ä‘á»™ng nhÆ° tÃ u chuá»‘i, láº·n ngáº¯m san hÃ´.. má»i ngÆ°á»i Ä‘i vÃ o ngÃ y biá»ƒn khÃ´ng Ä‘á»™ng thÃ¬ Ä‘á»u chÆ¡i Ä‘Æ°á»£c háº¿t"
"San hÃ´ khÃ´ng dc Ä‘áº¹p, mÃ¬nh cÃ³ chÆ¡i trÃ² cháº¡y cano, 200k cho 15 phÃºt, mÃ¬nh Ä‘Æ°a 500k cho bÃ  chá»§, chÆ¡i chÆ°a tá»›i 15 phÃºt bÃ  báº£o háº¿t 500k, ai cÃ³ chÆ¡i thÃ¬ Ä‘Æ°a Ä‘Ãºng 200k nhÃ©, khi Ä‘Æ°a tiá»n mÃ¬nh cÃ³ nÃ³i bÃ  thá»‘i láº¡i nhÆ°ng bÃ  báº£o chÆ¡i xong rÃ¹i thá»‘i..tháº¿ lÃ  máº¥t 300k.kaka"
"Máº¥t khoáº£ng 20p Ä‘á»ƒ Ä‘i tá»« Ä‘áº¥t liá»n ra Ä‘áº£o báº³ng tÃ u. Cáº£nh Ä‘áº¹p nhÆ° bao nhiÃªu hÃ²n Ä‘áº£o khÃ¡c cá»§a khu vá»±c nam trung bá»™ Viá»‡t Nam, nhÆ°ng Ä‘áº£o HÃ²n KhÃ´ gÃ¢y áº¥n tÆ°á»£ng hÆ¡n vá»›i 1 hÃ ng hÃ nh lang gá»— bao quanh vÃ¡ch Ä‘Ã¡ trÃªn Ä‘áº£o. Äi bá»™ trÃªn hÃ nh lang Ä‘Ã³n giÃ³ Ä‘Ã³ giá»¯a biá»ƒn xanh, cÃ¡t tráº¯ng, náº¯ng vÃ ng cáº£m tháº¥y cháº£ cÃ²n gÃ¬ Ä‘á»ƒ nghÄ©"
"ThÃ­ch nháº¥t táº¯m vÃ  chÆ¡i táº¡i hÃ²n khÃ´, Äƒn háº£i sáº£n ngon trÃªn bÃ¨, láº·ng ngáº¯m san hÃ´, cÃ¡c trÃ² chÆ¡i nÆ°á»›c"
"CÃ³ nhiá»u gÃ³c chá»¥p Ä‘áº¹p, nhÆ°ng tÃ u thuyá»n nhiá»u quÃ¡ nÃªn Ä‘á»ƒ láº¡i nhiá»u nhá»›t mÃ¡y trÃªn cÃ¡t, san hÃ´ á»Ÿ Ä‘Ã¢y cÅ©ng Ä‘áº¹p."
"Äáº¹p nhÆ°ng ngÆ°á»i dÃ¢n vÃ  khÃ¡ch du lá»‹ch khÃ´ng cÃ³ Ã½ thá»©c, quÃ¡ nhiá»u rÃ¡c trÃªn bÃ£i biá»ƒn. Buá»“n cho du lá»‹ch Viá»‡t Nam."
BÃ£i biá»ƒn cÃ²n hoang sÆ¡. NÆ°á»›c biá»ƒn trong xanh. MÃ¬nh chá»n du lá»‹ch Halo Quy NhÆ¡n nÃªn khÃ¡ Æ°ng Ã½ vá»›i dá»‹ch vá»¥ bÃªn há».
Äang cÃ²n hoang sÆ¡. Ráº¥t áº¥n tÆ°á»£ng vá»›i Maldives Quy NhÆ¡n
"LÃªn bÃ¨ Äƒn tÆ°Æ¡i ngon. KhÃ¡ch Ä‘Ã´ng nÃªn tá»± phá»¥c vá»¥. HÃ²n KhÃ´ Ä‘ang lÃ m cáº§u cáº£ng, chÆ°a cÃ³ lá»u che nÃªn náº¯ng nhiá»u. Äang Ä‘á»ƒ quay láº¡i"
PhÃ¹ há»£p táº¯m biá»ƒn vÃ  chÆ¡i trÃ² chÆ¡i dÆ°á»›i nÆ°á»›c
"Háº£i sáº£n lá»“ng bÃ¨, giÃ¡ ráº». Vá»«a táº¯m biá»ƒn vá»«a Äƒn háº£i sáº£n"
"Tour BÃªn CÃ´ng Ty Ráº¥t Uy TÃ­n vá» Thá»i Giann, xe ÄÆ°a Ä‘Ã³n ThÃ¬ Sáº¡ch Sáº½, Ä‘á»“ Äƒn Trong Tour ThÃ¬ ráº¥t Ok! CÃ²n vá» CÃ¡c Báº¡n ChÄƒm sÃ³c KhÃ¡ch HÃ ng ThÃ¬ ráº¥t Ã¢n Cáº§n vÃ  Chu ÄÃ¡o áº¡"
"ChÃºng tÃ´i ráº¥t hÃ i lÃ²ng khi sá»­ dá»¥ng tour KÃ¬ Co, tour HÃ²n KhÃ´ , phÃº yÃªn cá»§a cÃ¡c báº¡n . Hdv chuyÃªn nghiá»‡p, thÃ¢n thiá»‡n , hoÃ  Ä‘á»“ng , vui váº». Äáº·c biá»‡t lÃ  chá»¥p áº£nh ráº¥t Ä‘áº¹p. TÃ´i sáº½ quay láº¡i vá»›i cty náº¿u cÃ³ dá»‹p Ä‘áº¿n Quy NhÆ¡n láº§n ná»¯a. Quy NhÆ¡n tháº­t sá»± xinh Ä‘áº¹p . 5 sao cho cty."
"ÄÆ°á»£c tráº£i nghiá»‡m tour HÃ²n KhÃ´ cá»§a cÃ´ng ty lÃ  niá»m háº¡nh phÃºc cá»§a chÃºng tÃ´i, thá»±c sá»± thÃ­ch thÃº vá»›i cháº¥t lÆ°á»£ng dá»‹ch vá»¥."
"ChÃºng tÃ´i ráº¥t hÃ i lÃ²ng khi sá»­ dá»¥ng tour kÃ¬ co, tour hÃ²n khÃ´ , tour cÃ¹ lao xanh cá»§a cÃ¡c báº¡n ..ráº¥t chuyÃªn nghiá»‡p"
"HÆ°á»›ng dáº«n viÃªn nhiá»‡t tÃ¬nh, dá»… thÆ°Æ¡ng. Tour Ká»³ Co Ä‘Ã¡ng Ä‘á»“ng tiá»n bÃ¡t gáº¡o, cáº£nh siÃªu Ä‘áº¹p Ä‘i 1 láº§n lÃ  nhá»› mÃ£i luÃ´nğŸ˜‚ğŸ˜‚"
"CÃ´ng ty xáº¿p tour há»£p lÃ­, mc vÃ  hdv nhiá»‡t tÃ¬nh vui nhá»™n nÄƒng Ä‘á»™ng. Cáº£m Æ¡n teambuilding quy nhÆ¡nâ¤ï¸â¤ï¸"
"ChÃºng tÃ´i ráº¥t hÃ i lÃ²ng khi sá»­ dá»¥ng tour KÃ¬ Co,tour HÃ²n KhÃ´,tour CÃ¹ Lao Xanh cá»§a cÃ¡c báº¡n ráº¥t chuyÃªn nghiá»‡p"
"Cty cho khÃ¡ch hÃ ng nhá»¯ng cháº¥t lÆ°á»£ng tuyá»‡t vá»i, nhÃ¢n viÃªn chuyÃªn nghiá»‡p, nhiá»‡t tÃ¬nh, tÃ´i Ä‘áº·c biá»‡t thÃ­ch tour cÃ¹ lao xanh, tour ká»³ cÃ³, tour hÃ²n khÃ´, tour phÃº yÃªn"
"Ráº¥t hÃ i lÃ²ng vá» dá»‹ch vá»¥ cá»§a quÃ½ cÃ´ng ty, hdv nhiá»‡t tÃ¬nh, dá»… thÆ°Æ¡ng, chá»¥p áº£nh Ä‘áº¹p. ChÃºng tÃ´i sáº½ quay láº¡i á»§ng há»™"
"TÃ´i tháº­t sá»± tháº¥y thÃ­ch thÃº vÃ¬ nhá»¯ng tráº£i nghiá»‡m mÃ  cty mang láº¡i Ä‘áº·c biá»‡t lÃ  tour kÃ¬ co, tour cÃ¹ lao xanh, tour phÃº yÃªn, tour hÃ²n khÃ´"
"Cháº¥t lÆ°á»£ng phá»¥c vá»¥ tuyá»‡t vá»i, Ä‘á»™i ngÅ© lÃ m viá»‡c chuyÃªn nghiá»‡p, vui tÃ­nh, nhiá»‡t huyáº¿t, giÃ¡ tour háº¥p dáº«n, Ä‘a dáº¡ng sá»± lá»±a chá»n,..."
"Ráº¥t hÃ i lÃ²ng khi sá»­ dá»¥ng tour CÃ¹ Lao Xanh,tour HÃ²n KhÃ´, tour KÃ¬ co.Dá»‹ch vá»¥ cháº¥t lÆ°á»£ng,nhÃ¢n viÃªn nhiá»‡t tÃ¬nh."
"Tour ká»³ co dá»‹ch vá»¥ ráº¥t tá»‘t, Cháº¥t lÆ°á»£ng cá»±c thÃ­ch, nhÃ¢n viÃªn tÆ° váº¥n nhiá»‡t tÃ¬nh vÃ  hdv dá»… thÆ°Æ¡ng, sáº½ quay láº¡i nhiá»u láº§nğŸŒ¹ğŸŒ¹ğŸŒ¹"
CÃ´ng ty ráº¥t chuyÃªn nghiá»‡p trong lÃ£nh vá»±c du lá»‹ch. HÆ°á»›ng dáº«n viÃªn nÄƒng Ä‘á»™ng vÃ  tÃ­ch cá»±c trong má»i hoáº¡t Ä‘á»™ngâ¤ï¸â¤ï¸
TÃ´i ráº¥t hÃ i lÃ²ng vá» dá»‹ch vá»¥ cá»§a cÃ´ng ty â¤ï¸ Ráº¥t nhiá»‡t tÃ¬nh vÃ  luÃ´n cÃ³ tÃ¢m
ChÃºng tÃ´i ráº¥t hÃ i lÃ²ng vá»›i chuyáº¿n Ä‘i. Cháº¥t lÆ°á»£ng dá»‹ch vá»¥ chuyÃªn nghiá»‡p. NhÃ¢n viÃªn ráº¥t nhiá»‡t tÃ¬nh.
"Tráº£i nghiá»‡m tour bÃªn cÃ´ng ty ráº¥t ok, cÃ¡c báº¡n nhÃ¢n viÃªn thÃ¢n thiá»‡n nhiá»‡t tÃ¬nh, sáº½ quay láº¡i ná»¯a."
"ChÃºng tÃ´i ráº¥t hÃ i lÃ²ng khi sá»­ dá»¥ng tour KÃ¬ Co,tour HÃ²n KhÃ´,tour CÃ¹ Lao Xanh cá»§a cÃ¡c báº¡n ráº¥t chuyÃªn nghiá»‡p."
"CÃ´ng ty ráº¥t uy tÃ­n, chuyÃªn nghiá»‡p, tÃ´i ráº¥t thÃ­ch vÃ  sáº½ giá»›i thiá»‡u tá»›i mn"
"Dá»‹ch vá»¥ tá»‘t, Cháº¥t lÆ°á»£ng cá»±c tá»‘t, nhÃ¢n viÃªn nhiá»‡t tÃ¬nh, sáº½ quay láº¡i nhiá»u láº§n"
Cháº¥t lÆ°á»£ng dá»‹ch vá»¥ trÃªn cáº£ mong Ä‘á»£i. Sáº½ tiáº¿p tá»¥c sá»­ dá»¥ng dá»‹ch vá»¥ cá»§a cÃ´ng ty
"CÃ´ng ty du lá»‹ch uy tÃ­n , cháº¥t lÆ°á»£ng tá»‘t , giÃ¡ cáº£ pháº£i chÄƒng"
"Dá»‹ch vá»¥ chuyÃªn nghiá»‡p, phá»¥c vá»¥ nhiá»‡t tÃ¬nh, mÃ¬nh ráº¥t hÃ i lÃ²ng !!!"
"CÃ´ng ty lÃ m viá»‡c chuyÃªn nghiá»‡p, uy tÃ­n, vui váº» thÃ¢n thiá»‡n, Ä‘Ã¡ng Ä‘á»ƒ cÃ¡c báº¡n du khÃ¡ch tráº£i nghiá»‡m"
"cÃ´ng ty rÃ¢Ìt coÌ tÃ¢m, nhÃ¢n viÃªn nhiÃªÌ£t tiÌ€nh vaÌ€ nÄƒng Ä‘Ã´Ì£ng"
"Tour CÃ¹ Lao Xanh, KÃ¬ Co Eo GiÃ³ cháº¥t lÆ°á»£ng. Ráº¥t tuyá»‡t vá»i"
"Dá»‹ch vá»¥ tá»‘t, nhiá»‡t tÃ¬nh, giÃ¡ phÃ¹ há»£p Quy NhÆ¡n tháº­t Ä‘áº¹p!"
"Dá»‹ch vá»¥ cháº¥t lÆ°á»£ng, nhÃ¢n viÃªn nhiá»‡t tÃ¬nh hÃ i lÃ²ng"
Dá»‹ch vá»¥ á»Ÿ Ä‘Ã¢y ráº¥t tá»‘t. Má»i ngÆ°á»i nÃªn tráº£i nghiá»‡m
"Dá»‹ch vá»¥ ráº¥t tá»‘t, cháº¥t lÆ°á»£ng phá»¥c vá»¥ ráº¥t tuyá»‡t vá»i ."
ChÃºng tÃ´i hÃ i lÃ²ng vá»›i dá»‹ch vá»¥ tuor ká»³ co eo giÃ³ nÃ y.
TÃ´i ráº¥t hÃ i lÃ²ng vá»›i tour Ká»³ Co cá»§a cÃ´ng ty
Cáº£m Æ¡n cÃ´ng ty Ä‘Ã£ cho chÃºng tÃ´i nhá»¯ng tráº£i nghiá»‡m tháº­t tuyá»‡t vÃ  cÃ¡c trÃ² chÆ¡i má»›i láº¡.
"Dich vu chat lÆ°á»£ng, nhÃ¢n viÃªn nhiet tÃ¬nh. Very good"
CÃ´ng ty ráº¥t chuyÃªn nghiá»‡p trong lÃ£nh vá»±c du lá»‹ch. HÆ°á»›ng dáº«n viÃªn nÄƒng Ä‘á»™ng vÃ  tÃ­ch cá»±c trong má»i hoáº¡t Ä‘á»™ngâ¤ï¸â¤ï¸
tour há»£p lÃ­ giÃ¡ cáº£ pháº£i chÄƒng. Hdv nhiá»‡t tÃ¬nh
"CÃ´ng ty xáº¿p tour há»£p lÃ­, mc vÃ  hdv nhiá»‡t tÃ¬nh vui nhá»™n nÄƒng Ä‘á»™ng. Cáº£m Æ¡n teambuilding quy nhÆ¡nâ¤ï¸â¤ï¸"
"Dá»‹ch vá»¥ tour tá»‘t, Ä‘á»“ Äƒn ngon, hÆ°á»›ng dáº«n viÃªn dá»… thÆ°Æ¡ng, nhiá»‡t tÃ¬nh, thÃ¢n thiá»‡n. Sáº½ á»§ng há»™ láº§n sau..Tour PhÃº YÃªn- Quy NhÆ¡n 31/7-2/8- HDV VÃµ Anh Tuáº¥n"
"HÆ°á»›ng dáº«n viÃªn ráº¥t nhiá»‡t tÃ¬nh thÃ¢n thiá»‡n. ThÃ­ch nháº¥t hÆ°á»›ng dáº«n viÃªn â€œ ThÃ nh PhÃ¡tâ€ ráº¥t nhiá»‡t tÃ¬nh, chá»¥p nhiá»u áº£nh Ä‘áº¹p cho Ä‘oÃ n. VÃ  anh ThÃ nh PhÃ¡t lÃ m MC ráº¥t hay vÃ  tá»• chá»©c trÃ² chÆ¡i cÅ©ng ráº¥t vui nhá»™n. ÄÃªm gala Ä‘á»ƒ láº¡i cho Ä‘oÃ n chÃºng em nhiá»u áº¥n tÆ°á»£ng Ä‘áº¹p."
"Tráº£i nghiá»‡m dá»‹ch vá»¥ bÃªn Quy NhÆ¡n tourist tháº­t sá»± quÃ¡ tuyá»‡t vá»i. NhÃ³m mÃ¬nh book 2 tour ghÃ©p Ká»³ Co- Eo GiÃ³ vÃ  PhÃº YÃªn cá»±c hÃ i lÃ²ng..Tháº­t sá»± áº¥n tÆ°á»£ng vá»›i anh HDV Thiá»‡n dáº«n tour PhÃº YÃªn nhiá»‡t tÃ¬nh, chá»¥p áº£nh siÃªu Ä‘áº¹p, kiáº¿n thá»©c hÆ°á»›ng dáº«n tá»‘t, ngÆ°á»i hiá»n hiá»n, dá»… thÆ°Æ¡ng, duyÃªn láº¯mğŸ˜Š..A cÃ¡n bá»™ Ä‘Æ°á»ng lá»‘i Trung lÃ¡i xe cáº©n tháº­n, chu Ä‘Ã¡o..Cáº£nh Ä‘áº¹p mÃª vÃ  Ä‘á»“ Äƒn ngon..ChÃºc Quy NhÆ¡n tourist ngÃ y cÃ ng phÃ¡t triá»ƒn..Äáº·c biá»‡t, chÃºc cÃ¡ nhÃ¢n anh HDV Thiá»‡n sá»©c khoáº», cÃ´ng tÃ¡c tá»‘t vÃ  sá»›m chia tay vá»›i "" cÃ´ Ä‘Æ¡n"" hen^^...Quy NhÆ¡n 24/3-27/3/2022.Háº¹n gáº·p láº¡i :))"
"MÃ¬nh cÃ³ 2 ngÃ y tráº£i nghiá»‡m dá»‹ch vá»¥ bÃªn Quy NhÆ¡n Tourist, bÃªn sale cÃ³ em TrÃ£i ráº¥t nhiá»‡t tÃ¬nh, chu Ä‘Ã¡o, HDV vui váº», hoÃ  nhÃ£. Dá»‹ch vá»¥ bÃªn cÃ´ng ty ráº¥t tá»‘t, giá» giáº¥c Ä‘Æ°a Ä‘Ã³n ráº¥t chuáº©n, Äƒn uá»‘ng ráº¥t ngon. Cáº£m Æ¡n cÃ´ng ty, chÃºc cÃ´ng ty ngÃ y cÃ ng phÃ¡t triá»ƒn."
Cáº£m Æ¡n cÃ´ng ty vÃ  HDV ThÃ nh ÄÆ°á»£c Ä‘Ã£ cho gia Ä‘Ã¬nh chÃºng tÃ´i 1 chuyáº¿n du lá»‹ch vui váº». Táº¥t cáº£ cÃ¡c tráº£i nghiá»‡m phá»¥c vá»¥ Äƒn uá»‘ng ngá»§ nghá»‰ cty vÃ  HDV ThÃ nh ÄÆ°á»£c Ä‘á»u lÃ m ráº¥t tá»‘t !
HÆ°á»›ng dáº«n viÃªn nhiá»‡t tÃ¬nh. HDV â€œÃi HÃ â€ nhiá»‡t tÃ¬nh chá»¥p áº£nh Ä‘áº¹p cho khÃ¡ch. HDV â€œNgá»c Tuáº¥nâ€ trÃ´ng Ä‘á»“ cáº©n tháº­n cho khÃ¡ch ğŸ˜†  ChÆ°Æ¡ng trÃ¬nh tour há»£p lÃ½. Bá»¯a trÆ°a háº£i sáº£n cá»§a tour PhÃº YÃªn 1 ngÃ y ráº¥t ngon!
ThÆ°Æ¡ng hiá»‡u Quy NhÆ¡n Tourist lÃ m mÃ¬nh ráº¥t hÃ i lÃ²ng cho chuyáº¿n du lá»‹ch Quy NhÆ¡n PhÃº YÃªn. GhÃ©p trong ngÃ y bÃªn nÃ y cá»±c chuyÃªn nghiá»‡p. Triá»‡u like. Cáº£m Æ¡n ms Na Ta Ä‘Ã£ tÆ° váº¥n nhiá»‡t tÃ¬nh
"ChÃºng mÃ¬nh vá» tá»›i HÃ  Ná»™i rá»“i....HÃ nh trÃ¬nh 4N3Ä táº¡i Quy NhÆ¡n-PhÃº YÃªn vá»›i sá»± nhiá»‡t tÃ¬nh chu Ä‘Ã¡o cá»§a 2 báº¡n PhÃ¡t - Ninh vÃ¢u Ä‘Ã£ khÃ©p láº¡i, chuyáº¿n Ä‘i Ä‘Ã£ Ä‘em Ä‘áº¿n cho mÃ¬nh vÃ  cáº£ Ä‘oÃ n nhiá»u Ä‘iá»u má»›i máº», tráº» trung, nhá»¯ng phÃºt giÃ¢y táº­n hÆ°á»Ÿng tuyá»‡t vá»i. Táº¥t cáº£ nhá»¯ng hÃ¬nh áº£nh, thanh Ã¢m hay tÃ¬nh cáº£m cá»§a 2 báº¡n cÃ¹ng ngÆ°á»i dÃ¢n nÆ¡i Ä‘Ã¢y tháº­t sá»± Ä‘áº¹p Ä‘áº½ nhÆ° má»™t mÃ³n quÃ !..Cáº£m Æ¡n Quy NhÆ¡n Tourist, em Ly Ä‘Ã£ há»— trá»£ chÃºng mÃ¬nh ráº¥t nhiá»u â¤ï¸"
ChÃº hÆ°á»›ng dáº«n viÃªn Tuáº¥n nhá» ráº¥t nhiá»‡t tÃ¬nh vÃ  bÃ¡c tÃ i lÃ¡i xe khÃ¡ lÃ  Ãªm chÃ¡u ráº¥t hÃ i lÃ²ng vá» chuyáº¿n tham qian tá»‰nh PhÃº YÃªn
"TrÆ°á»›c tiÃªn RS-CMS xin cÃ¡m Æ¡n Cty du lá»‹ch Quy NhÆ¡n Tourist Ä‘Ã£ tá»• chá»©c 1 chuyáº¿n Ä‘i ráº¥t vui, áº¥n tÆ°á»£ng. Má»i ngÆ°á»i trong Ä‘oÃ n ráº¥t hÃ i lÃ²ng vá» cÃ¡ch phá»¥c vá»¥, quan tÃ¢m vÃ  thÃ¢n thiá»‡n cá»§a báº¡n hÆ°á»›ng dáº«n viÃªn. TrÃ² chÆ¡i teambuilding phong phÃº, káº¿t ná»‘i Ä‘Æ°á»£c má»i ngÆ°á»i vá»›i nhau, MC dá»… thÆ°Æ¡ng, hoáº¡t ngÃ´n. Tuy nhiÃªn, hÆ¡i buá»“n vÃ¬ pháº§n chá»¥p hÃ¬nh cho Ä‘Ãªm Gala dinner Ã­t quÃ¡, hy vá»ng Cty sáº½ Ä‘á»ƒ Ã½ hÆ¡n. NÃ³i chung RS-CMS sáº½ cÃ¢n nháº¯c chá»n Cty du lá»‹ch Quy NhÆ¡n Tourist cho chuyáº¿n nghá»‰ mÃ¡t nÄƒm sau."
"HÃ nh trÃ¬nh tuyá»‡t vá»i. HÆ°Æ¡ng dan vien ThÃ nh PhÃ¡t nhiet tÃ¬nh, trÃ¡ch nhiá»‡m, lÃ m viÃªc cÃ³ tÃ¢m..Tá»• chÆ°c gala vÆ¡i vai trÃ² MC ráº¥t tá»‘t. Káº¿t ná»‘i giao lÆ°u vui ve hÃ i hÆ°á»›c, cÃ³ kháº£ nÄƒmg phÃ¡t triá»ƒn tá»‘t."
"Má»™t chuyáº¿n Ä‘i tháº­t nhiá»u tráº£i nghiá»‡m tuyá»‡t vá»i cÃ¹ng Ä‘oÃ n trÆ°á»ng MNÄT vá»›i cÃ´ng ty du lá»‹ch Quy NhÆ¡n Tourist. Mc ThÃ nh PhÃ¡t nhiá»‡t tÃ¬nh, nÄƒng Ä‘á»™ng, linh hoáº¡t khi tá»• chá»©c sá»± kiá»‡n."
"Xá»© Náº©u - Xá»© MÃ¬nh. Khoáº£ng kháº¯c Vá» Nguá»“n tuyá»‡t vá»i Ä‘á»ƒ trÃ£i nghiá»‡m ÄÆ°á»£c - Máº¥t, Ä‘á»ƒ thÃªm thÆ°Æ¡ng yÃªu..CÃ¡m Æ¡n HDV Tuáº¥n Nhá» vÃ  BÃ¡c tÃ i Äá»‰nh."
"Äi 2 tour Ká»³ Co Eo GiÃ³ vÃ  PhÃº YÃªn bÃªn cty ráº¥t Æ°ng Ã½. Äáº·c biá»‡t anh hdv Tuáº¥n Nhá» ráº¥t chuyÃªn nghiá»‡p, nhiá»‡t tÃ¬nh vÃ  Ä‘Ã¡ng yÃªuğŸ‘"
CÃ¡m Æ¡n  Em HDV Tuáº¥n Nhá» vÃ  Anh TÃ i xáº¿ cá»§a Quy NhÆ¡n Tourist Ä‘Ã£ ráº¥t nhiá»‡t tÃ¬nh trong chuyáº¿n du lá»‹ch  Ká»³ Co -Eo giÃ³  vÃ  PhÃº YÃªn. Em Tuáº¥n Ä‘Ã£ giÃºp   Gia Ä‘Ã¬nh  MÃ¬nh cÃ³ nhá»¯ng táº¥m hÃ¬nh tháº­t Ä‘áº¹p khi Ä‘áº¿n vá»›i Quy  NhÆ¡n -PhÃº YÃªn.  Gia  ÄÃ¬nh mÃ¬nh ráº¥t hÃ i lÃ²ng vá» dá»‹ch vá»¥ cá»§a Quy NhÆ¡n Tourist.
"ÄoÃ n mÃ¬nh hÆ¡n 30nglon vÃ  tráº» em vá»«a tráº£i nghiá»‡m tour táº¡i cty quy nhÆ¡n tourist. CÃ¡c báº¡n há»— trá»£ sxep lá»‹ch trÃ¬nh vÃ  há»— trá»£ theo Ã½ cá»§a Ä‘oÃ n, HDV ""em PhÃ¡t"" cá»§a Ä‘oÃ n mÃ¬nh ráº¥t nhiá»‡t tÃ¬nh, thÃ¢n thiá»‡n, dá»… thÆ°Æ¡ng.... Cáº£m Æ¡n vÃ¬ Ä‘Ã£ cho Ä‘oÃ n mÃ¬nh 1 chuyáº¿n Ä‘i vui váº»."
"ChÃºng mÃ¬nh vá» tá»›i HÃ  Ná»™i rá»“i....HÃ nh trÃ¬nh 3N2Ä táº¡i Quy NhÆ¡n-PhÃº YÃªn vá»›i sá»± nhiá»‡t tÃ¬nh chu Ä‘Ã¡o cá»§a a ""Tuáº¥n Ä‘áº¹p zai"" Ä‘Ã£ khÃ©p láº¡i, chuyáº¿n Ä‘i Ä‘Ã£ Ä‘em Ä‘áº¿n cho mÃ¬nh vÃ  cáº£ Ä‘oÃ n nhiá»u Ä‘iá»u má»›i máº», tráº» trung, nhá»¯ng phÃºt giÃ¢y táº­n hÆ°á»Ÿng tuyá»‡t vá»i. Táº¥t cáº£ nhá»¯ng hÃ¬nh áº£nh, thanh Ã¢m hay tÃ¬nh cáº£m cá»§a a Tuáº¥n cÃ¹ng ngÆ°á»i dÃ¢n nÆ¡i Ä‘Ã¢y tháº­t sá»± Ä‘áº¹p Ä‘áº½ nhÆ° má»™t mÃ³n quÃ !..Cáº£m Æ¡n Quy NhÆ¡n Tourist, Ä‘Ã£ há»— trá»£ chÃºng mÃ¬nh ráº¥t nhiá»u â¤ï¸"
"Láº§n Ä‘áº§u trÃ£i nghiá»‡m bÃªn Quy NhÆ¡n Tourist â¤ï¸ Báº¡n HDV PhÃ¡t nÃ³i chuyá»‡n duyÃªn vÃ  táº­n tÃ¬nh vá»›i má»i ngÆ°á»i, thÃ¢n thiá»‡n, cáº£nh quy nhÆ¡n Ä‘áº¹p khá»i nÃ³i rá»“i. Gia Ä‘Ã¬nh mÃ¬nh ráº¥t hÃ i lÃ²ng vá»›i chuyáº¿n Ä‘i nÃ y â˜ºï¸ Cáº£m Æ¡n tour QuyNhonTourist nhiá»u nhÃ© ğŸ‘ğŸ‘ğŸ‘ğŸ‘ğŸ‘ Tour cháº¥t lÆ°á»£ng tá»‘t ğŸ˜‚"
Tour 3/4 vá»›i HDV Tuáº¥n tháº­t tuyá»‡t vá»i. Háº¹n cÃ³ dá»‹p Ä‘Æ°á»£c Ä‘á»“ng háº¡nh vá»›i Ä‘á»™i ngÅ© chuyÃªn nghiá»‡p nhÆ° tháº¿ nÃ y.
"Láº§n Ä‘áº§u mÃ¬nh Ä‘Æ°á»£c tráº£i nghiá»‡m du lá»‹ch Quy NhÆ¡n - PhÃº YÃªn, tháº­t tuyá»‡t vá»i! Cáº£m Æ¡n Quy NhÆ¡n tourist, Ä‘áº·c biá»‡t hai báº¡n HDV Ninh, PhÃ¡t tháº­t nhiá»‡t tÃ¬nh vÃ  vui tÃ­nh!"
Anh Tuáº¥n Ä‘áº¹p trai hÆ°á»›ng dáº«n ráº¥t nhiá»‡t tÃ¬nh dthhhh . mua chÃ¨ cho khÃ¡ch Äƒn ná»¯a . quan tÃ¢m khÃ¡ch hÃ ng . chÃº tÃ i xáº¿ dth nhÃ¢n Ä‘Ã´iiiiii ğŸ’œâ¤ï¸â€ğŸ”¥ chá»¥p hÃ¬nh cÅ©ng Ä‘áº¹p ná»¯a
"HÆ°á»›ng dáº«n viÃªn - MC ThÃ nh PhÃ¡t, Tuáº¥n Ä‘áº¹p trai dáº«n chÆ°Æ¡ng trÃ¬nh hay, hoáº¡t nÃ¡o, vui tÃ­nh vÃ  nhiá»‡t tÃ¬nh..Cáº£m Æ¡n cÃ´ng ty du lá»‹ch Quy NhÆ¡n!"
"HÆ°á»›ng dáº«n viÃªn vui váº», nhanh nháº¹n, hÃ i hÆ°á»›c vÃ  Ä‘áº·c biá»‡t lÃ  chá»¥p hÃ¬nh siÃªu Ä‘áº¹p. CÃ²n bÃ¡c tÃ i thÃ¬ cháº¡y xe thÃ¬ cÅ©ng vui váº». NÃ³i chung lÃ  dá»‹ch vá»¥ tá»‘t!!ğŸ’¯"
Cáº£m Æ¡n báº¡n HDV Thanh phÃ¡t vÃ  bÃ¡c tÃ i Ä‘Ã£ Ä‘á»“ng hÃ nh cÃ¹ng Ä‘oÃ n giÃºp cho Ä‘oÃ n cÃ³ kÃ¬ nghá»‰ Ã½ nghÄ©a HDV nhiá»‡t tÃ¬nh tÃ¢m huyáº¿t vá»›i nghá» ! Cáº£m Æ¡n b
"Cáº£m Æ¡n cty du lá»‹ch quy nhÆ¡n tourist, Ä‘áº·c biá»‡t em hdv Tuáº¥n nhá» vÃ  anh tÃ i xáº¿ Ä‘Ã£ giÃºp team cÃ³ 1 ngÃ y tráº£i nghiá»‡m tour ká»³ co- eo giÃ³ tháº­t thÃº vá»‹, trÃ n ngáº­p tiáº¿ng cÆ°á»i vÃ  lÆ°u láº¡i Ä‘Æ°á»£c ráº¥t ráº¥t ráº¥t nhiá»u áº£nh Ä‘áº¹p táº¡i quy nhÆ¡n xinh Ä‘áº¹p"
"Tráº£i nghiá»‡m tuyá»‡t vá»i cÃ¹ng HDV Tuáº¥n Nhá»,nhiá»‡t tÃ¬nh chu Ä‘Ã¡o.ÄoÃ n láº¡i cÃ³ thÃªm 1 trá»£ lÃ½ hÃ¬nh áº£nh tuyá»‡t vá»i vÃ  cÃ³ tÃ¢m.Sáº½ quay trá»Ÿ láº¡i Ä‘á»ƒ tiáº¿p tá»¥c Ä‘Æ°á»£c tráº£i nghiá»‡m cÃ¹ng quá»¹ cÃ´ng ty."
"Dá»‹ch vá»¥ tá»‘t hÆ°á»›ng dáº«n viÃªn: ThÃ nh PhÃ¡t nhiá»‡t tÃ¬nh vui váº», thÃ¢n thiá»‡n Mc hay tá»• chá»©c chÆ°Æ¡ng trÃ¬nh tá»‘t"
"Xuynh Ä‘áº¹p tuyá»‡t vá»i. Má»« Ä‘á»‰m cho anh Tuáº¥n â€œÄ‘áº¹p traiâ€, tÃ i xáº¿ Tráº§n Ngá»c Anh ğŸ¤ğŸ»ğŸ™‡â€â™€ï¸"
"Dá»‹ch vá»¥ cÃ´ng ty ráº¥t á»•n, HDV lÃ  a Huy, dáº«n Ä‘oÃ n ráº¥t hay váº£ chá»¥p áº£nh Ä‘áº¹p"
Tráº£i nghiá»‡m tuyá»‡t vá»i cho chÆ°Æ¡ng trÃ¬nh tour Quy NhÆ¡n. Ráº¥t cáº£m Æ¡n cÃ´ng ty du lá»‹ch Quy nhÆ¡n Tourist vÃ  hÆ°á»›ng dáº«n viÃªn ThÃ nh PhÃ¡t
