"16/03/2022.Tháº­t tuyá»‡t, bÃ£i biá»ƒn Ä‘áº¹p, sáº¡ch sáº½, bÃ£i cÃ¡t vÃ ng tráº£i dÃ i."
"BÃ£i biá»ƒn Ä‘áº¹p, vá»‡ sinh bÃ£i biá»ƒn chÆ°a Ä‘Æ°á»£c chÃº trá»ng láº¯m."
BÃ¬nh Minh táº¡i Biá»ƒn Quy NhÆ¡n. KhÃ´ng gian trong lÃ nh vÃ  cáº£nh biá»ƒn ráº¥t Ä‘áº¹p
"BÃ£i biá»ƒn dÃ i, rá»™ng, cÃ¡t má»‹n sáº¡ch, nÆ°á»›c khÃ¡ trong xanh. Há»‡ thá»‘ng Ä‘Ã¨n Ä‘iá»‡n ráº¥t sÃ¡ng buá»•i tá»‘i cÃ³ thá»ƒ ra biá»ƒn chÆ¡i hoáº·c Ä‘i bá»™ dá»c bá» biá»ƒn ráº¥t mÃ¡t máº»"
KhÃ¡ hiáº¿m xá»t rÃ¡c nhÆ°ng bÃ£i biá»ƒn láº¡i Ä‘áº¹p vÃ  sáº¡ch sáº½ Ä‘áº¿n tháº¿. ÄÆ°á»ng Ä‘i bá»™ dá»c bÃ£i biá»ƒn cÅ©ng Ä‘ang Ä‘Æ°á»£c lÃ m ráº¥t khang trang.
"MÃ¹a nÃ y biá»ƒn Ä‘áº¹p, sÃ³ng vá»«a pháº£i nÃªn dá»… táº¯m. Tuy nhiÃªn pháº§n bÃ£i phÃ­a báº¯c hÆ¡i bá»‹ nhiá»u bÃ¹n."
"Äá»‹a Ä‘iá»ƒm tuyá»‡t vá»i. BÃ£i biá»ƒn cÃ¡t má»‹n, sáº¡ch sáº½. Buá»•i tá»‘i cÃ³ Ä‘Ã¨n cao Ã¡p chiáº¿u sÃ¡ng cáº£ bÃ£i biá»ƒn dÃ i. Khu vá»±c Ä‘Ã´ng Ä‘Ãºc. Äá»— xe dá»c Ä‘Æ°á»ng XuÃ¢n Diá»‡u ok. NÃªn Ä‘i nhÃ© mn.MÃ¬nh thÃ­ch bÃ£i biá»ƒn nÃ y hÆ¡n Nha Trang vÃ¬ nÃ³ ráº¥t rá»™ng, Ä‘Æ°á»ng xÃ¡ rá»™ng rÃ£i cháº¡y xe ráº¥t thÃ­ch."
"BÃ£i biá»ƒn tráº£i dÃ i táº§m 5km. Bá» biá»ƒn nÃ´ng thoai thoáº£i, sÃ³ng to. Tuy nhiÃªn khÃ´ng cÃ³ ngÆ°á»i dá»n dáº¹p thÆ°á»ng xuyÃªn nÃªn khÃ¡ nhiá»u rÃ¡c: rÃ¡c trÃªn bá», rÃ¡c dÆ°á»›i biá»ƒn, xung quanh toÃ n lÃ  rÃ¡c. Äáº·c biá»‡t sÃ¡ng thÃ¬ cÃ ng khÃ´ng thá»ƒ táº¯m ná»•i, chiá»u sáº½ dá»… táº¯m hÆ¡n..VÃ¬ lÃ  biá»ƒn cÃ´ng cá»™ng nÃªn khÃ´ng máº¥t phÃ­. HÆ¡i Ã­t Ä‘iá»ƒm rá»­a chÃ¢n hoáº·c trÃ¡ng ngÆ°á»i..KhÃ´ng cÃ³ bÃ¡n hÃ ng rong, dá»‹ch vá»¥ bÃªn bá» biá»ƒn. Tuy nhiÃªn Ä‘Ã¢y cÅ©ng lÃ  1 tráº£i nghiá»‡m khÃ´ng tá»‘t, vÃ¬ báº¡n sáº½ ko thá»ƒ chill náº±m dÃ i bÃªn bá» biá»ƒn trÃªn cÃ¡i gháº¿ vÃµng. Hay nhÃ¢m nhi con má»±c, uá»‘ng lon bia sau khi táº¯m....NÃªn quy hoáº¡ch cho phÃ©p dá»‹ch vá»¥, quáº£n lÃ½ tá»‘t trÃ¡nh cháº·t chÃ©m. VÃ  dÃ¹ng chi phÃ­ nÃ y Ä‘á»ƒ dá»n dáº¹p cáº£i táº¡o bÃ£i biá»ƒn."
Biá»ƒn Ä‘áº¹p nhÆ°ng Ä‘i vÃ o ngÃ y biá»ƒn Ä‘á»™ng nÃªn ko táº¯m Ä‘Æ°á»£c
"Má»™t tráº£i nghiá»‡m tuyá»‡t vá»i nÆ¡i Ä‘Ã¢y. Bá» biá»ƒn dÃ i Ä‘áº§y cÃ¡t phÃ¹ há»£p Ä‘á»ƒ bÆ¡i lá»™i vÃ  chÆ¡i thá»ƒ thao dÆ°á»›i nÆ°á»›c, náº±m giá»¯a nhá»¯ng ngá»n Ä‘á»“i xanh vÃ  quÃ¡n bar bÃ¬nh dÃ¢n ven biá»ƒn"
"BÃ£i biá»ƒn Ä‘áº¹p cÃ³ bÃ£i cÃ¡t vÃ ng tráº£i dÃ i. CÃ³ Ä‘iá»u mÃ¬nh Ä‘áº¿n gáº§n ráº±m nÃªn thá»§y chiá»u xuá»‘ng sÃ¢u Ä‘á»ƒ lá»™ ra ráº¥t nhiá»u rÃ¡c, nhÆ°ng khÃ´ng Ä‘Æ°á»£c thu gom. ChÆ°a chÃº trá»ng báº£o vá»‡ bÃ£i biá»ƒn."
"Biá»ƒn Ä‘áº¹p cáº£nh Ä‘áº¹p Ä‘áº¿n mÃª há»“n, biá»ƒn sáº¡ch sáº½, nÆ°á»›c xanh biáº¿c. Du khÃ¡ch Ä‘Ã´ng, ngÆ°á»i dÃ¢n báº¢n Ä‘á»‹a thÃ¬ thÃ¢n thiá»‡n...."
BÃ£i biá»ƒn Ä‘áº¹p.Sáº¡ch sáº½ khÃ´ng má»™t cá»ng rÃ¡c.ÄÆ°á»ng bá» biá»ƒn dÃ i nÆ°á»›c biá»ƒn xanh ngáº¯t.Ráº¥t thanh bÃ¬nh vÃ  mÃ¡t máº».ThÃ­ch há»£p Ä‘i dáº¡o thÆ° giÃ£n sau nhá»¯ng ngÃ y lÃ m viá»‡c cÄƒng tháº³ng.Beautiful beach.Clean without a single piece of trash.Long coastline with blue sea water.Very peaceful and cool.Suitable for a relaxing walk after stressful working days.Thank for watching
"Xanh, sáº¡ch, Ä‘áº¹p, khÃ´ng rÃ¡c tháº£i. Con ngÆ°á»i thÃ¢n thiá»‡n. áº¨m thá»±c Ä‘a dáº¡ng"
"Biá»ƒn Ä‘áº¹p nhÆ°ng nhiá»u rÃ¡c kinh khá»§ng máº·c dÃ¹ thÃ¹ng rÃ¡c Ä‘á»ƒ kháº¯p nÆ¡i. Má»i ngÆ°á»i ngá»“i á»Ÿ bá» uá»‘ng xong cá»‘c nhá»±a á»‘ng hÃºt cá»© tháº¿ Ä‘á»ƒ láº¡i. Táº¯m trÃ¡ng xong gÃ³i dáº§u gá»™i cÅ©ng vá»©t luÃ´n táº¡i chá»— váº­y. MÃ¬nh Ä‘i dáº¡o nháº·t Ä‘c 2 táº£i rÃ¡c luÃ´n. Tháº­m chÃ­ gáº§n biá»ƒn cÃ²n moi Ä‘Æ°á»£c ráº¥t nhiá»u tÃºi nilon rÃ¡c mÃ  bá»›i mÃ£i má»›i lÃªn cá»© nhÆ° lÃ  bá»‹ chÃ´n xuá»‘ng luÃ´n. Vá» sá»¯a, bim bim káº¹o mÃºt ... Thá»±c sá»± chá»‰ cáº§n má»i ngÆ°á»i gom láº¡i vá»©t rÃ¡c ngÃ y trÃªn cÃ´ng viÃªn thÃ´i mÃ  Ä‘Ã¢u cÃ³ xa Ä‘Ã¢u."
"Biá»ƒn Quy NhÆ¡n lÃ  má»™t Ä‘iá»ƒm tÆ°Æ¡i Ä‘áº¹p, háº¥p dáº«n cÃ³ thá»ƒ sÃ¡nh ngang vá»›i biá»ƒn ÄÃ  Náºµng, Nha Trang vÃ  VÅ©ng TÃ u. LÃ  má»™t Ä‘á»‹a Ä‘iá»ƒm Ä‘Ã¡ng nÃªn Ä‘áº¿n cho khÃ¡ch du lá»‹ch trong vÃ  ngoÃ i nÆ°á»›c. Táº¡i vÃ¹ng biá»ƒn Quy NhÆ¡n cÃ³ nhiá»u khung cáº£nh tá»± nhiÃªn Ä‘áº¹p Ä‘áº¿n â€œxiÃªu lÃ²ngâ€. Biá»ƒn Quy NhÆ¡n BÃ¬nh Äá»‹nh Ä‘áº¹p quanh nÄƒm, quanh mÃ¹a vÃ  báº¥t ká»³ thá»i gian nÃ o..Báº¡n cáº£m nháº­n Ä‘Æ°á»£c khÃ´ng khÃ­ mÃ¡t máº»,  bÃ¬nh yÃªn. Má»™t nÆ¡i bÃªn cáº¡nh th phá»‘ nhá»™n nhá»‹p. Äiá»ƒm Ä‘áº·c biá»‡t lÃ  nÆ°á»›c biá»ƒn luÃ´n má»™t mÃ u trong váº¯t, trong Ä‘áº¿n ná»—i báº¡n cÃ³ thá»ƒ ngáº¯m nhÃ¬n ráº¡n san hÃ´ dÆ°á»›i máº·t nÆ°á»›c."
"BÃ£i biá»ƒn sáº¡ch, xá»©ng Ä‘Ã¡ng lÃ  thÃ nh phá»‘ biá»ƒn Ä‘Ã¡ng Ä‘á»ƒ Ä‘áº¿n táº­n hÆ°á»Ÿng 1 láº§n. Chá»‰ cÃ³ cÃ¡i náº¯ng thÃ¬ cáº§n pháº£i trá»‘n xÃ­u thÃ´i"
Biá»ƒn ráº¥t trong nhÆ°ng tháº­t sá»± tháº¥t vá»ng. ToÃ n rÃ¡c!
"BÃ£i biá»ƒn khÃ¡ lÃ  dÃ i, cÃ¡t tráº¯ng má»‹n. Buá»•i tá»‘i Ä‘i dáº¡o ráº¥t tuyá»‡t vá»i. CÃ³ nhiá»u quÃ¡n nÆ°á»›c á»Ÿ ven biá»ƒn. NÆ°á»›c Ä‘á»¥c, khÃ´ng Ä‘Æ°á»£c trong. Táº¯m biá»ƒn xong quáº§n Ã¡o dÃ­nh khÃ¡ lÃ  nhiá»u bÃ¹n."
"BÃ£i biá»…n Ä‘áº¹p ,cÃ³ pháº§n giá»‘ng vá»›i bÃ£i biá»ƒn Ä‘Ã  náºµng"
"BÃ£i biá»ƒn khÃ´ng Ä‘áº¹p, cÃ¡t Ä‘en, nÆ°á»›c khÃ´ng sáº¡ch."
"BÃ£i biá»ƒn Ä‘áº¹p nháº¥t Viá»‡t Nam: cÃ¡t tráº¯ng, biá»ƒn xanh, bÃ£i sáº¡ch, sÃ³ng vá»«a pháº£i, cÃ´ng viÃªn sÃ¡t bÃ£i biá»ƒn sáº¡ch Ä‘áº¹p, Ä‘Ã¨n sÃ¡ng cáº£ Ä‘Ãªm"
"Biá»ƒn sáº¡ch sáº½, cÃ³ Ä‘á»™i cá»©u há»™ tÃºc trá»±c. Quang cáº£nh tÆ°Æ¡ng Ä‘á»‘i Ä‘áº¹p, ngáº¯m biá»ƒn, hÃ³ng giÃ³ ráº¥t mÃ¡t."
"Biá»ƒn Ä‘áº¹p, nhiá»u ngÆ°á»i táº¯m,gáº§n cÃ´ng viÃªn,chá»— Ä‘áº­u xe thoáº£i mÃ¡i.Tuy nhiÃªn vÃ²i táº¯m nÆ°á»›c ngá»t cÃ²n nhá» quÃ¡ ko táº¯m nhiá»u ng cÃ¹ng lÃºc Ä‘c."
BÃ£i biá»ƒn khÃ¡ Ä‘áº¹p. CÃ¡t vÃ ng vÃ  bÃ£i biá»ƒn dÃ i. Äáº·c biá»‡t Ä‘áº¹p vá» Ä‘Ãªm Ä‘á»ƒ Ä‘i dáº¡o. Tuy nhiÃªn cÃ¡c dá»‹ch vá»¥ cho thuÃª Ä‘á»“ táº¯m cÃ²n chÆ°a phÃ¡t triá»ƒn. ChÆ°a cÃ³ chá»— táº¯m trÃ¡ng vÃ  nhÃ  vá»‡ sinh cÃ´ng cá»™ng. BÃ£i biá»ƒn cÃ²n nhiá»u rÃ¡c.
"Biá»ƒn quÃª ta Ä‘áº¹p láº¯m, Ä‘i Ä‘Ã¢u cÅ©ng Ä‘áº¹p, lÃºc bÃ¬nh yÃªn, lÃºc dá»¯ dá»™i. Nhiá»u khi buá»“n hoáº·c cÃ³ ná»—i niá»m gÃ¬ chá»‰ ngá»“i gháº¿ Ä‘Ã¡ nhÃ¬n biá»ƒn, nÃºi cÅ©ng tháº¥y tÃ¢m tÆ° nháº¹ nhÃ ng, thoáº£i mÃ¡i hÆ¡n. MÃ¬nh ráº¥t thÃ­ch Ä‘áº¿n bÃ£i XÃ©p vÃ o mÃ¹a hÃ¨, bÆ¡i, láº·n nhÃ¬n cÃ¡, tÃ´m, Ä‘Ã¡ Ä‘áº¹p...dÆ°á»›i biá»ƒn nÆ°á»›c xanh trong veo, vá»«a mÃ¡t, vá»«a áº¥m..."
"Ráº¥t Ä‘ep, vá»‡ sinh hÆ¡i kÃ©m, bÃ£i Ä‘áº­u xe khÃ´ng thu phÃ­"
BÃ£i biá»ƒn Quy NhÆ¡n lÃ  má»™t trong nhá»¯ng bÃ£i biá»ƒn Ä‘áº¹p nháº¥t Viá»‡t Nam vÃ  tháº¿ giá»›i..Thu hÃºt nhiá»u khÃ¡ch du lá»‹ch trong vÃ  ngoÃ i nÆ°á»›c.
"LÃ  má»™t bÃ£i biá»ƒn Ä‘áº¹p, cÃ´ng viÃªn rá»™ng cho ngÆ°á»i Ä‘i bá»™, Ä‘áº·c biá»‡t cÃ³ Ä‘Æ°á»ng dÃ nh riÃªng cho ngÆ°á»i Ä‘i bá»™ ngáº¯m bÃ£i biá»ƒn, thiáº¿t káº¿ ráº¥t hay cá»§a Viá»‡t Nam mÃ  cÃ¡c tp ven biá»ƒn cáº§n há»c táº­p.Tuy nhiÃªn Ä‘Æ°á»ng Ä‘i bá»™ sÃ¡t Ä‘Æ°á»ng cáº§n treo cá» vÃ  Ä‘á»ƒ cháº­u cÃ¢y cáº£nh sÃ¡t vÃ o cÃ´ng viÃªn Ä‘á»ƒ ko cáº£n lá»‘i ngÆ°á»i Ä‘i bá»™, Ä‘i xuá»‘ng Ä‘Æ°á»ng ráº¥t nguy hiá»ƒm"
"LÃ  má»™t ngÆ°á»i dÃ¢n Ä‘áº¥t Báº¯c Ä‘áº¿n vá»›i Quy NhÆ¡n Ä‘Ã³ lÃ  má»™t cháº·ng Ä‘Æ°á»ng khÃ¡ xa. Tuy nhiÃªn, sá»± phÃ¡t triá»ƒn cá»§a cÃ¡c loáº¡i hÃ¬nh dá»‹ch vá»¥ váº­n táº£i, hÃ ng khÃ´ng Ä‘Ã£ rÃºt ngáº¯n khoáº£ng thá»i gian di chuyá»ƒn cá»§a chÃºng tÃ´i..Bao nÄƒm gáº¯n liá»n vá»›i cÃ¡c hÃ¬nh áº£nh bÃ£i biá»ƒn Sáº§m SÆ¡n, Háº£i Tiáº¿n, vÃ  chÃºng tÃ´i thá»±c sá»± ngá»¡ ngÃ ng khi láº§n Ä‘áº§u Ä‘Æ°á»£c chiÃªm ngÆ°á»¡ng hÃ¬nh áº£nh cá»§a Quy NhÆ¡n..Bá» biá»ƒn rá»™ng vá»›i nÆ°á»›c biá»ƒn trong xanh â€“ Ä‘Ã³ lÃ  Ä‘iá»u mÃ  háº§u nhÆ° chÃºng tÃ´i Ã­t tháº¥y á»Ÿ cÃ¡c bÃ£i biá»ƒn phÃ­a Báº¯c. NÆ¡i Ä‘Ã¢y máº·c dÃ¹ cÅ©ng khÃ´ng quÃ¡ nhiá»u Ä‘iá»ƒm du lá»‹ch, nhÆ°ng náº¿u di chuyá»ƒn tá»« HÃ  Ná»™i thÃ¬ pháº£i Ä‘i dÃ i ngÃ y má»›i cÃ³ thá»i gian nghá»‰ ngÆ¡i, táº­n hÆ°á»Ÿng..á» Ä‘Ã¢y khÃ´ng Ä‘Ã´ng Ä‘Ãºc nhÆ° á»Ÿ bÃ£i biá»ƒn Sáº§m SÆ¡n, má»™t pháº§n cÃ³ thá»ƒ do khoáº£ng cÃ¡ch Ä‘á»‹a lÃ½, hai ná»¯a lÃ  chi phÃ­ Ä‘á»ƒ sá»­ dá»¥ng dá»‹ch vá»¥ vÃ  du lá»‹ch á»Ÿ Ä‘Ã¢y khÃ¡ lÃ¡ cao, nÃªn khÃ´ng pháº£i ai cÅ©ng cÃ³ Ä‘á»§ tÃ i chÃ­nh Ä‘á»ƒ tráº£i nghiá»‡m.ChÃºc quÃ½ khÃ¡ch cÃ³ chuyáº¿n Ä‘i vui váº» á»Ÿ miá»n Ä‘áº¥t Ä‘áº§y náº¯ng giÃ³ vÃ  cÅ©ng ráº¥t Ä‘á»—i thÆ¡ má»™ng Quy NhÆ¡n"
"ThiÃªn nhiÃªn dÆ°á»ng nhÆ° ráº¥t Æ°u Ã¡i cho Quy NhÆ¡n khi ban táº·ng nhiá»u bÃ£i biá»ƒn Ä‘áº¹p vÃ  thÆ¡ má»™ng Ä‘áº¿n tháº¿. Sá»± giao hÃ²a cá»§a trá»i vÃ  Ä‘áº¥t, cá»§a nÃºi vÃ  biá»ƒn mang Ä‘áº¿n cho cáº£nh quan Quy NhÆ¡n váº» Ä‘áº¹p lÃ£ng máº¡n nhÆ° má»™t bá»©c tranh thá»§y máº·c vá»›i nhiá»u Ä‘iá»ƒm Ä‘áº¿n quyáº¿n rÅ© cÃ¡c báº¡n . CÃ³ bá» biá»ƒn dÃ i gáº§n 110 km, biá»ƒn Quy NhÆ¡n cÃ³ nhiá»u lá»£i tháº¿ phÃ¡t triá»ƒn tour du lá»‹ch biá»ƒn vá»›i cÃ¡c vá»‹nh vÃ  cÃ¡c Ä‘áº£o tuyá»‡t Ä‘áº¹p."
Quy nhÆ¡n cÅ©ng lÃ  má»™t nÆ¡i Ä‘á»ƒ cho má»i ngÆ°á»i Ä‘áº¿n tham quan vÃ  nghá»‰ dÆ°á»¡ng vÃ¬ lÃ  má»™t nÆ¡i yÃªn tÄ©nh vÃ  cÃ³ má»™t vÃ¹ng biá»ƒn tháº­t tuyá»‡t vá»i
"NÆ°á»›c biá»ƒn khÃ´ng Ä‘Æ°á»£c sáº¡ch láº¯m, táº¯m xong vá» ngá»©a máº¯t gáº§n cháº¿t, BÃ£i biá»ƒn sáº¡ch vÃ  Ã­t rÃ¡c, cÃ³ bo lÆ°á»›i an toÃ n nÃªn ko sá»£ bá»‹ dáº¡t ra biá»ƒn :V"
"BÃ£i biá»ƒn Quy NhÆ¡n Ä‘áº¹p, yÃªn bÃ¬nh sÃ³ng biá»ƒn khÃ¡ máº¡nh nhÆ°ng giÃ³ biá»ƒn thá»•i nháº¹ nhÃ ng qua mÃ¡i tÃ³c báº¡n sáº½ lÃ  má»™t tráº£i nhiá»‡m tuyá»‡t vá»i náº¿u mÃ¹a hÃ¨ nÃ y báº¡n Ä‘áº¿n vá»›i nÆ¡i Ä‘Ã¢y. Con ngÆ°á»i nÆ¡i Ä‘Ã¢y chÃ¢n cháº¥t, tháº­t thÃ  sáº½ táº¡o cho báº¡n áº¥n tÆ°á»£ng sÃ¢u sáº¯c khÃ¡c biá»‡t vá»›i cÃ¡c biá»ƒn khÃ¡c."
"TaÌ£i khu vÆ°Ì£c baÌƒi biÃªÌ‰n quy nhÆ¡n vaÌ€o buÃ´Ì‰i chiÃªÌ€u rÃ¢Ìt Ä‘Ã´ng ngÆ°Æ¡Ì€i dÃ¢n Ä‘iÌ£a phÆ°Æ¡ng Ä‘ÃªÌn vui chÆ¡i giaÌ‰i triÌ, tÄƒÌm biÃªÌ‰n. NÆ°Æ¡Ìc biÃªÌ‰n rÃ¢Ìt saÌ£ch khÃ´ng dá»‘c lÄƒÌm. BuÃ´Ì‰i tÃ´Ìi coÌ thÃªÌ‰ ngÃ´Ì€i uÃ´Ìng nÆ°Æ¡Ìc dÆ°Ì€a va Äƒn nheÌ£ hÃ³ng gioÌ biÃªÌ‰n"
"Äáº¹p quÃ¡ trá»i. Biá»ƒn sáº¡ch, nÆ°á»›c trong vÃ  cÃ³ khu Ghá»nh RÃ¡ng TiÃªn Sa ngay gáº§n. Buá»•i tá»‘i thÃ¬ mÃ¡t rÆ°á»£i"
"BÃ£i biá»ƒn Ä‘Ã´ng mÃ  váº«n ráº¥t sáº¡ch, má»i ngÆ°á»i ráº¥t biáº¿t giá»¯ vá»‡ sinh chung, nhiá»u hoáº¡t Ä‘á»™ng diá»…n ra trÃªn bÃ£i biá»ƒn, nhiá»u hÃ ng Äƒn uá»‘ng trÃªn bá»"
"ÄÃ³n bÃ¬nh minh trÃªn biá»ƒn Quy NhÆ¡n tháº­t tuyá»‡t vá»i, khÃ´ng khÃ­ trong lÃ nh, mÃ¡t máº», máº·t trá»i nhÃ´ lÃªn trÃªn bÃ£i biá»ƒn giá»¯a trung tÃ¢m thÃ nh phá»‘ tá»« nhá»¯ng con lá»™ cháº¡y sÃ¡t biá»ƒn nhÆ° Ä‘Æ°á»ng XuÃ¢n Diá»‡u. TrÃªn bÃ£i cÃ¡t biá»ƒn Quy NhÆ¡n, Ã¡nh bÃ¬nh minh chiáº¿u lÃ m cho bá» biá»ƒn cÃ ng Ä‘áº¹p hÆ¡n."
"YÃªn bÃ¬nh vÃ o buá»•i sÃ¡ng sá»›m, biá»ƒn Ä‘áº¹p, nhÆ°ng nÆ°á»›c khÃ´ng trong láº¯m, vá» hÆ°á»›ng tÃ¢y nÆ°á»›c sáº½ trÃ´ng hÆ¡n hÆ°á»›ng Ä‘Ã´ng, do hÆ°á»›ng Ä‘Ã´ng gáº§n cáº£ng hÆ¡n. West side of beach is cleaner than east side which is more near the Sea port. But in morning everything look peaceful. Nice place!"
"Quy NhÆ¡n lÃ  má»™t thÃ nh phá»‘ lá»›n ven biá»ƒn miá»n Trung Viá»‡t Nam vÃ  lÃ  trung tÃ¢m kinh táº¿, chÃ­nh trá»‹, vÄƒn hÃ³a, khoa há»c ká»¹ thuáº­t vÃ  du lá»‹ch cá»§a tá»‰nh BÃ¬nh Äá»‹nh, Viá»‡t Nam...TrÆ°á»›c khi thuá»™c vá» Viá»‡t Nam, Quy NhÆ¡n tá»«ng lÃ  Ä‘áº¥t cá»§a ngÆ°á»i Champa nÃªn xung quanh thÃ nh phá»‘ hiá»‡n váº«n tá»“n táº¡i nhiá»u di tÃ­ch ChÄƒm. Sau nÄƒm 1975, Quy NhÆ¡n thÃ nh thá»‹ xÃ£ tá»‰nh lá»µ trá»±c thuá»™c tá»‰nh NghÄ©a BÃ¬nh rá»“i chÃ­nh thá»©c trá»Ÿ thÃ nh thÃ nh phá»‘ vÃ o nÄƒm 1986. Äáº¿n nÄƒm 1989 thÃ¬ trá»Ÿ thÃ nh tá»‰nh lá»‹ cá»§a BÃ¬nh Äá»‹nh cho Ä‘áº¿n nay. Vá»›i sá»± phÃ¡t triá»ƒn khÃ´ng ngá»«ng cá»§a mÃ¬nh, Quy NhÆ¡n Ä‘Ã£ Ä‘Æ°á»£c thá»§ tÆ°á»›ng chÃ­nh phá»§ cÃ´ng nháº­n lÃ  Ä‘Ã´ thá»‹ loáº¡i I trá»±c thuá»™c tá»‰nh vÃ o nÄƒm 2010, Ä‘Æ°á»£c bÃ¬nh chá»n lÃ  Ä‘iá»ƒm Ä‘áº¿n hÃ ng Ä‘áº§u ÄÃ´ng Nam Ã bá»Ÿi táº¡p chÃ­ du lá»‹ch Rough Guides cá»§a Anh vÃ o nÄƒm 2015 vÃ  lá»t vÃ o top 20 Ä‘iá»ƒm Ä‘áº¿n hÃ ng Ä‘áº§u tháº¿ giá»›i nÄƒm 2020 do Hostelworld xáº¿p háº¡ng"
"BÃ£i biá»ƒn Quy NhÆ¡n náº±m ngay á»Ÿ trung tÃ¢m thÃ nh phá»‘, sá»Ÿ há»¯u Ä‘Æ°á»ng cong giá»‘ng nhÆ° váº§ng trÄƒng khuyáº¿t vá»›i biá»ƒn xanh, cÃ¡t vÃ ng kÃ©o dÃ i 5 km tá»« mÅ©i Táº¥n Ä‘áº¿n Ghá»nh RÃ¡ng. NgoÃ i vui chÆ¡i, táº¯m biá»ƒn, du khÃ¡ch cÅ©ng cÃ³ thá»ƒ thÆ°á»Ÿng thá»©c nhá»¯ng mÃ³n háº£i sáº£n tÆ°Æ¡i ngon Ä‘áº·c trÆ°ng cá»§a Quy NhÆ¡n táº¡i phá»‘ áº©m thá»±c XuÃ¢n Diá»‡u á»Ÿ gáº§n Ä‘Ã³."
"Quy NhÆ¡n lÃ  má»™t trong nhá»¯ng bÃ£i biá»ƒn Ä‘áº¹p nháº¥t táº¡i Viá»‡t Nam vá»›i bá» biá»ƒn dÃ i, cong nhÆ° Ã¡nh trÄƒng tuyá»‡t Ä‘áº¹p. BÃ£i biá»ƒn Quy NhÆ¡n trá»Ÿ thÃ nh má»™t trong nhá»¯ng nÆ¡i gáº¯n bÃ³ cá»§a ngÆ°á»i dÃ¢n Quy NhÆ¡n, nÆ¡i tá»¥ táº­p bÃ³ng Ä‘Ã¡, nÆ¡i táº¯m biá»ƒn cá»§a nhiá»u tráº» em, nÆ¡i tá»• chá»©c team building hoÃ nh trÃ¡ng cá»§a cÃ¡c cÃ´ng ty du lá»‹ch. ÄÃ¡nh giÃ¡ 5 sao cho BÃ£i biá»ƒn Ä‘áº¹p quÃª hÆ°Æ¡ng mÃ¬nh :)"
"BÃ£i biá»ƒn Ä‘áº¹p cá»§a Miá»n Trung Viá»‡t Nam. TÃ´i tá»«ng tráº£i qua hai trÆ°á»ng há»c á»Ÿ Ä‘Ã¢y vÃ  dÃ nh  quáº£ng thá»i gian 7 nÄƒm gáº¯n bÃ³ vá»›i ThÃ nh phá»‘ nÃ y, bÃ£i biá»ƒn nÃ y! Náº¿u báº¡n muá»‘n táº¯m hÃ£y Ä‘i vÃ o buá»•i sÃ¡ng, khÃ´ng quÃ¡ Ä‘Ã´ng ngÆ°á»i nhÆ°ng nÆ°á»›c biá»ƒn xanh trong hÆ¡n so vá»›i buá»•i chiá»u! Nhiá»u dá»‹ch vá»¥ du lá»‹ch Ä‘Æ°á»£c Ä‘áº§u tÆ° vÃ  phÃ¡t triá»ƒn Ä‘Ã¡ng tráº£i nghiá»‡m má»™t láº§n! Má»©c sá»‘ng trung bÃ¬nh vÃ  cÃ¡c mÃ³n Äƒn áº©m thá»±c vá» biá»ƒn Ä‘a dáº¡ng!"
"Biá»ƒn cá»±c kÃ¬ sáº¡ch sáº½, mÃ¬nh mÃª láº¯m, sÃ¡ng cá»‘ dáº­y Ä‘á»ƒ ngáº¯m bÃ¬nh minh mÃ  máº·t trá»i chÆ°a lÃ³ nhiá»u, chá»‰ tiáº¿c lÃ  chÆ°a ra Ä‘Æ°á»£c bÃ£i trá»©ng vÃ¬ 6h má»›i má»Ÿ cá»­a cho vÃ o..Quy NhÆ¡n lÃ  sá»± lá»±a chá»n tuyá»‡t vá»i Ä‘á»ƒ Ä‘i Ä‘Ã³. MÃ¬nh vá»«a cÃ³ chuyáº¿n hÃ nh trÃ¬nh 3n2d á»Ÿ Ä‘Ã³, thÃ­ch láº¯m vÃ  cháº¯c cháº¯n sáº½ quay láº¡i"
"Äáº¿n BÃ¬nh Äá»‹nh mÃ  khÃ´ng chÆ¡i á»Ÿ bÃ£i biá»ƒn cá»§a thÃ nh phá»‘ Quy NhÆ¡n thÃ¬ quáº£ lÃ  má»™t thiáº¿u sÃ³t. NÆ¡i Ä‘Ã¢y cÃ³ nhiá»u khÃ¡ch sáº¡n view biá»ƒn Quy  NhÆ¡n  ráº¥t thÃ­ch há»£p cho báº¡n táº­n hÆ°á»Ÿng mÃ¹a hÃ¨ cÃ¹ng vá»›i gia Ä‘Ã¬nh vÃ  ngÆ°á»i thÃ¢n. Biá»ƒn á»Ÿ Ä‘Ã¢y tuy khÃ´ng quÃ¡ ná»•i tiáº¿ng nhÆ° bÃ£i biá»ƒn á»Ÿ Nha Trang, nhÆ°ng nÃ³ váº«n sá»Ÿ há»¯u nÃ©t hoang sÆ¡ ráº¥t Ä‘áº·c biá»‡t, táº¡o ra sá»©c hÃºt riÃªng cho BÃ¬nh Äá»‹nh."
bÃ£i biá»ƒn xanh vÃ  Ä‘áº¹p. háº¡n cháº¿ Ä‘i vÃ o mÃ¹a bÃ£o.
"Sáº¡ch, Ä‘áº¹p vÃ  Ä‘á»ƒ láº¡i áº¥n tÆ°á»£ng sÃ¢u sáº¯c vá»›i bÃ£i biá»ƒn vÃ²ng cung vÃ  eo NÃ­n Thá»Ÿ...Eo NÃ­n Thá»Ÿ lÃ  eo biá»ƒn, nhÆ°ng khÃ´ng pháº£i chá»‰ chá»— tháº¯t láº¡i cá»§a nÆ°á»›c, mÃ  cá»§a bÃ£i cÃ¡t. BÃ£i biá»ƒn Quy NhÆ¡n tráº£i dÃ i vÃ  rá»™ng á»Ÿ hai Ä‘áº§u, Ä‘áº¿n Ä‘oáº¡n nÃ y Ä‘á»™t ngá»™t tháº¯t Ä‘Ã¡y lÆ°ng ong, tá»« trÃªn cao nhÃ¬n xuá»‘ng tá»±a nhÆ° ba vÃ²ng cá»§a hoa háº­u. ÄÃ£ eo mÃ  cÃ²n nÃ­n thá»Ÿ, thÃ¬ láº¡ lÃ¹ng háº¿t biáº¿t!..Tháº­t ra, cÃ¡i tÃªn NÃ­n Thá»Ÿ cháº³ng liÃªn quan gÃ¬ Ä‘áº¿n vÃ²ng eo con kiáº¿n con ong cá»§a bÃ£i biá»ƒn. Theo má»™t sá»‘ ngÆ°á»i dÃ¢n tá»«ng sá»‘ng á»Ÿ Ä‘Ã¢y tá»« giá»¯a tháº¿ ká»· XX, khu trung tÃ¢m Quy NhÆ¡n (tráº£i rá»™ng tá»« quáº£ng trÆ°á»ng, siÃªu thá»‹ Co.opmart, Ä‘áº¿n tÃ²a nhÃ  ga hÃ ng khÃ´ng Ä‘áº§u Ä‘Æ°á»ng Nguyá»…n Táº¥t ThÃ nh) trÆ°á»›c nÄƒm 1975 lÃ  sÃ¢n bay quÃ¢n sá»±, bá»‘n bÃªn rÃ o káº½m gai dÃ y Ä‘áº·c. MÃ© ÄÃ´ng Nam sÃ¢n bay, gáº§n Ä‘iá»ƒm cÃ  phÃª S-Blue bÃ¢y giá», cÃ³ tráº¡i hÃ²m PhÃ¹ng Kháº¯c Khoan. Tá»« Ä‘Ã³ xuÃ´i Ä‘Æ°á»ng Nguyá»…n Huá»‡ trá»Ÿ xuá»‘ng lÃ  Khu II cÅ©, nÆ¡i ngÆ°á»i dÃ¢n sinh sá»‘ng. Äoáº¡n eo biá»ƒn há»“i báº¥y giá» ráº¥t váº¯ng váº», vÃ´ hÃ¬nh trung trá»Ÿ thÃ nh chá»— vá»©t rÃ¡c, vá»©t xÃ¡c sÃºc váº­t cháº¿t, hÃ´i hÃ¡m ná»“ng náº·c. Äi bá»™, Ä‘i xe qua Ä‘oáº¡n nÃ y, ngÆ°á»i ta pháº£i bá»‹t mÅ©i hay nÃ­n thá»Ÿ Ä‘á»ƒ khá»i hÃ­t pháº£i cÃ¡i mÃ¹i kinh hoÃ ng áº¥y. TÃªn eo NÃ­n Thá»Ÿ do Ä‘Ã³ mÃ  ra...Sau nÄƒm 1975, khu vá»±c nÃ y khÃ´ng cÃ²n lÃ  nÆ¡i vá»©t rÃ¡c ná»¯a. Náº¯ng mÆ°a sÃ³ng giÃ³ kiÃªn trÃ¬ lÃ m cuá»™c dá»n dáº¹p táº©y rá»­a ká»³ cÃ´ng, cÃ¹ng vá»›i ná»— lá»±c cá»§a ngÆ°á»i Quy NhÆ¡n vÃ  nhÃ  nÆ°á»›c, Ä‘Ã£ dáº§n tráº£ láº¡i má»™t eo biá»ƒn xinh Ä‘áº¹p vÃ  thÆ¡ má»™ng. ThiÃªn nhiÃªn cÃ³ thá»ƒ tá»± mÃ¬nh xinh Ä‘áº¹p, nhÆ°ng cÃ¡i thÆ¡ má»™ng cá»§a thiÃªn nhiÃªn láº¡i do con ngÆ°á»i gÃ³p vÃ o vÃ  cáº£m nháº­n. Náº¿u thiáº¿u con ngÆ°á»i, thiÃªn nhiÃªn cÃ³ Ä‘áº¹p Ä‘áº¿n Ä‘Ã¢u cÅ©ng mÃ£i mÃ£i hoang vu. Khi nhá»¯ng hÃ ng dá»«a há»c sinh TrÆ°ng VÆ°Æ¡ng trá»“ng sau giáº£i phÃ³ng ká»‹p xÃµa nhá»¯ng cÃ¡nh vÃµng lÃ¡ Ä‘ong Ä‘Æ°a vá»›i trá»i xanh, khÃ´ng gian nÆ¡i nÃ y Ä‘áº¹p vÃ´ táº£ vá»›i vá»‹ tháº¿ máº·t Ä‘Æ°á»ng vÃ²ng cung bÃ¡n nguyá»‡t nhÃ´ ra gáº§n biá»ƒn. Chiá»u chiá»u, nháº¥t lÃ  vÃ o mÃ¹a hÃ¨, ngÆ°á»i ta thÆ°á»ng Ä‘á»• ra hÃ³ng giÃ³. Äá»©ng á»Ÿ Ä‘Ã¢y tháº£ táº§m máº¯t ra khÆ¡i, xa kia lÃ  Ä‘Æ°á»ng chÃ¢n trá»i thoÃ¡ng Ä‘Ã£ng, nhÃ¬n vá» phÃ­a ÄÃ´ng cÃ³ nÃºi PhÆ°Æ¡ng Mai, nhÃ¬n vá» phÃ­a TÃ¢y cÃ³ nÃºi Ghá»nh RÃ¡ng. Äáº·c biá»‡t, vÃ²ng cung ngáº¯m biá»ƒn nÃ y chá»‰ cÃ¡ch trÆ°á»ng Äáº¡i há»c sÆ° pháº¡m Quy NhÆ¡n chá»«ng trÄƒm bÆ°á»›c chÃ¢n, nÃªn sinh viÃªn thÆ°á»ng ra Ä‘Ã¢y dáº¡o chÆ¡i, hÃ² háº¹n. Trai gÃ¡i Ä‘áº¿n eo NÃ­n Thá»Ÿ Ä‘á»ƒ nÃ­n thá»Ÿ, lÃ  cÃ¡ch nÃ³i Ä‘Ã¹a hÃ³m há»‰nh cá»§a ngÆ°á»i Quy NhÆ¡n vá» má»™t thá»±c táº¿ ráº¥t trá»¯ tÃ¬nh. Tá»« áº¥y, Ä‘á»‹a danh NÃ­n Thá»Ÿ Ä‘Ã£ hoÃ n toÃ n trÃºt bá» ná»—i Ã¡m áº£nh Ã´ nhiá»…m mÃ´i trÆ°á»ng, mang má»™t nghÄ©a má»›i, vá»«a ngá»™ nghÄ©nh vá»«a Ä‘á»™c Ä‘Ã¡o. Biá»ƒn Quy NhÆ¡n ""nÃ­n thá»Ÿ"" Ä‘i vÃ o thÆ¡ tÃ¬nh. NhÃ  thÆ¡ NgÃ´ Minh láº¡c qua Ä‘Ã¢y, khÃ´ng rÃµ Ä‘Æ°á»£c nÃ­n thá»Ÿ máº¥y láº§n mÃ  ngÆ¡ ngáº©n bá»“i há»“i: ""Qua eo NÃ­n Thá»Ÿ Ä‘áº¥t trá»i dáº¡i khÃ´n/ Giá» anh nhÆ° Ä‘á»©a máº¥t há»“n/ Gáº·p ai cÅ©ng tÆ°á»Ÿng Quy NhÆ¡n gá»i mÃ¬nh""."
"BÃ£i biá»ƒn Quy NhÆ¡n ráº¥t sáº¡ch, QN cÃ³ quÃ£ng trÆ°á»ng rá»™ng nhiá»u cÃ´ng viÃªn thoÃ¡ng mÃ¡t, Ä‘á»“ Äƒn cÅ©ng ráº¥t ngon, ban Ä‘Ãªm ráº¥t áº¥n tÆ°á»£ng vá»›i quÃ¡n cafe Surf bar, nÃ³i chung lÃ  cÃ³ cÆ¡ há»™i sáº½ quay láº¡i."
"Biá»ƒn Ä‘áº¹p , háº£i sáº£n ngon ráº» náº¿u biáº¿t chá»— mua. Vá» Ä‘Ãªm mÃ¡t máº» , gáº§n quáº£ng trÆ°á»ng buá»•i chiá»u nÆ¡i Ä‘Ã¡ng Ä‘á»ƒ dáº«n cÃ¡c bÃ© ra chÆ¡i . CÃ³ ráº¥t nhiá»u trÃ² chÆ¡i ."
"biá»ƒn Ä‘Ã´ng , sÃ¡ng ra Ä‘Ã³n bÃ¬nh minh , chiá»u ngáº¯m hoÃ ng hÃ´n , ko khÃ­ mÃ¡t , xung quanh bÃ¡n Ä‘á»“ Äƒn váº·t ráº¥t nhiá»u , ngÆ°á»i dÃ¢n táº¯m Ä‘Ã´ng ğŸ¤ªğŸ¤ª.ğŸ˜ğŸ¤—ğŸ˜ ğŸ˜˜ğŸ˜˜ğŸ˜â¤ï¸ğŸ˜‹ğŸ˜˜ğŸ¤£â¤ï¸ğŸ˜ğŸ˜ğŸ˜ğŸ˜ğŸ˜ğŸ‘§ğŸ˜ğŸ˜ğŸ˜˜ğŸ˜˜â¤ï¸â¤ï¸â¤ï¸â¤ï¸â¤ï¸â¤ï¸â¤ï¸â¤ï¸â¤ï¸â¤ï¸â¤ï¸â¤ï¸â¤ï¸â¤ï¸â¤ï¸â¤ï¸â¤ï¸â¤ï¸ğŸ˜ƒğŸ˜ƒğŸ˜ƒğŸ™„ğŸ‘§ğŸ˜­ğŸ˜­ğŸ˜ğŸ˜ğŸ˜­ğŸ˜ƒğŸ¤—ğŸ¤ğŸ»ğŸ˜­ğŸ‘§ğŸ‘§ğŸ˜†ğŸ˜¡ğŸ˜¡ğŸ˜ ğŸ˜ğŸ™„â¤ï¸ğŸ˜¶ğŸ‘ğŸ»ğŸ˜¶ğŸ˜ğŸ¤ğŸ»ğŸ˜¡ğŸ˜¡ğŸ˜¶ğŸ˜­ğŸ¤ğŸ»ğŸ˜¡ğŸ‘ğŸ»ğŸ˜¡ğŸ˜¡ğŸ˜¡ğŸ˜¡"
"BÃ£i biá»ƒn á»Ÿ trung tÃ¢m thÃ nh phá»‘ du lá»‹ch Quy NhÆ¡n. BÃ£i biá»ƒn dÃ i cÃ³ Ä‘Æ°á»ng Ä‘i bá»™ dáº¡o biá»ƒn. CÃ³ cÃ¡c quÃ¡n cafe ngay trÃªn bá» biá»ƒn, cÃ³ cÃ¡c khu vui chÆ¡i cÃ¡c trÃ² chÆ¡i á»Ÿ bÃ£i biá»ƒn..Buá»•i chiá»u dÃ¢n táº¯m biá»ƒn ráº¥t Ä‘Ã´ng. Buá»•i tá»‘i cÃ³ thá»ƒ Ä‘i dáº¡o dá»c biá»ƒn hoáº·c uá»‘ng cafe á»Ÿ cÃ¡c quÃ¡n ngay trÃªn bá» biá»ƒn."
BÃ¬nh Minh biá»ƒn Quy nhÆ¡n mÃ u vÃ ng Ä‘áº­m hÆ¡n bÃ¬nh minh phÃ­a báº¯c. Ráº¥t yÃªn bÃ¬nh.
"Theo mÃ¬nh cung Ä‘Æ°á»ng bá» biá»ƒn nÃ y Ä‘áº¹p hÆ¡n cáº£ Nha Trang, hÆ¡n cáº£ Pattaya. á» Ä‘Ã¢y Ä‘Æ°á»£c quy hoáº¡ch tá»‘t, Ä‘Æ°á»ng Ä‘i rá»™ng, cÃ³ nhiá»u tiá»ƒu cáº£nh. Xa xa á»Ÿ 2 vÃ¡ch nÃºi cÃ³ Ä‘Ã¨n chá»¯, buá»•i tá»‘i lÃªn Ä‘Ã¨n ráº¥t Ä‘áº¹p"
"Náº±m giá»¯a trung tÃ¢m tp Quy NhÆ¡n (BÃ¬nh Äá»‹nh), bÃ£i táº¯m kÃ©o dÃ i 5 km tá»« MÅ©i Táº¥n Ä‘áº¿n Ghá»nh RÃ¡ng. Biá»ƒn Quy NhÆ¡n cÃ³ Ä‘áº·c trÆ°ng lÃ  nhá»¯ng bÃ£i cÃ¡t vÃ ng Ã³ng Ã¡nh, má»‹n mÃ ng tráº£i dÃ i ven bá» biá»ƒn táº¡o nÃªn má»™t khÃ´ng gian Ä‘áº­m mÃ u sáº¯c â€œthiÃªn Ä‘Æ°á»ngâ€ tá»±a nhÆ° nhá»¯ng bÃ£i cÃ¡t tuyá»‡t Ä‘áº¹p á»Ÿ Maldives.Quy NhÆ¡n tráº£i dÃ i theo hÃ¬nh cÃ¡nh cung, Ã´m láº¥y bÃ£i biá»ƒn cÃ¡t vÃ ng Ã³ng Ã¡nh nhÆ° tÃ¬nh nhÃ¢n. Má»™t bÃªn lÃ  biá»ƒn xanh sÃ³ng vá»— rÃ¬ rÃ o, má»™t bÃªn lÃ  cÃ¡c dÃ£y khÃ¡ch sáº¡n, khu resort cao cáº¥p hÆ°á»›ng mÃ¬nh Ä‘Ã³n giÃ³ biá»ƒn.bÃ£i táº¯m gáº§n vá»›i con phá»‘ áº©m thá»±c háº£i sáº£n XuÃ¢n Diá»‡u, du khÃ¡ch cÃ³ thá»ƒ vá»«a táº¯m biá»ƒn vá»«a thÆ°á»Ÿng thá»©c háº£i sáº£n ngon tuyá»‡t táº¡i thÃ nh phá»‘ nÃ y. Biá»ƒn á»Ÿ Ä‘Ã¢y tuy khÃ´ng quÃ¡ ná»•i tiáº¿ng nhÆ° biá»ƒn Nha Trang, nhÆ°ng nÃ³ váº«n sá»Ÿ há»¯u nÃ©t hoang sÆ¡ ráº¥t Ä‘áº·c biá»‡t, táº¡o ra sá»©c hÃºt riÃªng cho BÃ¬nh Äá»‹nh."
"Biá»ƒn Quy NhÆ¡n quÃ¡ Ä‘áº¹p, biá»ƒn Viá»‡t Nam khÃ´ng thua kÃ©m báº¥t kÃ¬ má»™t nÆ°á»›c nÃ o"
"ÄÃ¢y lÃ  bÃ£i biá»ƒn chÃ­nh cá»§a khu vá»±c Quy NhÆ¡n, BÃ¬nh Äá»‹nh vá»›i hÃ¬nh dÃ¡ng váº§ng trÄƒng khuyáº¿t khÃ¡ Ä‘á»™c Ä‘Ã¡o vÃ  thu hÃºt cÃ¹ng cá»“n cÃ¡t tráº£i dÃ i 5km tá»« mÅ©i Táº¥n Ä‘áº¿n Ghá»nh RÃ¡ng. Gáº§n Ä‘Ã¢y, bÃ£i biá»ƒn nÃ y Ä‘Ã£ Ä‘Æ°á»£c nÃ¢ng cáº¥p cÆ¡ sá»Ÿ háº¡ táº§ng cÃ¹ng lÃ m sáº¡ch nÃªn sá»‘ lÆ°á»£ng du khÃ¡ch Ä‘áº¿n ngÃ y má»™t Ä‘Ã´ng, dáº§n trá»Ÿ thÃ nh má»™t trong nhá»¯ng Ä‘á»‹a Ä‘iá»ƒm Ä‘Æ°á»£c Æ°a chuá»™ng nháº¥t khu vá»±c miá»n Trung-Nam. Gá»£i Ã½ cho riÃªng báº¡n: nhá»¯ng khÃ¡ch sáº¡n táº¡i BÃ£i biá»ƒn Quy NhÆ¡n Ä‘áº¹p mÃª há»“n!"
Anh Æ¡i anh ! TÃ¬nh biá»ƒn tráº£i muÃ´n phÆ°Æ¡ng.NgÆ°á»i con Quy NhÆ¡n vá»‘n cá»Ÿi má»Ÿ.ÄÃ³n chá» anh quay láº¡i chá»‘n nÆ¡i Ä‘Ã¢y.BÃ¬nh yÃªn va Ä‘áº¹p dá»‹u Ãªm
"â¡ï¸ Quy NhÆ¡n cÃ³ gÃ¬ hot? Láº§n Ä‘áº§u tiÃªn SÃ‚N KHáº¤U CA NHáº C Ä‘Æ°á»£c láº¯p rÃ¡p ngay TRÃŠN BIá»‚N QUY NHÆ N vá»›i ráº¥t nhiá»u mÃ n trÃ¬nh diá»…n háº¥p dáº«n nha má»i ngÆ°á»i Æ¡i. ğŸš¤ğŸ„â€â™‚ï¸ğŸ‘™..ÄÆ°á»£c biáº¿t Show ca nháº¡c lÃ  má»™t trong nhá»¯ng hoáº¡t Ä‘á»™ng trong HÃ nh trÃ¬nh SYMPHONY OF THE SUN & SEA...ChÆ°Æ¡ng trÃ¬nh sáº½ báº¯t Ä‘áº§u lÃºc 15h ngÃ y 7/4 (chiá»u Chá»§ Nháº­t) bao gá»“m cÃ¡c tiáº¿t má»¥c biá»ƒu diá»…n vÃµ thuáº­t, cÃ¡c ngÃ´i sao ca nháº¡c: Thu Minh, Phi HÃ¹ng...Äáº·c biá»‡t lÃ  mÃ n biá»ƒu diá»…n Jetsky, flyboard, dÃ¹ lÆ°á»£n áº¥n tÆ°á»£ng chÆ°a tá»«ng cÃ³ táº¡i Quy NhÆ¡n...ğŸ“Äá»‹a Ä‘iá»ƒm: Eo NÃ­n thá»Ÿ - BÃ£i biá»ƒn Quy NhÆ¡n."
"BÃ£i biá»ƒn Quy NhÆ¡n dÃ i, cÃ¡t to, nÆ°á»›c trong."
"BÃ£i CÃ¡t vÃ ng tráº£i dÃ i. MÃ  Ä‘i Ä‘Ãºng dá»‹p áº£nh hÆ°á»Ÿng cá»§a bÃ£o nÃªn khÃ´ng cÃ³ táº¯m Ä‘Æ°á»£c, hi vá»ng láº§n sau quay láº¡i sáº½ Ä‘Æ°á»£c táº¯m."
Biá»ƒn quy nhÆ¡n nay Ä‘áº¹p láº¯m nhÃ© cÃ¡c báº¡n! Gáº§n Ä‘Ã³ cÃ³ quáº£ng trÆ°á»ng rá»™ng! Ráº£nh má»i má»i ng ghÃ© Qui NhÆ¡n chÆ¡i nhÃ©!!!
"MÃ¬nh ráº¥t thÃ­ch kiá»ƒu bÃ£i biá»ƒn nhÆ° tháº¿ nÃ y, giá»‘ng nhÆ° má»™t cÃ´ng viÃªn kÃ©o dá»c theo bÃ£i biá»ƒn, vá»«a thoáº£i mÃ¡i vÃ  vÃ´ cÃ¹ng sáº¡ch sáº½ vÃ¬ khÃ´ng cÃ³ cá»ng rÃ¡c nÃ o. ğŸ˜šğŸ˜šğŸ˜š"
"Khu hÃ¬nh tá»« trÃªn cao Ä‘Ã¨o tá»« PhÃº YÃªn qua Quy NhÆ¡n , ráº¥t hÃ¹ng vÄ© vÃ  tuyá»‡t Ä‘áº¹p"
Biá»ƒn Ä‘áº¹p.Con ngÆ°á»i thÃ¢n thiá»‡n.Ráº¥t thÃ­ch thÃ nh phá»‘ biá»ƒn thÃ¢n thÆ°Æ¡ng nÃ y.Háº¹n dá»‹p gáº§n nháº¥t sáº½ ghÃ© thÄƒm :)
KhÃ´ng khÃ­ vÃ  nÆ°á»›c biá»ƒn Ä‘áº¹p. QuÃ¡n cafe ven biá»ƒn nhiá»u phá»¥c vá»¥ tá»‘t táº¡i Quy NhÆ¡n
Rat dep luon moi nguoi . bien nhin con hoang so lam . di bien nhu vay that la thik luon . co ai muon di cung minh khong . ai co do tay len
"Biá»ƒn quy nhÆ¡n, va cáº£nh Ä‘áº¹p vá» Ä‘Ãªm cá»§a thÃ nh phá»‘ biá»ƒn quy nhÆ¡n"
Ráº¥t yÃªn bÃ¬nh sáº¡ch Ä‘áº¹p..Mong má»™t ngÃ y gáº§n nháº¥t dk vá» thÄƒm láº¡i
"Biá»ƒn Ä‘áº¹p, nÆ°á»›c trong, táº¯m á»Ÿ Ä‘Ã¢y tuyá»‡t vá»i"
"Biá»ƒn xanh, cÃ¡t tráº¯ng náº¯ng vÃ ng. Chuáº©n cá»§a biá»ƒn miá»n trung. Ráº¥t Ä‘áº¹p vÃ  xanh. Táº¯m sÃ¡ng láº¡nh quÃ¡ nÃ¨. MÃ  mÃ¬nh Ä‘i ngÃ y 7.3 táº¯m sao quÃ¡ chá»«ng con sÆ°Ìa luÃ´n. Táº¯m ra xa thÃ¬ nÃ³ sÃ¢u quÃ¡, táº¯m gáº§n bá» thÃ¬ sá»©a qtqÄ‘"
"BÃ£i biá»ƒn dÃ i vÃ  Ä‘áº¹p vá»›i dÃ£i cÃ¡t tráº¯ng má»‹n..CÃ¡c mÃ³n Äƒn á»Ÿ Ä‘Ã¢y khÃ¡ ráº» vÃ  ngon, ngÆ°á»i dÃ¢n thÃ¢n thiá»‡n.Háº¡n cháº¿ du lá»‹ch vÃ o mÃ¹a hÃ¨. Cá»±c ká»³ nÃ³ng"
CÅ©ng gá»i lÃ  ok. Äi ngÃ y sau táº¿t khÃ¡ch sáº¡n nhÃ  nghá»‰ cháº­t kÃ­n nhÆ°ng ra biá»ƒn cÅ©ng thoÃ¡ng Ä‘áº£ng.
"BÃ£i biá»ƒn dÃ i, cÃ¡t tráº¯ng, sÃ³ng nháº¹. ThÃ­ch há»£p Ä‘á»ƒ táº¯m biá»ƒn. KhÃ­ háº­u mÃ¡t máº», Ä‘á»“ Äƒn ráº», tÆ°Æ¡i ngon, con ngÆ°á»i tháº­t thÃ . Ráº¥t thÃ­ch há»£p Ä‘á»ƒ Ä‘i du lá»‹ch. Nay quy nhÆ¡n ráº¥t phÃ¡t triá»ƒn..Nháº­n xÃ©t cá»§a má»™t ngÆ°á»i lÃ¢u ngÃ y quay láº¡i"
Äiá»u báº¥t ngá» khi Ä‘áº¿n vá»›i thÃ nh phá»‘ Quy NhÆ¡n lÃ  bÃ£i biá»ƒn cá»±c ká»³ sáº¡ch vá»›i nhá»¯ng háº¡t cÃ¡t nhá» xÃ­u mÃ¬nh mÃ u vÃ ng nháº¡t tráº£i dÃ i nghiÃªn bÃºt ngoÃ i ra thÃ¬ báº¡n Ä‘áº¿n nÃ y thÃ¬ mÃ¬nh tháº¥y sinh tá»‘ cá»±c ká»³ ngon vÃ  ráº» chá»‰ cÃ³ mÆ°á»i lÄƒm 1001 ly nhÆ°ng mÃ  to trÃ  bÃ¡ luÃ´n siÃªu Ä‘áº­m Ä‘Ã  cÃ¡ viÃªn chiÃªn bÃ² viÃªn chiÃªn vÃ  cÃ¡c loáº¡i bÃ¡nh bÃ¨o Äƒn cÅ©ng ráº¥t ngon.-Sau nÃ y thÃ¬ thÃ nh phá»‘ Quy NhÆ¡n Ä‘Ã£ Ä‘Æ°á»£c xÃ¢y dá»±ng cÃ³ nhiá»u resort Ä‘áº¹p Æ¡i lÃ  Ä‘áº¹p cháº³ng khÃ¡c nÃ o madalives cá»§a Viá»‡t Nam Ä‘Ã¢u nhÃ©
"Biá»ƒn xanh, nÆ°á»›c trong, cÃ¡t khÃ¡ má»‹n nÃªn khÃ´ng bá»‹ Ä‘au chÃ¢n, 4/5"
"Táº¿t Ä‘áº¿n Quy NhÆ¡n , Ä‘i dá»c XuÃ¢n Diá»‡u tÃ¬m quÃ¡n Äƒn háº£i sáº£n buá»•i tá»‘i cÃ²n bÃ n lÃ  khÃ¡ váº¥t váº£,  háº§u nhÆ° cÃ¡c bÃ n Ä‘á»u bá»‹ Ä‘áº·t sáºµn, search trÃªn máº¡ng cÃ³ nhiá»u quÃ¡n Äƒn váº·t khÃ¡c Ä‘ang open nhÆ°ng thá»±c ra khi tá»›i nÆ¡i Ä‘á»u Ä‘Ã£ Ä‘Ã³ng cá»­a !"
"BÃ£i biá»ƒn Äáº¹p, Ä‘i trá»i náº¯ng nhá»› mang theo Ã´"
bien nay la noi li tuong de tam bien ne moi nguoi
"Ngá»“i nghe sÃ³ng biá»ƒn .,..Biá»ƒn sáº¡ch, khÃ¡ch du lá»‹ch táº¯m biá»ƒn cÅ©ng khÃ¡ Ä‘Ã´ng .,."
"BÃ£i biá»ƒn dÃ i rá»™ng, cÃ¡t tráº¯ng, sáº¡ch sáº½, nÆ°á»›c xanh trong vÃ o mÃ¹a hÃ¨"
"BÃ£i biá»ƒn Quy NhÆ¡n vá»›i hÃ¬nh váº§ng trÄƒng khuyáº¿t dÃ i khoáº£ng 7km tá»« Ghá»nh RÃ¡ng Ä‘áº¿n MÅ©i Táº¥n, vá»›i bÃ£i cÃ¡t vÃ ng, biá»ƒn trong xanh ráº¥t Ä‘áº¹p. NÆ°á»›c biá»ƒn khÃ´ng quÃ¡ sÃ¢u, cÃ³ thá»ƒ táº¯m thoáº£i mÃ¡i khÃ´ng cáº§n mua vÃ© hay dá»‹ch vá»¥ gÃ¬ cáº£"
Xui xáº»o lÃ  hÃ´m Ä‘i biá»ƒn Ä‘á»™ng khÃ´ng thÃ¬ cÃ²n Ä‘áº¹p ná»¯a
"Náº¿u nhÆ° du khÃ¡ch Ä‘Ã£ quÃ¡ quen thuá»™c vá»›i cÃ¡c tour du lá»‹ch VÅ©ng TÃ u, Nha Trang, BÃ¬nh Thuáº­n thÃ¬ Quy NhÆ¡n sáº½ lÃ  Ä‘iá»ƒm Ä‘áº¿n háº¥p dáº«n cho nhá»¯ng ngÆ°á»i yÃªu thÃ­ch biá»ƒn vÃ  sá»± bÃ¬nh yÃªn...Náº±m á»Ÿ phÃ­a ÄÃ´ng Nam tá»‰nh BÃ¬nh Äá»‹nh, má»™t bÃªn lÃ  biá»ƒn ÄÃ´ng vá»— vá», 1 bÃªn lÃ  nÃºi biáº¿c trÃ¹ng Ä‘iá»‡p, thÃ nh phá»‘ Quy NhÆ¡n mang má»™t váº» Ä‘áº¹p hoang sÆ¡ mÃ  rá»±c rá»¡ say lÃ²ng ngÆ°á»i..Quy NhÆ¡n tráº£i dÃ i theo hÃ¬nh cÃ¡nh cung, Ã´m láº¥y bá» biá»ƒn cÃ¡t vÃ ng Ã³ng Ã¡nh nhÆ° tÃ¬nh nhÃ¢n. 1 bÃªn lÃ  biá»ƒn rá»™ng sÃ³ng vá»— rÃ¬ rÃ o, 1 bÃªn lÃ  cÃ¡c dÃ£y khÃ¡ch sáº¡n, khu resort cao cáº¥p hÆ°á»›ng mÃ¬nh Ä‘Ã³n giÃ³ biá»ƒn. Tá»« Ä‘Ã¢y, cÃ³ thá»ƒ nhÃ¬n tháº¥y nhá»¯ng hÃ ng dá»«a xanh Ä‘u Ä‘Æ°a theo giÃ³, phÃ³ng táº§m nhÃ¬n ra xa 1 chÃºt sáº½ tháº¥y má»™t mÃ u xanh Ä‘áº¡i dÆ°Æ¡ng tÆ°Æ¡i mÃ¡t hÃ²a vá»›i mÃ u trá»i trong váº¯t nhÆ° ngá»c."
"Biá»ƒn sáº¡ch, Ä‘áº¹p, nhÆ°ng cÃ¡c dá»‹ch vá»¥ du lá»‹ch khÃ´ng tá»‘t láº¯m"
"Äáº¿n vá»›i du lá»‹ch Quy NhÆ¡n, cháº¯c cháº¯n báº¡n khÃ´ng thá»ƒ bá» qua cÆ¡ há»™i thÄƒm thÃº nhá»¯ng bÃ£i biá»ƒn Quy NhÆ¡n Ä‘áº¹p máº¯t, trá»¯ tÃ¬nh báº­c nháº¥t. ThÆ°á»Ÿng thá»©c chÃºt Ä‘áº·c sáº£n Quy NhÆ¡n, ngÃ¢m mÃ¬nh trong lÃ n nÆ°á»›c trong xanh, hay chá»‰ Ä‘Æ¡n giáº£n lÃ  ngá»“i tháº£ há»“n bÃªn bÃ£i biá»ƒn ngáº¯m Ã¡nh bÃ¬nh minh, hoÃ ng hÃ´n trÃªn bÃ£i biá»ƒn, táº¥t cáº£ Ä‘á»u cÃ³ thá»ƒ mang Ä‘áº¿n cho báº¡n tráº£i nghiá»‡m vÃ´ cÃ¹ng tuyá»‡t vá»i..Vá» vá»›i Quy NhÆ¡n lÃ  vá» vá»›i biá»ƒn, vá» vá»›i dáº£i Ä‘áº¥t hÃ¬nh cÃ¡nh cung vá»›i cáº£nh Ä‘áº¹p thiÃªn nhiÃªn cá»§a trá»i Ä‘áº¥t giao hÃ²a. Nhá»¯ng bÃ£i biá»ƒn rá»™ng lá»›n xanh mÃ¡t, bÃ£i cÃ¡t tráº¯ng dÃ i, nhá»¯ng mÃ³n Äƒn Ä‘áº·c sáº£n Quy NhÆ¡n cháº¯c cháº¯n sáº½ lÃ m nÃ­u chÃ¢n ngÆ°á»i lá»¯ khÃ¡ch chá»‰ muá»‘n á»Ÿ láº¡i vá»›i thiÃªn nhiÃªn bÃ¬nh dá»‹ nÆ¡i Ä‘Ã¢y mÃ  cháº³ng muá»‘n vá». KhÃ´ng nhá»¯ng váº­y, biá»ƒn Quy NhÆ¡n cÃ²n gÃ¢y áº¥n tÆ°á»£ng vá»›i sá»± hÃ²a quyá»‡n cá»§a nÃºi non vÃ  biá»ƒn cáº£, táº¡o nÃªn cáº£nh sáº¯c hÃ¹ng vÄ© mÃ  cÅ©ng khÃ´ng kÃ©m pháº§n nÃªn thÆ¡"
"BÃ£i biá»ƒn Quy NhÆ¡n (thÃ nh phá»‘ Quy NhÆ¡n, tá»‰nh BÃ¬nh Äá»‹nh) lÃ  má»™t trong nhá»¯ng bÃ£i biá»ƒn Ä‘áº¹p vÃ  ná»•i tiáº¿ng nháº¥t vÃ¹ng Nam Trung Bá»™ cá»§a Viá»‡t Nam. LÃ  má»™t trong nhá»¯ng Ä‘iá»ƒm du lá»‹ch ná»•i tiáº¿ng nháº¥t cá»§a tá»‰nh BÃ¬nh Äá»‹nh, bÃ£i biá»ƒn Quy NhÆ¡n tráº£i dÃ i cÃ¡t tráº¯ng theo má»™t hÃ¬nh cung cÃ¡nh diá»u hoÃ n háº£o, Ä‘áº¹p nÃªn thÆ¡ (kÃ©o dÃ i tá»« Ä‘Æ°á»ng HÃ n Máº¡c Tá»­, qua Ä‘Æ°á»ng An DÆ°Æ¡ng VÆ°Æ¡ng rá»“i Ä‘i háº¿t con Ä‘Æ°á»ng XuÃ¢n Diá»‡u). Du khÃ¡ch thÆ°á»Ÿng ngoáº¡n váº» Ä‘áº¹p cá»§a biá»ƒn Quy NhÆ¡n láº¡i cháº¡nh lÃ²ng nghÄ© Ä‘áº¿n cá»‘ thi sÄ© tÃ i danh HÃ n Máº¡c Tá»­ vÃ  bá»“i há»“i nhá»› Ä‘áº¿n thÆ¡ cá»§a Ã´ng..""Chá»‹ áº¥y nÄƒm nay cÃ²n gÃ¡nh thÃ³c.Dá»c bá» sÃ´ng tráº¯ng náº¯ng chang chang,"".(TrÃ­ch bÃ i thÆ¡: MÃ¹a xuÃ¢n chÃ­n)"
"Biá»ƒn xanh, sáº¡ch. Cáº£m giÃ¢c tháº­t trong lÃ nh â™¥ï¸â™¥ï¸â™¥ï¸"
"BÃ£i cÃ¡t vÃ ng má»‹n, tuy khÃ´ng rá»™ng báº±ng bÃ£i cÃ¡t á»Ÿ biá»ƒn ÄÃ  Náºµng nhÆ°ng cÅ©ng ráº¥t thÃ­ch há»£p cho cÃ¡c hoáº¡t Ä‘á»™ng vui chÆ¡i giáº£i trÃ­, Ä‘áº·c biá»‡t lÃ  ngáº¯m bÃ¬nh minh má»—i buá»•i sÃ¡ng."
NÆ¡i nÃ y ráº¥t Ä‘áº¹p vÃ  nÆ°á»›c trong.Táº¯m biá»ƒn thÃ¬ háº¿t chá»— chÃª.Phá»¥c vá»¥ ráº¥t chu Ä‘Ã¡o.LÃ m cho khÃ¡ch thoáº£i mÃ¡i.
"Biá»ƒn Quy NhÆ¡n lÃ  nÆ¡i du lá»‹ch vÃ  nghá»‰ dÆ°á»¡ng tá»« lÃ¢u nay cá»§a TP.Quy NhÆ¡n, tá»‰nh BÃ¬nh Äá»‹nh. ThiÃªn nhiÃªn ban táº·ng cho nÆ¡i nÃ y má»™t mÃ u nÆ°á»›c biá»ƒn trong váº¯t xanh ngáº¯t, khÃ´ng gian vÃ´ cÃ¹ng rá»™ng lá»›n. Xung quang bá» biá»ƒn Ä‘Æ°á»£c trá»“ng nhiá»u cÃ¢y xanh vÃ  quÃ¡n coffee siÃªu lung linh vÃ o buá»•i tá»‘i. HÃ£y Ä‘áº·t chÃ¢n Ä‘áº¿n nÆ¡i nÃ y má»™t láº§n náº¿u báº¡n chÆ°a cÃ³ dá»‹p Ä‘áº¿n."
"BÃ£i táº¯m ráº¥t sáº¡ch vÃ  Ä‘áº¹p, ngÆ°á»i dÃ¢n hiá»n lÃ nh thÃ¢n thiá»‡n"
"BÃ£i biá»ƒn quÃª tÃ´i... BÃ£i biá»ƒn Quy NhÆ¡n lÃ  má»™t nÆ¡i ráº¥t Ä‘áº¹p nÆ¡i Ä‘Ã¢y má»i ngÆ°á»i sáº½ cÃ³ thá»ƒ Ä‘Æ°á»£c táº­n hÆ°á»Ÿng má»™t cáº£m giÃ¡c trong lÃ nh vÃ  nhá»¯ng cÆ¡n sÃ³ng tháº­t Ä‘áº¹p , khi hoÃ ng hÃ´n xuá»‘ng bÃ£i biá»ƒn nhÃ¬n nhÃ¬n nhÆ° má»™t ngÆ°á»i máº¹ luÃ´n Ä‘á»£i chá» Ä‘á»£i chá» Äá»©a Con Xa Xá»© nhá»¯ng ai lÃ  ngÆ°á»i dÃ¢n BÃ¬nh Äá»‹nh Ä‘á»u pháº£i biáº¿t tá»›i  tá»›i biá»ƒn Quy NhÆ¡n"
"Biá»ƒn á»•n,  sáº¡ch, khÃ´ng cÃ³ rÃ¡c, tuy nhiÃªn nhiá»u ngÆ°á»i táº¯m nÃªn nÆ°á»›c biá»ƒn Ä‘á»¥c, nhÃ¬n khÃ´ng thÃ­ch láº¯m"
"Thá»±c ra mÃ¬nh cÅ©ng khÃ´ng hiá»ƒu táº¡i sao ngÆ°á»i ta láº¡i gá»i lÃ  bÃ£i táº¯m bá»Ÿi vÃ¬ á»Ÿ Ä‘Ã¢y chá»§ yáº¿u lÃ  bÃ£i Ä‘Ã¡ khÃ´ng cÃ³ bÃ£i cÃ¡t Ä‘á»ƒ táº¯m, theo ngÆ°á»i dÃ¢n nÆ¡i Ä‘Ã¢y thÃ¬ ngÆ°á»i ta thÆ°á»ng gá»i lÃ  GÃ nh RÃ¡ng, trong Ä‘Ã³ bao gá»“m HÃ²n Chá»“ng vÃ  bÃ£i trá»©ng táº¥t cáº£ Ä‘á»u náº±m trong khu du lá»‹ch GÃ nh RÃ¡ng cÃ³ luÃ´n nhÃ  di tÃ­ch vÃ  má»™ HÃ n Máº·c Tá»­, khu nÃ y náº±m á»Ÿ cuá»‘i Ä‘Æ°á»ng An DÆ°Æ¡ng VÆ°Æ¡ng, xe hÆ¡i thÃ¬ Ä‘i bá»™ xa má»™t chÃºt nhÆ°ng xe mÃ¡y thÃ¬ vÃ o Ä‘áº¿n sÃ¡t táº­n bÃ£i trá»©ng luÃ´n. LuÃ´n mÃ¡t máº» vÃ  Ä‘áº¹p."
- BÃ£i táº¯m ráº¥t Ä‘áº¹p nÆ°á»›c biá»ƒn trong xanh cÃ³ nhá»¯ng hÃ²n Ä‘Ã¡ trÃ²n xáº¿p cáº¡nh nhau.- NÆ¡i chá»¥p áº£nh lÆ°u láº¡i ká»· niá»‡m ráº¥t lÃ½ tÆ°á»Ÿng.- Chá»‰ nÃªn tham quan khÃ´ng nÃªn táº¯m â€¦
"Cáº£nh Ä‘áº¹p, mÃ¡t máº». BÃ£i nhiá»u Ä‘Ã¡ trÃ²n to hÃ¬nh trá»©ng nÃªn cÃ²n gá»i lÃ  BÃ£i Trá»©ng. ChÃº Ã½ Ä‘i ra sÃ¡t mÃ©p nÆ°á»›c Ä‘Ã¡ khÃ¡ trÆ¡n"
"Gáº§n khu má»™ HÃ n Máº·c Tá»­.NÆ°á»›c cá»±c ká»³ trong xanh, cáº£nh váº­t nÃªn thÆ¡. Xá»©ng Ä‘ang Ä‘Æ°á»£c Ä‘áº·t vÃ o Ä‘iá»ƒm pháº£i Ä‘áº¿n khi tá»›i Quy NhÆ¡n"
"BÃ£i táº¯m HoÃ ng Háº­u Ä‘Æ°á»£c thiÃªn nhiÃªn Æ°u Ã¡i ban táº·ng cho váº» Ä‘áº¹p nÃªn thÆ¡, vá»›i Ä‘á»‹a tháº¿ thuáº­n  lá»£i, gáº§n  cÃ¡c khu nghá»‰ dÆ°á»¡ng resort nÃªn nÃ³ Ä‘Ã£ trá»Ÿ thÃ nh má»™t trong nhá»¯ng  Ä‘á»‹a  Ä‘iá»ƒm  thu hÃºt khÃ¡ch du lá»‹ch trong vÃ  ngoÃ i nÆ°á»›c Ä‘áº¿n."
"Qua tuyá»‡t vá»i náº¿u báº¡n Ä‘i Ä‘áº¿n Ä‘Ã¢y vÃ o buá»•i trÆ°a náº¯ng, Ä‘áº¹p tuyá»‡t vá»i"
BÃ£i táº¯m gá»“m ráº¥t nhiá»u hÃ²n Ä‘Ã¡ to. Äáº¿n Ä‘Ã¢y thÆ°á»ng ráº¥t Ä‘Ã´ng khÃ¡ch du lá»‹ch. NÃªn Ä‘áº¿n vÃ o buá»•i sÃ¡ng sáº½ Ä‘áº¹p hÆ¡n.
Äáº¹p hoang sÆ¡ dÆ°á»›i ná»n láº§u Ã´ng HoÃ ng vÃ  má»™ pháº§n thi sÄ© HÃ n Máº·c Tá»­
"NÃ³i bÃ£i táº¯m chá»© mÃ¬nh tháº¥y lÃ  bÃ£i ngáº¯m thÃ¬ Ä‘Ãºng hÆ¡n, bÃ£i toÃ n lÃ  Ä‘Ã¡ khÃ´ng, khÃ´ng an toÃ n Ä‘á»ƒ mÃ  lá»™i xuá»‘ng táº¯m. Máº·c dÃ¹ bÃ£i Ä‘Ã¡ trÃ´ng ráº¥t Ä‘áº¹p, cÃ¡c táº£ng Ä‘Ã¡ to, nhá» Ä‘á»§ kÃ­ch thÆ°á»›c Ä‘Æ°á»£c sÃ³ng biá»ƒn mÃ i trÃ²n nháºµn nhÆ° cÃ¡i trá»©ng gÃ  váº­y, ráº¥t lÃ  thÃº vá»‹, â€¦"
MÃ¬nh cÃ³ thá»ƒ kháº³ng Ä‘á»‹nh mÃ¬nh chÆ°a tá»›i nÆ¡i nÃ o Ä‘áº¹p mÃ  má»i chi phÃ­ ráº» + ngon nhÆ° á»Ÿ Quy NhÆ¡n luÃ´n. NÃªn náº¿u báº¡n Ä‘ang cÃ³ Ã½ Ä‘á»‹nh Ä‘áº¿n Ä‘Ã¢y thÃ¬ Ä‘á»«ng cháº§n chá»« nhÃ©. Náº¿u cáº§n tÆ° váº¥n gÃ¬ thÃªm vá» chá»— Äƒn nghá»‰ hay dá»‹ch vá»¥ thÃ¬ cÃ³ thá»ƒ liÃªn há»‡ Anh NghÄ©a hoáº·c ib â€¦
"BÃ£i táº¯m ráº¥t Ä‘Ã´ng, cÃ³ nhiá»u hoáº¡t Ä‘á»™ng thá»ƒ thao trÃªn biá»ƒn"
"BÃ£i biá»ƒn cÅ©ng Ä‘áº¹p nhÆ°ng chiá»u rá»™ng bÃ£i cÅ©ng ngáº¯n nÃªn náº¿u Ä‘Ã´ng thÃ¬ cÅ©ng lÃ  cáº£ má»™t váº¥n Ä‘á», chiá»u dÃ i bÃ£i biá»ƒn khoáº£ng 5km , nhÃ¬n chung lÃ  Ä‘áº¹p, nÃªn Ä‘i . NgÆ°á»i dÃ¢n ráº¥t hiáº¿u khÃ¡ch"
"BÃ£i biá»ƒn dÃ i, sáº¡ch sáº½, nhiá»u cÃ¡t vÃ ng, cÃ³ nhÃ¢n viÃªn cá»©u há»™ rÃ£i kháº¯p bÃ£i biá»ƒn,"
"Cáº£nh Ä‘áº¹p, cáº£m giÃ¡c hÃ²a mÃ¬nh vá»›i thiÃªn nhiÃªn, bÃ£i biá»ƒn Ä‘áº¹p nhÆ° nha trang"
BÃ£i biá»ƒn quÃ¡ sáº¡ch. KhÃ´ng thá»ƒ tÃ¬m Ä‘Æ°á»£c chÃºt rÃ¡c nÃ o
Biá»ƒn Quy NhÆ¡n mÃ ! DÃ¹ nÃ³ ra sao Ä‘i ná»¯a thÃ¬ váº«n cho 5* <3
nÆ¡i mÃ  tá»« xÆ°a h tá»« nhá» Ä‘áº¿n lá»›n gáº¯n liá»n. Ã”i yÃªu sao biá»ƒn quy NhÆ¡n
"Cáº£nh Ä‘áº¹p , cÃ³ thá»ƒ bao quÃ¡t háº¿t khu vá»±c bÃ£i biá»ƒn cá»§a thÃ nh phá»‘ , Ä‘i láº¡i thuáº­n tiá»‡n , cÃ¢y xanh nhiá»u lÃªn ráº¥t mÃ¡t máº»"
Khu du lá»‹ch Ä‘áº¹p cáº¡nh khu Má»™ HÃ n Máº·c Tá»­..Gáº§n TT TP Ä‘Ã¡ng Ä‘á»ƒ Ä‘áº¿n Ä‘Ã¢y khi Dl QN..Cáº§n chÃº trá»ng vá»‡ sinh gom rÃ¡c nhu vá»±c BÃ£i   trá»©ng.
Khu bÃ£i táº¯m hoÃ ng háº­u Nam PhÆ°Æ¡ng hay cÃ²n gá»i bÃ£i trá»©ng cÃ³ honf chá»“ng giá» cÅ©ng bá»›t hoang tÃ n rá»“i nhÆ°ng Ã­t ngÆ°á»i xuá»‘ng  Ä‘Æ°á»£c  vÃ  khÃ´ng chá»¥p áº£nh thuáº­n tiá»‡n Ä‘Æ°á»£c vÃ¬ náº±m á»Ÿ khÃºc cua nguy hiá»ƒm
"Äáº¹p tuyá»‡t, Ä‘Ã¡ trÃ²n trÃ²n, nÆ°á»›c biá»ƒn trong veo, xa xa lÃ  nhá»¯ng tÃ²a nhÃ  cao táº§ng. Gáº§n má»™ nhÃ  thÆ¡ HÃ n Máº·c Tá»­. VÃ o BÃ¬nh Äá»‹nh nÃªn ghÃ© vÃ o thÄƒm."
"CÃ¡ch trung tÃ¢m thÃ nh phá»‘ 3km nha, nÃªn Ä‘i xe Ä‘iá»‡n 25k/km náº¿u cÃ³ 7-8 ngÆ°á»i, vá»«a ráº» vá»«a thoÃ¡ng. Náº¿u Ä‘i buá»•i sÃ¡ng thÃ¬ nÃªn Ä‘i sá»›m rá»“i trÆ°a vÃ o thÃ nh phá»‘ Äƒn uá»‘ng, vÃ¬ á»Ÿ Ä‘Ã¢y chá»‰ cÃ³ 1 nhÃ  hÃ ng, chá»§ yáº¿u bÃ¡n Ä‘á»“ uá»‘ng. BÃ£i trá»©ng cÅ©ng Ä‘áº¹p nhÆ°ng khÃ´ng báº±ng Ká»³ Co Eo GiÃ³."
"TrÃªn hÃ¬nh google Ä‘áº¹p nhÆ°ng Ä‘áº¿n nÆ¡i thÃ¬ má»›i tháº¥y thá»±c táº¿. Äi vÃ o giá» chiá»u nÃªn Ä‘Ã´ng khÃ¡ch du lá»‹ch..Cáº£nh Ä‘áº¹p nhÆ°ng rÃ¡c ráº¥t nhiá»u. Hy vá»ng ban Ä‘iá»u hÃ nh khu du lá»‹ch trang bá»‹ thÃ¹ng rÃ¡c Ä‘áº§y Ä‘á»§.BÃ£i chá»‰ cÃ³ highlight lÃ  máº¥y hÃ²n Ä‘Ã¡ to, dáº¡ng nhÆ° quáº£ trá»©ng..BÃ¡c báº£o vá»‡ hÆ¡i lÃ u bÃ u"
"BÃ£i táº¯m khÃ¡ Ä‘áº¹p, nhiá»u hÃ²n Ä‘Ã¡ táº£ng hÃ¬nh quáº£ trá»©ng khá»•ng lá»“, mÃ  hÆ¡i trÆ¡n nÃªn cáº§n cáº©n tháº­n khi di chuyá»ƒn. Táº§m chiá»u nhiá»u báº¡n ná»¯ máº·c bikini ra Ä‘áº¥y sá»‘ng áº£o :)))"
"BÃ£i trá»©ng Ä‘áº¹p, chá»¥p hÃ¬nh sÃ´ng áº£o Ä‘áº¹p hÆ¡n khi Ä‘á»©ng trÃªn Ä‘Ã¡ dÆ°á»›i nÆ°á»›c, tuy nhiÃªn hÆ¡i nhá», cÃ³ gÃ³c uá»‘ng cÃ  phÃª Ä‘áº¹p"
BaÌƒi tÄƒÌm coÌ nhiÃªÌ€u hoÌ€n Ä‘aÌ nhÆ° nhÆ°Ìƒng quaÌ‰ trÆ°Ìng chuÌ‰ yÃªÌu Ä‘ÃªÌ‰ chiÌ£ em chuÌ£p hiÌ€nh thÃ´i chÆ°Ì cuÌƒng chÆ°a coÌ diÌ£ch vuÌ£ gÃ¬ nhiÃªÌ€u. CoÌ 1 nhaÌ€ haÌ€ng ngay Ä‘oÌ phuÌ£c vuÌ£ Äƒn uÃ´Ìng.
"VÃ© vÃ o cá»­a free, chá»‰ máº¥t tiá»n gá»­i xe thÃ´i. Cáº£nh Ä‘áº¹p, Ä‘i vÃ o buá»•i xáº¿ chiá»u Ä‘á»¡ náº¯ng mÃ  chá»¥p áº£nh váº«n Ä‘áº¹p nhÃ©"
"MÃ¬nh Ä‘i cuá»‘i tuáº§n nÃªn cÅ©ng hÆ¡i Ä‘Ã´ng, bÃ£i biá»ƒn cÃ³ view Ä‘áº¹p, Ä‘Ã¡ trÃ²n nhÆ° trá»©ng, cÃ³ Ä‘Æ°á»ng lÃªn má»™ HÃ n Máº·c Tá»­, cÃ³ nhiá»u Ã½ nghÄ©a lá»‹ch sá»­"
Tráº£i nghiá»‡m láº§n 2 táº¡i BÃ£i Trá»©ng - Ghá»nh RÃ¡ng - Quy NhÆ¡n. BÃ£i hÆ¡i nhá» nhÆ°ng Ä‘á»§ checkin nhá»¯ng bá»©c áº£nh Ä‘áº¹p.
"BÃ£i Ä‘Ã¡ trá»©ng Ä‘áº¹p, tham quan miá»…n phÃ­, Ä‘á»‹a Ä‘iá»ƒm nÃªn Ä‘áº¿n khi du lá»‹ch Quy NhÆ¡n"
QuÃ¡ Ä‘áº¹p..biá»ƒn hÃ´m nay Ã­t sÃ³ng..ngÆ°á»i Ä‘i Ä‘Ã´ng quÃ¡ ko chá»¥p hÃ¬nh dc
"Nhá»¯ng hÃ²n Ä‘Ã¡ táº£ng giá»‘ng nhÆ° trÃ¡i trá»©ng, ráº¥t ngá»™ nghÄ©nh vÃ  ráº¥t Ä‘áº¹p."
"Biá»ƒn Ä‘áº¹p chá»¥p hÃ¬nh cá»±c xá»‹n, nÆ°á»›c mÃ¡t chill chill quÃªn má»i sá»± Ä‘á»i"
"Má»™t trong nhá»¯ng tháº¯ng cáº£nh Ä‘áº¹p, giÃ³ mÃ¡t. Sáºµn lÃªn thÄƒm má»™ HÃ n Máº·c Tá»­ ngay gáº§n Ä‘Ã³."
KhÃ´ng quÃ¡ nhiá»u Ä‘Ã¡ cuá»™i nhÆ° mong Ä‘á»£i. Thá»i gian checkin chÃ³ng vÃ¡nh vÃ¬ khÃ´ng cÃ³ nhiá»u thá»© nÃ­u kÃ©o ngÆ°á»i nÃ¡n láº¡i Ä‘á»ƒ chá»¥p
Sáº½ lÃ  má»™t thiáº¿u sÃ³t lá»›n náº¿u Ä‘áº¿n BÃ¬nh Äá»‹nh mÃ  báº¡n khÃ´ng Ä‘áº¿n Ghá»nh RÃ¡ng xinh Ä‘áº¹p !
"BÃ£i Ä‘Ã¡ Ä‘áº¹p, nhÆ°ng hÆ¡i bÃ©, Ã­t chá»— tham quan"
ThiÃªn nhiÃªn nÆ¡i Ä‘Ã¢y Ä‘Ã£ táº¡o nÃªn nhá»¯ng viÃªn Ä‘Ã¡ hÃ¬nh thÃ¹ nhÆ° quáº£ trá»©ng. Äáº·c biá»‡t táº¡i Ä‘Ã¢y báº¡n cÃ³ thá»ƒ ngáº¯m nhÃ¬n thÃ nh phá»‘ nhÆ° má»™t Há»“ng KÃ´ng thu nhá».
Khung cáº£nh nÃªn thÆ¡. KhÃ´ng khÃ­ trong lÃ nh. LÃºc nÃ o cÅ©ng nghe sÃ³ng biá»ƒn vá»—. Ngá»“i sáº½ k muá»‘n vá»!
"Äáº¹p quÃ¡ nhiÃªn viÃªn Ä‘Ã¡ trá»©ng, cháº¯c to nhÆ° trá»©ng khá»§ng long"
"Äáº¹p nhÆ°ng ko Ä‘á»™c, cÃ²n hoang sÆ¡, cáº§n Ä‘áº§u tÆ° vÃ  khai thÃ¡c"
"Äá»‹a Ä‘iá»ƒm lÃ½ tÆ°á»Ÿng Ä‘á»ƒ du lá»‹ch, nghá»‰ dÆ°á»¡ng"
Nhá»¯ng hÃ²n Ä‘Ã¡ trÃ²n trÃ²n khÃ¡ hay. NÃªn Ä‘áº¿n Ä‘á»ƒ biáº¿t khi Ä‘áº¿n QN
Náº¿u cÃ¡c báº¡n Ä‘i du lá»‹ch Quy NhÆ¡n thÃ¬ lÃªn Ä‘áº¿n nÆ¡i nÃ y
"BÃ£i Ä‘Ã¡ Ä‘áº¹p.PhÃ¹ há»£p cho tráº» em, thiáº¿u ná»¯ checkin"
"Khu du lá»‹ch BÃ£i Trá»©ng hay cÃ²n gá»i lÃ  BÃ£i táº¯m HoÃ ng Háº­u. NÆ¡i Ä‘Ã¢y cÃ³ nhá»¯ng viÃªn Ä‘Ã¡ hÃ¬nh quáº£ trá»©ng, sÃ³ng biá»ƒn dáº­p dÃ¬u Ä‘áº¹p Ä‘áº½, chá»‰ thÃ­ch há»£p Ä‘á»ƒ tham quan vÃ o nhá»¯ng buá»•i chiá»u mÃ¡t. NgoÃ i ra cÃ²n cÃ³ lÄƒng má»™ HÃ n Máº¡c Tá»­..."
BÃ£i Ä‘Ã¡ cÃ³ hÃ¬nh dáº¡ng Ä‘áº·c trÆ°ng do xÃ³i mÃ²n cá»§a sÃ³ng biá»ƒn
"Combo bÃ£i táº¯m hoÃ ng háº­u, bÃ£i trá»©ng, má»™ HÃ n Máº·c Tá»­, nÃ³i chung Ä‘i cho biáº¿t 1 láº§n thÃ´i, chá»‰ chá»¥p hÃ¬nh ká»· niá»‡m, khÃ´ng cÃ³ gÃ¬ thÃªm, bÃ£i trá»©ng cÅ©ng ráº¥t nhá», khi Ä‘Ã´ng ngÆ°á»i thÃ¬ chen nhau chá»¥p, nÃªn Ä‘i ngÃ y trong tuáº§n váº¯ng ngÆ°á»i hÆ¡n."
Khu du lá»‹ch Ghá»nh RÃ¡ng TiÃªn Sa lÃ  khu du lá»‹ch vÃ´ cÃ¹ng ná»•i tiáº¿ng á»Ÿ thÃ nh phá»‘ biá»ƒn Quy NhÆ¡n. VÃ¬ náº±m gáº§n ngay trung tÃ¢m thÃ nh phá»‘ nÃªn thu hÃºt Ä‘Ã´ng Ä‘áº£o du khÃ¡ch trong vÃ  ngoÃ i nÆ°á»›c. Äáº¿n Ä‘Ã¢y du khÃ¡ch sáº½ Ä‘Æ°á»£c chiÃªm ngÆ°á»¡ng má»™t váº» Ä‘áº¹p thiÃªn nhiÃªn tuyá»‡t má»¹..Ráº¥t tuyá»‡t vá»i
"Cáº£nh váº­t tuyá»‡t vá»i, khÃ´ng khÃ­ trong lÃ nh, sÃ³ng biá»ƒn dá»‹u nháº¹. Tá»« Ä‘Ã¢y cÃ³ thá»ƒ ngáº¯m thÃ nh phá»‘ BÃ¬nh Äá»‹nh vÃ  biá»ƒn."
"Gáº§n báº¿n xe Quy NhÆ¡n, má»i ngÆ°á»i cháº¡y xe mÃ¡y lÃªn 1 xÃ­u lÃ  tá»›i. á» Ä‘Ã¢y nhÃ¬u hÃ²n Ä‘Ã¡ trÃ²n to, chá»¥p áº£nh táº§m 15p lÃ  xong, má»i ngÆ°á»i Ä‘i chá»— khÃ¡c."
"TÃªn bÃ£i trá»©ng cÃ³ láº½ do cÃ³ nhiá»u viÃªn Ä‘Ã¡ trÃ²n cáº¡nh biá»ƒn, hÃ¬nh dáº¡ng nhÃ¬n giá»‘ng quáº£ trá»©ng..Cáº£nh biá»ƒn thÃ¬ lÃºc nÃ o cÅ©ng Ä‘áº¹p nháº¹ nhÃ ng. NÆ¡i Ä‘Ã¢y cÃ³ váº» lÃ  nÆ¡i du khÃ¡ch ghÃ© chá»¥p hÃ¬nh khÃ¡ nhiá»u."
"MÃ¬nh nghe ngÆ°á»i dÃ¢n Ä‘á»‹a phÆ°Æ¡ng nÃ³i , há»“i trÆ°á»›c bÃ£i Trá»©ng Ä‘áº¹p vÃ  cÃ³ nhiá»u Ä‘Ã¡ láº¯m nhÆ°ng khÃ¡ch du lá»‹ch cÃ³ láº½ cá»© láº¥y trá»™m vÃ i viÃªn nhá» vá» lÃ m ká»· niá»‡m nÃªn giá» má»›i cÃ²n Ã­t nhÆ° váº­y .GiÃ¡ nhÆ° dÃ¢n mÃ¬nh cÃ³ kiáº¿n thá»©c vÃ  Ã½ thá»©c hÆ¡n thÃ¬ tá»‘t , biáº¿t báº£o vá»‡ thiÃªn nhiÃªn , báº£o vá»‡ vÃ  gÃ¬n giá»¯ cáº£nh Ä‘áº¹p cá»§a quÃª hÆ°Æ¡ng , Ä‘áº¥t nÆ°á»›c mÃ¬nh cho con chÃ¡u Ä‘á»i sau váº«n Ä‘Æ°á»£c hÆ°á»Ÿng ."
"NÆ¡i Ä‘Ã¢y cáº£nh ráº¥t Ä‘áº¹p, má»i ngÆ°á»i Ä‘i Quy NhÆ¡n thÃ¬ nÃªn ghÃ© nÆ¡i nÃ y, ngoÃ i báº£i biá»ƒn Ä‘áº¹p Ä‘Æ°á»£c nhÃ¬n tá»« trÃªn Ä‘á»“i thÃ¬ nÆ¡i Ä‘Ã¢y cÃ²n lÃ  nÆ¡i cÃ³ má»™ cá»§a nhÃ  thÆ¡ ná»•i tiáº¿ng HÃ n Máº·c Tá»­."
Biá»ƒn Ä‘áº¹p sÃ³ng to. CÃ³ Ä‘iá»u Ä‘á»“ Äƒn khÃ´ng phong phÃº khÃ´ng Ä‘Æ°á»£c ngon nhÆ° cÃ¡c Ä‘iá»ƒm du lá»‹ch khÃ¡c. CÃ³ cÃ³ khu nhÃ  nghá»‰ ks cáº¡nh bá» biá»ƒn
"MÃ¡t máº»,nhÃ¬n cÅ©ng dc,nhÆ°ng ko cÃ³ gÃ¬ Ä‘áº·c sáº¯c cho láº¯m.tá»›i tham quan,chá»¥p vÃ i táº¥m áº£nh rá»“i ghÃ© quÃ¡n cafe uá»‘ng ly nÆ°á»›c view biá»ƒn lÃ  xong."
"ÄÆ°á»ng vÃ o loáº±ng ngoáº±ng quÃ¡,khu du lá»‹ch thÃ¬ nÃªn táº¡o Ä‘iá»u kiá»‡n Ä‘á»ƒ khÃ¡ch Ä‘Æ°á»£c vÃ o thoÃ¡i mÃ¡i hÆ¡n,cÃ²n dá»‹ch vá»¥ há» muá»‘n dÃ¹ng cÃ¡i gÃ¬ thÃ¬ tuá»³ há»"
"Äi cáº§n cÃ³ hÆ°á»›ng dáº«n viÃªn Ä‘á»ƒ hiá»ƒu rÃµ di tÃ­ch vÃ  lá»‹ch sá»­, náº¿u khÃ´ng cháº£ cÃ³ gÃ¬ Ä‘Ã¡ng coi. TÃ¬m hiá»ƒu thÃªm vá» HÃ n Máº¡c Tá»­ vÃ  cuá»™c Ä‘á»i Ã´ng."
"Äá»“ uá»‘ng okie view Ä‘áº¹p xen káº½ lÃ  vÃ i bá»‹ch ni lÃ´ng cá»§a cÃ¡c báº¡n thiáº¿u Ã½ thá»©c,"
"Khung cáº£nh sáº¡ch Ä‘áº¹p vÃ  ráº¥t dá»… dÃ ng khÃ¡m phÃ¡ nhá»¯ng Ä‘á»‹a Ä‘iá»ƒm cá»§a khu, quÃ¡n trong khu cÃ³ vá»‹ trÃ­ Ä‘áº¹p, nhiá»u lá»±a chá»n Ä‘á»ƒ check-in áº£nh Ä‘áº¹p..CÃ¢u chuyá»‡n cáº£m Ä‘á»™ng vá» HÃ n Máº¡c Tá»­ khiáº¿n du khÃ¡ch bá»“i há»“i nhá»› vá» nhá»¯ng váº§n thÆ¡ tiÃªu biá»ƒu cá»§a Ã´ng."
"Tá»‘t lÃ m ráº¥t sáº¡ch sáº½, nhÃ¢n viÃªn nhiá»‡t tÃ¬nh, cÃ³ khá»­ khuáº©n khá»­ mÃ¹i kÃ¨o theo combo rá»­a xe 7 chá»• 90k"
"BÃ£i trá»©ng nhá», view chá»¥p hÃ¬nh táº¡m á»•n. Má»™ HÃ n Máº·c Tá»­ dÃ nh cho ngÆ°á»i yÃªu thÆ¡."
Äi bá»™ lÃªn Ä‘Ã¢y ngáº¯m bÃ¬nh minh Ä‘áº¹p. á» Ä‘Ã¢y cÃ³ quÃ¡n Äƒn sÃ¡ng view Ä‘áº¹p. CÃ³ thá»ƒ ngáº¯m bao quÃ¡t cáº£ bÃ£i biá»…n dÃ i Ä‘áº¹p
"LÃ  Ä‘á»‹a Ä‘iá»ƒm tá»‘t cho cÃ¡c tÃ­n Ä‘á»“ sá»‘ng áº£o: bÃ£i biá»ƒn Ä‘áº¹p, gÃ³c nhÃ¬n bao quÃ¡t cáº£ thÃ nh phá»‘ xinh Ä‘áº¹p, nÆ°á»›c uá»‘ng ngon. BÃªn cáº¡nh Ä‘Ã³ báº¡n ghÃ© thÄƒm má»™ HÃ n Máº·c Tá»­, mua 1 vÃ i mÃ³n quÃ  lÆ°u niá»‡m báº±ng bÃºt lá»­a. Äáº·t biá»‡t lÃ  vÃ o cá»•ng miá»…n phÃ­.ğŸ¥°ğŸ¥°"
"BÃ£i ÄÃ¡ Trá»©ng cÃ³ nhá»¯ng viÃªn Ä‘Ã¡ hÃ¬nh trÃ²n hoáº·c báº§u dá»¥c giá»‘ng trá»©ng khá»§ng long trong thá»i cá»• Ä‘áº¡i. NÆ¡i Ä‘Ã¢y ráº¥t phÃ¹ há»£p cho cÃ¡c tÃ­n Ä‘á»“ mÃª â€œtá»± sÆ°á»›ngâ€ ká»· niá»‡m. BÃ£i Ä‘Ã¡ khÃ¡ nhá», nhÆ°ng cÅ©ng Ä‘Ã¡ng Ä‘á»ƒ báº¡n tráº£i nghiá»‡m khi Ä‘áº¿n Quy NhÆ¡n. Lá»‘i vÃ o bÃ£i trá»©ng mÃ¡t máº» vÃ  cÃ²n hoang sÆ¡. 2 bÃªn Ä‘Æ°á»ng rá»£p bÃ³ng cÃ¢y vÃ  cÃ³ cÃ¡c quÃ¡n Cafe Ä‘á»ƒ báº¡n dá»«ng chÃ¢n nghá»‰ ngÆ¡i thÆ° giÃ£n. Tá»›i Ä‘Ã¢y báº¡n cÃ³ thá»ƒ gá»­i xe vÃ  Ä‘i bá»™ tham quan cÃ¡c Ä‘á»‹a Ä‘iá»ƒm liá»n ká» nhÆ° HÃ²n Chá»“ng, Äá»n thá» HÃ n Máº·c Tá»­, BÃ£i HoÃ ng Háº­u..."
"BÃ£i trá»©ng Ä‘áº§y Ä‘Ã¡, ko thÃ­ch há»£p Ä‘á»ƒ táº¯m biá»ƒn. Äi thÄƒm má»™ HÃ n Máº·c Tá»­ Ä‘i bá»™ sang ráº¥t gáº§n"
"NÃ y lÃ  khu Ä‘i tÃ­ch rá»“i nÃªn mÃ¬nh k bÃ n nhiá»u. CÃ¡c hoÌ€n Ä‘Ã¡ cÃ³ hÃ¬nh thÃ¹ trÃ²n má»‹n 1 cÃ¡ch tá»± nhiÃªn. Láº¡ Ä‘á»™c. NÃ³ náº±m trong khu GÃªÌ€nh RÃ¡ng, gá»­i xe 5k cho 1 nÆ¡i, lÃªn chá»¥p hÃ¬nh rá»“i vá» thÃ´i."
"Chá»‰ cÃ¡ch trung tÃ¢m thÃ nh phá»‘ Quy NhÆ¡n khoáº£ng hÆ¡n 2 km, bÃ£i Ä‘Ã¡ trá»©ng (bÃ£i HoÃ ng Háº­u) lÃ  Ä‘iá»ƒm Ä‘áº¿n tham quan, ngáº¯m biá»ƒn káº¿t há»£p vá»›i khÃ´ng gian cafe, Äƒn uá»‘ng ná»•i tiáº¿ng cá»§a thÃ nh phá»‘ Quy NhÆ¡n."
"Chá»— nÃ y thÃ¬ gÃ³i gá»n Ä‘i trong vÃ²ng 30 phÃºt Ä‘á»ƒ sá»‘ng áº£o , cÅ©ng chuáº©n Ä‘áº¹p vÃ  mÃ¡t máº», cÃ³ cafe, phÃ²ng á»Ÿ."
"Vá»‹ trÃ­ Ä‘áº¹p nhÆ°ng khÃ´ng khai thÃ¡c du lá»‹ch tá»‘t, má»Ÿ quÃ¡n xÃ¡ lung tung."
"Khu du lá»‹ch xuá»‘ng cáº¥p khÃ¡ nhiá»u, khi kÃ¬nh Ä‘i ráº¥t nhiá»u khu vá»±c Ä‘ang Ä‘Ã³ng cá»­a báº£o trÃ¬ sá»­a chá»¯a. BÃ£i trá»©ng khÃ¡ nhá», cáº£nh quan khÃ´ng quÃ¡ Ä‘áº·c sáº¯c, váº¯ng khÃ¡ch. NÆ¡i Ä‘Ã¢y cÃ²n cÃ³ khu tÆ°á»Ÿng niá»‡m HÃ n Máº¡c Tá»­."
"BÃ£i Ä‘áº¹p láº¯m nha má»i ngÆ°á»i. Äáº¿n Quy NhÆ¡n mÃ  khÃ´ng qua Ghá»nh RÃ¡ng TiÃªn Sa lÃ  coi nhÆ° chÆ°a Ä‘áº¿n Quy NhÆ¡n Ä‘Ã³. Cáº£nh biá»ƒn Ä‘áº¹p, Ä‘Ã¡ hÃ²n xáº¿p tá»± nhiÃªn giá»¡n Ä‘Ã¹a vá»›i tá»«ng Ä‘á»£t sÃ³ng ..."
"Äáº¹p, thÃ­ch há»£p cho nhá»¯ng báº¡n thÃ­ch táº£n bá»™ ngáº¯m cáº£nh vÃ¬ Ä‘Æ°á»ng dá»c theo bá» biá»ƒn ráº¥t mÃ¡t vÃ  thoÃ¡ng"
"Tráº£i nghiá»‡m Quy NhÆ¡n tháº­t tuyá»‡t vá»i.Phong cáº£nh Ä‘áº¹p , khÃ´ng khÃ­ trong lÃ nh.Äá»“ Äƒn Ä‘áº·t biá»‡t vÃ¹ng miá»n thÃ¬ bao ráº».DÃ¢n Ä‘á»‹a phÆ°Æ¡ng thÃ¬ hoÃ  nhÃ£"
"Äiá»ƒm ná»•i báº­t lÃ  cÃ¡c viÃªn Ä‘Ã¡ xáº¿p chá»“ng vÃ  trÃ²n trÃ²n tá»±a quáº£ trá»©ng, bÆ°á»›c lÃªn ráº¥t Ãªm chÃ¢n. Tuy nhiÃªn, bÃ£i nhá» chá»‰ Ä‘á»§ Ä‘á»ƒ chá»¥p hÃ¬nh, khÃ´ng táº¯m Ä‘Æ°á»£c."
"HÆ¡i khÃ³ Ä‘i vÃ¬ nÃ³ toÃ n Ä‘Ã¡, nhÆ°ng ráº¥t Ä‘áº¹p Ä‘á»ƒ chá»¥p áº£nh, mÃ¡t vÃ¬ cÃ³ giÃ³ biá»ƒn. NÃªn Ä‘i."
Quy NhÆ¡n part 2 ğŸ˜˜..ÄÃ¢y lÃ  khu Ghá»nh RÃ¡ng - TiÃªn Sa ná»•i tiáº¿ng vÃ  BÃ£i Ä‘Ã¡ Trá»©ng - BÃ£i táº¯m HoÃ ng Háº­u mÃ  ai Ä‘áº¿n Quy NhÆ¡n cÅ©ng Ä‘á»u ghÃ© qua. Biá»ƒn trong ThÃ nh phá»‘ chá»‰ kÃ©m Ä‘áº¹p hÆ¡n so vá»›i ngoÃ i Ká»³ Co thÃ´i chá»© cÅ©ng miÃªn man láº¯m Ã  ğŸ¥³..Check in cáº£nh lÃ  chá»§ yáº¿u nÃªn nhÆ°á»ng Ã´ng chá»“ng váº¥t váº£ leo trÃ¨o chá»¥p áº£nh lÃªn sÃ³ng ğŸ˜..Part cuá»‘i cháº¯c cháº¯n sáº½ review khÃ¡ch sáº¡n vÃ  nhá»¯ng mÃ³n Äƒn ná»•i tiáº¿ng Quy NhÆ¡n - BÃ¬nh Äá»‹nh cho ai muá»‘n Ä‘áº¿n má»™t láº§n bÃ£i trá»©ng khu du lá»‹ch ghá»nh rÃ¡ng lÃ  Ä‘á»‹a Ä‘iá»ƒm du lá»‹ch ná»•i tiáº¿ng cho khÃ¡ch trong nÆ°á»›c vÃ  khÃ¡ch nÆ°á»›c ngoÃ i lÃ  Ä‘á»‹a Ä‘iá»ƒm du lá»‹ch tham quan chá»¥p hÃ¬nh sá»‘ng áº£o ráº¥t lÃ  Ä‘áº¹p vá» thiÃªn nhiÃªn cÃ³ nhá»¯ng hÃ²n Ä‘Ã¡ náº±m gáº§n biá»ƒn nhá»¯ng hÃ²n Ä‘Ã¡ cÃ³ hÃ¬nh thÃ¹ giá»‘ng quáº£ trá»©ng nhÆ° trá»©ng Ä‘Ã  Ä‘iá»ƒu trá»©ng khá»§ng long lÃ  Ä‘á»‹a Ä‘iá»ƒm ráº¥t lÃ  Ä‘áº¹p tÃ´i ráº¥t thÃ­ch nÆ¡i nÃ y
"Bao nhiÃªu nÄƒm quay trá»Ÿ láº¡i Ä‘Ã¢y, bÃ£i trá»©ng váº«n nhÆ° váº­y, cÃ³ má»™t nÃ©t Ä‘áº¹p gÃ¬ Ä‘Ã³ buá»“n buá»“n vÃ  hoang sÆ¡ kÃ¬ láº¡..."
"Ko cÃ³ gÃ¬ Ä‘áº·c sáº¯c láº¯m, cÃ³ 1 Ã´ng chÃº báº£o vá»‡ cháº·n ko cho Ä‘i sÃ¢u vÃ o, gá»­i xe máº¥t 3k"
Check in ok. ThÄƒm Ä‘Æ°á»£c má»™ HÃ n Máº¡c Tá»­.NÃªn Ä‘i sÃ¡ng sá»›m hoáº·c chiá»u khoáº£ng 16h
"BÃ£i biá»ƒn Ä‘áº¹p, cÃ³ nÃ©t Ä‘á»™c Ä‘Ã¡o riÃªng cá»§a nÃ³, Ä‘Ã¡ng Ä‘á»ƒ chiÃªm ngÆ°á»¡ng"
RÃ¢Ìt Ä‘eÌ£p vaÌ€ laÌƒng maÌ£n phuÌ€ hÆ¡Ì£p vÆ¡Ìi caÌ baÌ£n Æ°a khaÌm phaÌ vaÌ€ chuÌ£p aÌ‰nh kyÌ‰ niÃªÌ£m
"CÅ©ng chá»‰ lÃ  1 Ã­t Ä‘Ã¡ trÃ²n nhÆ° Ä‘Ã¡ cuá»™i, to nhá» khÃ¡c nhau vÃ  khÃ´ng rá»™ng lá»›n"
"Äáº¹p mÃª há»“n khi láº¥y dc view vá» phÃ­a thÃ nh phá»‘, nháº¥t lÃ  buá»•i chiá»u"
"BÃ£i ÄÃ¡ Trá»©ng cÃ²n cÃ³ tÃªn gá»i khÃ¡c lÃ  bÃ£i HoÃ ng Háº­u vÃ¬ xÆ°a kia, Nam PhÆ°Æ¡ng HoÃ ng Háº­u - vá»£ vua Báº£o Äáº¡i - vá»‹ hoÃ ng Ä‘áº¿ cuá»‘i cÃ¹ng cá»§a triá»u Nguyá»…n tá»«ng chá»n nÆ¡i Ä‘Ã¢y lÃ m bÃ£i táº¯m riÃªng.  NgÆ°á»i dÃ¢n Ä‘á»‹a phÆ°Æ¡ng quen gá»i nÆ¡i Ä‘Ã¢y lÃ  bÃ£i HoÃ ng Háº­u cho Ä‘áº¿n táº­n bÃ¢y giá»...Tá»« Ä‘á»“i Thi NhÃ¢n - nÆ¡i cÃ³ má»™ pháº§n cá»§a thi sÄ© HÃ n Máº·c Tá»­ náº±m gáº§n bÃ£i ÄÃ¡ Trá»©ng nhÃ¬n vá» phÃ­a biá»ƒn sáº½ tháº¥y cáº£nh Ä‘áº¹p nÃªn thÆ¡ cá»§a bÃ£i Ä‘Ã¡ nÃ y."
KhÃ´ng cÃ³ gÃ¬ Ä‘áº·c biá»‡t. BÃ£i Ä‘Ã¡ nhá» Ä‘á»ƒ chá»¥t hÃ¬nh
"Cáº£nh quan ráº¥t tuyá»‡t vá»i,xá»©ng danh lÃ  bÃ£i táº¯m HoÃ ng háº­u"
"Cáº£nh Ä‘áº¹p, mÃ¡t, khÃ´ng gian thoÃ¡ng Ä‘Ã£ng. Biá»ƒn trong, tuy nhiÃªn Ä‘Ã¡ nhiá»u. NÃªn cáº©n tháº­n"
"Äáº¹p láº¯m má»i ngÆ°á»i. Sáº¡ch sáº½, nghe mÃ¹i biá»ƒn, vá»›i chill cá»±c ğŸ¥°ğŸ¥°ğŸ¥°ğŸ¥°"
BÃ£i tuy nhá» nhÆ°ng khÃ¡ áº¥n tÆ°á»£ng vÃ  Ä‘áº¹p vÃ  Ä‘iá»ƒm cá»™ng Ä‘Ã¢y lÃ  ngay trung tÃ¢m thÃ nh phá»‘!
VÃ o cá»•ng miá»…n phÃ­..BÃ£i biá»ƒn Ä‘áº¹p vá»›i giÃ³ lá»™ng mÃ¡t. CÃ³ nhiá»u hÃ²n Ä‘Ã¡ trÃ²n ráº¥t thÃº vá»‹ giá»‘ng nhÆ° nhá»¯ng quáº£ trá»©ng. Cáº£nh Ä‘áº¹p vÃ  há»¯u tÃ¬nh..CÃ³ dá»‹ch vá»¥ Äƒn uá»‘ng vÃ  cÃ³ nhiá»u cá»­a hÃ ng bÃ¡n Ä‘á»“ lÆ°u niá»‡m..HÃ£y thá»­ khÃ¡m phÃ¡.
Äáº¹p láº¯m ğŸ˜.Giá»¯ xe 5k Ä‘i choi thoáº£i mÃ¡i vui vu luÃ´n
LÃªn Ä‘Ã¢y ngáº¯m cáº£nh thÃ´i chá»© ko cÃ³ bÃ£i táº¯m.
"BÃ£i bÃ© tÃ­ k cÃ³ j, thuá»™c khu DL bá» hoang nÃªn nhÃ¬n tiÃªu Ä‘iá»u"
Beautiful. Äáº¹p láº¯m áº¡. Má»™t gÃ³c nhÃ¬n vá» phÃ­a trung tÃ¢m thÃ nh phá»‘ ráº¥t hay.
"Äi Ä‘á»ƒ biáº¿t thÃ´i, chá»© ko Ä‘áº¹p,  chá»— check in cÃ³ tÃ­ xÃ­u thÃ´i"
LÃ  má»™t nÆ¡i ráº¥t Ä‘áº¹p vá»›i nhá»¯ng phiáº¿n Ä‘Ã¡ trÃ²n Ä‘Æ°á»£c sáº¯p xáº¿p má»™t cÃ¡ch tá»± nhiÃªn! VÃ  cÃ³ cÃ¢u chuyá»‡n lá»‹ch sá»­ vá» bÃ£i táº¯m HoÃ ng Háº­u nÃ y !
Má»i ngÆ°á»i nÃªn chá»‹u khÃ³ Ä‘i sÃ¡ng sá»›m. Náº¯ng chiáº¿u máº·t nÆ°á»›c biá»ƒn láº¥p lÃ¡nh ráº¥t ráº¥t Ä‘áº¹p.
NhÃ¬n qua áº£nh ráº¥t áº£o Ä‘i thá»±c táº¿ cáº£nh bÃ¬nh thÆ°á»ng ráº¥t khÃ³ chá»¥p Ä‘c nhá»¯ng bá»©c áº£nh Æ°ng Ã½
Táº¡m á»•n. KhÃ´ng cÃ³ nhiá»u Ä‘á»‹a Ä‘iá»ƒm tham quan láº¯m
BÃ£i biá»ƒn Ä‘áº¹p nhá»¯ng viÃªn Ä‘Ã¡ trÃ²n tÆ° nhiÃªn
"KhÃ´ng Ä‘áº¹p nhÆ° giá»›i thiá»‡u. Biá»ƒn khÃ´ng sáº¡ch láº¯m, k cÃ³ Ä‘iá»ƒm check in Ä‘áº¹p"
NÃªn Ä‘áº¿n buá»•i chiá»u vÃ  thÃªm lon bia Ä‘á»ƒ ngáº¯m hoÃ ng hÃ´n
Má»™t trong sá»‘ nhá»¯ng nÆ¡i tham quan du lá»‹ch táº¡i Quy NhÆ¡n
nÃ³i tháº­t lÃºc trÆ°á»›c tÃ´i khÃ´g phÃ¢n biá»‡t Ä‘Æ°á»£c ghá»nh rÃ¡ng bÃ£i trá»©ng vÃ  bÃ£i táº¯m hoÃ ng háº­u nha. VÃ¬ nÃ³ náº±m káº¿ sÃ¡t nhau chá»© khÃ´ng xa xÃ´i gÃ¬ vÃ  cáº£nh tÆ°á»£ng cÅ©n nhÆ° nhau vá»›i cÃ¡c hÃ²n Ä‘Ã¡ hÃ¬nh trÆ°á»ng nhÆ°ng Ä‘á»ƒ Ã½ vÃ  biáº¿t nhÃ¬n thÃ¬ tháº­t sá»± nÃ³ khÃ¡c nhau vá» Ä‘Æ°á»ng Ä‘i xuá»‘ng Ä‘á»“ng thá»i lÃ  chá»— gÃ³c nhÃ¬n mÃ  thÃ´i. Ã€ cáº£ vá» diá»‡n tÃ­ch hai nÆ¡i khÃ¡c nhau ná»¯a chá»© cÃ²n láº¡i cháº£ cÃ³ gÃ¬ khÃ¡c nhau cáº£ cáº£ nhÃ  áº¡..nhÆ°ng vá» pháº§n mÃ¬nh thÃ¬ tháº¥y Ä‘i hai chá»— nÃ y chá»— nÃ o cÅ©ng nguy hiá»ƒm háº¿t hehe Ã½ nÃ³i lÃ  Ä‘i khÃ´ng cáº©n tháº­n lÃ  bá»‹ trÆ°á»£t chan liá»n Ã¡.:D vÃ  chá»— bÃ£i tÄƒma hoÃ ng háº­u thÃ¬ xuá»‘ng táº¯m Ä‘Æ°á»£c cÃ²n bÃ£i trá»©ng thÃ¬ khÃ´g nhÃ© :) Ä‘Ã¡ nhiá»u láº¯m cáº©n tháº­n liá»u áº¡
"gÆ°Ì‰i xe 6k, Ä‘i bÃ´Ì£ 200m tÆ¡Ìi 1 lÃ´Ìi nhoÌ‰ xiÌu xuÃ´Ìng maÌƒi Ä‘aÌ trÆ°Ìng ko coÌ giÌ€ thuÌ viÌ£, ko tÄƒÌm biÃªÌ‰n Ä‘Æ°Æ¡Ì£c, Ä‘aÌ chÃ´ng chÃªnh ko phaÌ‰i baÌƒi biÃªÌ‰n, xung quan Ä‘oÌ laÌ€ nhaÌ€ thÆ¡Ì€ Ä‘aÌ vaÌ€ lÄƒng mÃ´Ì£ HaÌ€n MaÌ£c TÆ°Ì‰."
Cafe thÆ° giáº£n nhÃ¬n vá» trung tÃ¢m thÃ nh phá»‘ ráº¥t Ä‘áº¹p.
Khu du lá»‹ch nÃ y cÃ³ 1 quÃ¡n cafe veiw biá»ƒn cá»±c Ä‘áº¹p. Náº±m bÃªn cáº¡nh bÃ£i táº¯m hoÃ ng háº­u. Uá»‘ng cafe vÃ  Äƒn sÃ¡ng xong thÃ¬ Ä‘i bá»™ xuá»‘ng chá»¥p hÃ¬nh luÃ´n.
"Sáº½ Ä‘áº¹p hÆ¡n nhiá»u náº¿u báº¡n Ä‘áº¿n Ä‘Ã¢y vÃ o buá»•i sÃ¡ng, vÃ o má»™t ngÃ y trá»i Ä‘áº¹p"
"khu du lá»‹ch tiá»m nÄƒng, náº¿u quy hoáº¡ch vÃ   cháº¯c cháº¯n Ä‘Ã¢y lÃ  Ä‘á»‹a Ä‘iá»ƒm ráº¥t hÃºt khÃ¡ch"
"VÃ o miá»…n phÃ­, cáº£nh Ä‘áº¹p. NhÃ¬n xa view thÃ nh phá»‘. Náº¿u Ä‘i sau 5pm thÃ¬ ko Ä‘Æ°á»£c cháº¡y xe mÃ¡y tháº³ng vÃ o mÃ  pháº£i gá»­i trÆ°á»›c cá»•ng (5k/c)."
"NÆ¡i tráº£i nghiá»‡m du lá»‹ch cho cÃ¡c báº¡n tráº» vÃ  gia Ä‘Ã¬nh...NÆ¡i nÃ y cÃ³ nhá»¯ng khung cáº£nh Ä‘áº¹p Ä‘á»‘i vá»›i cÃ¢y cáº§u dÃ i nháº¥t Ä‘Ã´ng nam Ã¡...ThÃ nh phá»‘ quy nhÆ¡n nhÃ¬n tá»« bÃªn bÃ£i Ä‘Ã¡ trá»©ng hay cÃ²n gá»i lÃ  bÃ£i táº¯m hoÃ ng háº­u...Khung cáº£nh lÃ m phim nhá», áº£nh vá»›i báº¡n bÃ¨ gia Ä‘Ã¬nh ngÆ°á»i thÃ¢n...MÃ³n Äƒn thÃ¬ mÃ¬nh nghÄ© nÃªn mang theo,  Ä‘á»“ Äƒn táº¡i nhÃ  hÃ ng táº¡m Ä‘Æ°á»£c...Tá»« bÃ£i táº¯m Ä‘i ngÆ°á»£c vá» Ä‘Ã¨o cÃ³ máº¥y quÃ¡n Äƒn gÃ  Ä‘Ã´ng ba nghe Ä‘á»“n ráº¥t ngon...MÃ¬nh Ä‘i Ä‘Ãºng dá»‹p Ä‘Ã´ng quÃ¡ vÃ  cÃ³ dá»‹ch nÃªn khÃ´ng ghÃ© vÃ o."
"Tháº­t tuyá»‡t, vÃ¹ng Ä‘áº¥t mÃ  má»™t thá»i ta Ä‘Ã£ tá»«ng gáº¯n bÃ³."
á» Ä‘Ã¢y chá»‰ thÃ­ch há»£p chá»¥p hÃ¬nh  ko nÃªn táº¯m á»Ÿ Ä‘Ã¢y
"Cáº£nh Ä‘áº¹p, thoÃ¡ng mÃ¡t Ä‘á»ƒ chá»¥p áº£nh, khÃ´ng Ä‘Æ°á»£c táº¯m vÃ  khÃ´ng gian hÆ¡i nhá»!!!"
"BÃ£i Ä‘Ã¡ trá»©ng thuá»™c Khu du lá»‹ch Ghá»nh RÃ¡ng Quy NhÆ¡n vá»›i nhá»¯ng viÃªn Ä‘Ã¡ trÃ²n nháºµn nhÆ° trá»©ng chim khá»•ng lá»“, cháº¥t chá»“ng lÃªn nhau trÃªn bá» biá»ƒn. BÃ£i trá»©ng khÃ´ng rá»™ng láº¯m vÃ  khÃ´ng cÃ³ bá» cÃ¡t nhÆ°ng nÃ³ má»Ÿ ra má»™t khÃ´ng gian Ä‘áº·c sáº¯c, nháº¥t lÃ  cáº£nh máº·t trá»i lÃªn tá»« xa xa, nhá»¯ng viÃªn Ä‘Ã¡ nhÆ° Ä‘Æ°á»£c nhuá»™m mÃ u láº¥p lÃ¡nh cÃ¹ng Ã¡nh nÆ°á»›c vá»— bá» kÃ©o theo nhá»¯ng máº£ng rong rÃªu bÃ¡m lÃªn trÃªn phiáº¿n Ä‘Ã¡. BÃ£i trá»©ng ngÃ y xÆ°a khÃ´ng ná»—i tiáº¿ng láº¯m, khoáº£ng nÄƒm 1972, lÃºc Ä‘Ã³ tÃ´i chá»«ng 17 tuá»•i cÃ¹ng má»™t sá»‘ báº¡n há»c tráº» khá»e khÃ¡c Ä‘Ã£ ráº¥t khÃ³ khÄƒn Ä‘á»ƒ Ä‘áº¿n Ä‘Ã¢y, nhÆ°ng chá»‰ Ä‘á»ƒ ngáº¯m hÃ²n chá»“ng cÃ¡ch Ä‘áº¥y hÆ¡n chá»«ng trÄƒm mÃ©t thÃ´i - Má»™t táº£ng Ä‘Ã¡ Ä‘á»©ng chÆ¡i vÆ¡i Ä‘Æ¡n Ä‘á»™c giá»¯a mÃµm nÃºi, trÃ´ng cháº³ng cháº¯c cháº¯n chÃºt nÃ o áº¥y tháº¿ mÃ  váº«n tá»“n táº¡i bao Ä‘á»i rá»“i... PhÃ¡t hiá»‡n ra bÃ£i trá»©ng Ä‘áº§u tiÃªn pháº£i nÃ³i lÃ  do sá»‘ anh em thuyá»n chÃ i thÆ°á»ng xuyÃªn qua Ä‘Ã¢y, há» dÃ¹ng thuyá»n nhá» hoáº·c thuyá»n thÃºng Ä‘á»ƒ ghÃ© vÃ o, sau tiáº¿ng lÃ nh Ä‘á»“n xa thÃ¬ ngÆ°á»i ta má»›i Ä‘á»ƒ Ã½ Ä‘áº¿n vÃ  thÆ°á»ng hay leo bá»™ ra Ä‘Ã¢y Ä‘á»ƒ tá»• chá»©c du ngoáº¡n, picnic...cho Ä‘áº¿n khi (khoáº£ng 1985 ?) cÃ³ má»™t sá»‘ ngÆ°á»i bá» tiá»n cá»§a cÃ´ng sá»©c má»Ÿ lá»‘i Ä‘i phÃ­a trÃªn Ä‘á»ƒ kinh doanh hÃ ng quÃ¡n Äƒn uá»‘ng thÃ¬ má»›i thu hÃºt Ä‘Æ°á»£c nhiá»u ngÆ°á»i Ä‘áº¿n hÆ¡n, trÆ°á»›c khi thÃ nh láº­p Khu du lá»‹ch nhÆ° bÃ¢y giá»..."
"Náº±m trong khu du lá»‹ch Ghá»nh RÃ¡ng, du lá»‹ch Quy NhÆ¡n â€“ bÃ£i táº¯m HoÃ ng Háº­u Ä‘áº¹p má»™t cÃ¡ch kiÃªu sa, Ä‘Ã i cÃ¡câ€¦ nhÆ° tÃªn gá»i cá»§a nÃ³. Äáº¿n nÆ¡i Ä‘Ã¢y, báº¡n khÃ´ng chá»‰ thÃ­ch thÃº vá»›i khÃ´ng gian bÃ¬nh yÃªn, trong lÃ nh cá»§a thÃ nh phá»‘ biá»ƒn mÃ  cÃ²n Ä‘Æ°á»£c ngáº¯m nhÃ¬n hÃ ng ngÃ n viÃªn Ä‘Ã¡ khá»•ng lá»“ vá»›i nhá»¯ng hÃ¬nh dÃ¡ng Ä‘á»™c Ä‘Ã¡o, áº¥n tÆ°á»£ng vÃ  cháº¯c cháº¯n cáº£m giÃ¡c Ä‘Æ°á»£c tháº£ bÆ°á»›c vá»›i Ä‘Ã´i chÃ¢n tráº§n, thoáº¡c nháº¹ qua nhá»¯ng viÃªn Ä‘Ã¡ mÃ¡t láº¡nh sáº½ lÃ  tráº£i nghiá»‡m tuyá»‡t vá»i khÃ´ng thá»ƒ bá» qua khi ghÃ© bÃ£i táº¯m HoÃ ng Háº­u."
Cáº£nh thÃ¬ ok nhÆ°ng mÃ¬nh tháº¥y cÃ²n hoang sÆ¡ thiáº¿u nhiá»u tiá»‡n Ã­ch láº¯m
"BÃ£i Trá»©ng hay cÃ²n gá»i bÃ£i táº¯m HoÃ ng Háº­u (ngÃ y trÆ°á»›c má»—i láº§n ghÃ© Quy NhÆ¡n, Nam PhÆ°Æ¡ng hoÃ ng háº­u Ä‘á»u Ä‘áº¿n Ä‘Ã¢y táº¯m biá»ƒn) náº±m trong khu danh tháº¯ng Ghá»nh RÃ¡ng (rá»™ng 35 ha) cÃ¡ch thÃ nh phá»‘ Quy NhÆ¡n 3 km vá» phÃ­a ÄÃ´ng â€“ Nam. BÃ£i táº¯m nÃ y ghi dáº¥u vá»›i du khÃ¡ch vá»›i váº» Ä‘áº¹p cá»§a cung Ä‘Æ°á»ng biá»ƒn uá»‘n lÆ°á»£n, cÃ¡t tráº¯ng, biá»ƒn xanh vÃ  vÃ´ sá»‘ nhá»¯ng táº£ng Ä‘Ã¡ trÃ²n trá»‹a trÃªn bá»..NgoÃ i táº¯m biá»ƒn, Ä‘áº¿n Ä‘Ã¢y, báº¡n cÃ³ thá»ƒ tham quan váº» Ä‘áº¹p cá»§a Gá»nh RÃ¡ng, quáº§n thá»ƒ sÆ¡n tháº¡ch cháº¡y sÃ¡t biá»ƒn, Ä‘Ã¡ cháº¥t cháº­p chÃ¹ng thÃ nh hang, thÃ nh ráº¡ng, ghÃ© má»™ nhÃ  thÆ¡ HÃ n Máº¡c Tá»­, tÃ¬m hiá»ƒu vá» Láº§u Ã”ng HoÃ ng Ä‘Ã³ vá»›i Ãnh trÄƒng treo nghiÃªng nghiÃªng, hay xuÃ´i ra Ä‘áº£o cÃ³ tÃªn lÃ  HÃ²n Äáº¥t Bi khÃ¡m phÃ¡ nhá»¯ng hang Ä‘á»™ng ká»³ thÃº."
"Má»™t Ä‘á»‹a Ä‘iá»ƒm theo mÃ¬nh lÃ  khÃ¡ láº¡. KhÃ´ng hiá»ƒu vÃ¬ sao giá»¯a má»™t bá» biá»ƒn toÃ n Ä‘Ã¡ táº£ng to thÃ¬ cÃ³ má»™t chá»— cÃ¡c viÃªn Ä‘Ã¡ láº¡i trÃ²n trÃ²n tháº¿ nÃ y...BÃ£i khÃ¡ nhá» mÃ  Ä‘Ã´ng khÃ¡ch tham quan nÃªn ban Ä‘áº§u tá»›i tháº¥y khÃ´ng thÃ­ch láº¯m. Tuy nhiÃªn, mÃ¬nh nghÄ© cÅ©ng lÃ  chá»— Ä‘Ã¡ng xem, náº¿u nhÆ° báº¡n cÃ³ thá»ƒ tÆ°á»Ÿng tÆ°á»£ng lÃ  trÆ°á»›c máº·t báº¡n ko cÃ³ má»™t ai, chá»‰ cÃ³ má»™t bÃ£i Ä‘Ã¡ vÃ  má»™t Ä‘áº¡i dÆ°Æ¡ng."
"view siÃªuuuu Ä‘áº¹p, Ä‘á»“ Äƒn khÃ¡ ngon, nhÃ¢n viÃªn phá»¥c vá»¥ chÆ°a táº­n tÃ¬nh, khÃ´ng gian quÃ¡n hÆ¡i tá»‘i nÃªn hÆ¡i nháº¡t k cÃ³ sá»©c sá»‘ng ( bÃ¹ láº¡i view bÃ£i biá»ƒn, bÃ£i trá»©ng Ä‘o Ä‘pej quÃ¡ nÃªn tÃ¢m tráº¡ng cungc thoáº£i mÃ¡i chá»© k buá»“n nhÆ° khÃ´ng gian quÃ¡n), má»™t Ä‘iá»u lÃ  táº¡i sao k cho xe khÃ¡ch hay taxi vÃ´ mÃ  báº¯t khÃ¡ch Ä‘i bá»™ vs con Ä‘Æ°á»ng dÃ i trong khi Ä‘Ã³ mÃ¬nh Ä‘ang lÃ m du lá»‹ch?"
BÃ£i táº¯m HoÃ ng Háº­u thuá»™c vÃ o khu du lá»‹ch Ghá»nh RÃ¡ng TiÃªn Sa trong trong quy nhÆ¡n Ä‘á»©ng tá»« bÃ£i táº¯m ta cÃ³ thá»ƒ nhÃ¬n tháº¥y Quy NhÆ¡n tuyá»‡t Ä‘áº¹p á»Ÿ nÆ¡i Ä‘Ã¢y cÃ³ má»™t Ä‘iá»u Ä‘áº·c biá»‡t lÃ  nhá»¯ng hÃ²n Ä‘Ã¡ Ä‘á»u cÃ³ hÃ¬nh dáº¡ng lÃ  hÃ¬nh trÃ²n nÃªn nÆ¡i Ä‘Ã¢y cÃ²n Ä‘Æ°á»£c gá»i lÃ  bÃ£i trá»©ng Náº¿u lÃ  thá»±c khÃ¡ch du lá»‹ch hÃ£y nÃªn Ä‘áº¿n nÆ¡i Ä‘Ã¢y má»™t láº§n  Ä‘á»ƒ Ä‘Æ°á»£c chiÃªm ngÆ°á»¡ng váº» Ä‘áº¹p cá»§a khu du lá»‹ch Ghá»nh RÃ¡ng TiÃªn Sa
BÃ£i biá»ƒn Ä‘á»™c láº¡ vá»›i bá» biá»ƒn lÃ  ráº¥t nhiá»u hÃ²n Ä‘Ã¡ cuá»™i to trÃ²n nhÆ° quáº£ trá»©ng. Chá»‰ lÃ  nÆ¡i chá»¥p áº£nh chá»© khÃ´ng thá»ƒ táº¯m.
BÃ£i trá»©ng ráº¥t nhiá»u trá»©ng nhÆ°ng ko Äƒn dc
"Rá»™ng rÃ£i, view Ä‘áº¹p, nhÆ°ng quÃ¡n cafe táº¡i Ä‘Ã¢y phá»¥c vá»¥ kÃ©m, chá» Ä‘á»£i lÃ¢u,"
KhÃ´ng cÃ³ gÃ¬ Ä‘áº·c biá»‡t Ä‘ang Ä‘á»ƒ thu phÃ­. NhÆ°ng nÃªu báº¡n uá»‘ng cafe hay Äƒn á»Ÿ nhÃ  hÃ ng thÃ¬ cÃ³ chÃºt thÃº vá»‹ vá» khÃ´ng gian
"Äáº¹p, mÃ¡t thÃ­ch há»£p ngáº¯m cáº£nh, phÃ¹ há»£p ngÆ°á»i lá»›n vÃ¬ nhiá»u Ä‘Ã¡ máº¥p mÃ´ nguy hiá»ƒm Ä‘á»‘i vá»›i tráº» em lÆ°u Ã½ khi Ä‘áº¿n Ä‘Ã¢y"
"BÃ£i Ä‘Ã¡ trá»©ng Ä‘áº¹p, cÃ³ nhÃ  thÆ¡ Zdu Kha - nguiiwf giá»¯ lá»­a thÆ¡ HÃ n"
KhÃ¡ Ä‘áº¹p Ä‘á»ƒ check in nhÆ°ng khÃ³ táº¯m Ä‘c á»Ÿ Ä‘Ã¢y.
BÃ£i trá»©ng tuyá»‡t Ä‘áº¹p.NÆ¡i lÃ½ tÆ°á»Ÿng cho cáº£ nhÃ  du ngoáº¡n vui chÆ¡i cÃ¹ng vá»›i biá»ƒn
1 trong nhá»¯ng Review Ä‘áº¹p cá»§a ThÃ nh Phá»‘ Biá»ƒn Quy NhÆ¡n.*NÃªn PhÃ¡t triá»…n thÃªm vá» máº·t cÆ¡ sá»Ÿ háº¡ táº§ng
"7/2018 Sao khÃ´ng ai quan tÃ¢m Ä‘á»ƒ bÃ£i trÆ°ng tiÃªu Ä‘iá»u váº­y. NhÃ  hÃ ng Ä‘Ã³ng cá»­a, khÃ¡ch du lá»‹ch láº¥y Ä‘Ã¡ mang vá» nhÆ° váº­y Ã­t nÄƒm ná»¯a cÃ³ cÃ²n Ä‘á»ƒ Ä‘áº¿n khÃ´ng?"
Quang cáº£nh sÆ¡ sÃ i quÃ¡...nÃªn khai thÃ¡c thÃªm phÃ­a bÃªn trong nÆ¡i ngÆ°á»i dÃ¢n Ä‘i vÃ o cÃ¢u
"BÃ£i Ä‘Ã¡ nhá», cÃ³ tÃªn lÃ  bÃ£i táº¯m mÃ  ko táº¯m Ä‘Æ°á»£c vÃ¬ ko há» cÃ³ bá» cÃ¡t, toÃ n Ä‘Ã¡ ko."
"BÃ£i biá»ƒn Ä‘áº¹p, nÆ°á»›c trong, nhÆ°ng khÃ´ng Ä‘Ã¡ nÃªn táº¯m nguy hiá»ƒm."
Äáº¹p nhÆ°ng hÆ¡i nhá»..CÃ³ tráº» em nÃªn cÃ¢n nháº¯c
"Äáº¹p, trá»©ng lÃ  nhá»¯ng viÃªn Ä‘Ã¡ hÃ¬nh trÃ²n...Ä‘áº¹p Ä‘á»ƒ chá»¥p hÃ¬nh, rÃ¡c nhiá»u"
"BÃ£i Ä‘áº¹p nhÆ°ng hÆ¡i nhá», miá»…n phÃ­ tham quan"
"BÃ£i biá»ƒn Ä‘áº¹p, cÃ³ nhiá»u Ä‘Ã¡ trÃ²n nhÆ° trá»©ng ráº¥t Ä‘á»™c Ä‘Ã¡o."
Cáº£nh Ä‘áº¹p nhÆ°ng nhÃ  hÃ ng hoÃ ng háº­u phá»¥c vá»¥ tá»‡ quÃ¡
khÃ´ng gian yÃªn tÄ©nh Ä‘á»ƒ trÃ² chuyá»‡n xáº£ tress ngáº¯m cáº£nh táº¡i thÃ nh phá»‘ Qui NhÆ¡n
"Sáº¡ch, Ä‘áº¹p, chá»¥p hÃ¬nh táº¡i bÃ£i Ä‘Ã¡ trá»©ng Ä‘áº¹p."
"QuÃ¡ Ä‘áº¹p, chiá»u Ä‘áº¿n lÃ  khoáº£ng thá»i gian thÃ­ch há»£p nháº¥t"
vá»‹ trÃ­ Ä‘áº¹p nhÃ¬n ra biá»ƒn nhÆ°ng cÅ©ng khÃ´ng cÃ³ gÃ¬ ná»•i báº­t...
"Cáº§n Ä‘áº§u tÆ° thÃªm lá»‘i Ä‘i xuá»‘ng, vÃ  Ä‘áº§u tÆ° quang cáº£nh."
"Chá»‰ má»™t gÃ³c nhá» hÆ°á»›ng ra biá»…n, ráº¥t láº¡ vÃ  Ä‘áº¹p"
"Cháº¥p nháº­n Ä‘Æ°á»£c, chá»— Ä‘áº­u xe chÆ°a thuáº­n lá»£i"
Tháº­t Ä‘áº¹p vÃ  thoÃ¡ng mÃ¡t sáº¡ch sáº½ vÃ  trong lÃ nh
bÃ£i Ä‘Ã¡ Ä‘áº¹p nhÆ°ng bÃªn trÃªn cÃ²n nhiá»u bÃ£i rÃ¡c
KhÃ´ng khÃ­ mÃ¡t cáº£nh Ä‘áº¹p nhÆ°ng cÃ³ nhiá»u rÃ¡t
"Tuyá»‡t tÃ¡c cá»§a thiÃªn nhiÃªn, biá»ƒn xanh náº¯ng vÃ ng"
"Tuyá»‡t vá»i, Ä‘Ãºng nghÄ©a Ä‘en theo tá»« ngá»¯ Viá»‡t Nam"
Nhá»¯ng hÃ²n Ä‘Ã¡ hÃ¬nh quáº£ trá»©ng nhÆ°ng ráº¥t to.
"YÃªn bÃ¬nh, giÃ³ thoáº£ng, biá»ƒn xanh, cÃ¡t má»‹n.Ãt ngÆ°á»i, khÃ´ng rÃ¡c, sáº¡ch sáº½.NÆ°á»›c khÃ´ng trong nhÆ° Ká»³ Co nhÆ°ng mÃ u nÆ°á»›c lÃªn váº«n Ä‘áº¹p"
"Do Ä‘Ã£ gáº¯n vá»›i tiáº¿ng bá»‡nh viá»‡n phong Quy NhÆ¡n nÃªn khÃ¡ nhiá»u ngÆ°á»i e ngáº¡i khÃ´ng dÃ¡m tá»›i Ä‘Ã¢y, tuy nhiÃªn bÃ£i táº¯m á»Ÿ Ä‘Ã¢y ráº¥t sáº¡ch sáº½ vÃ  yÃªn tÄ©nh, nÆ°á»›c biá»ƒn cÅ©ng ráº¥t trong ná»¯a"
"(Báº£n dá»‹ch cá»§a Google) NgÃ´i lÃ ng xinh Ä‘áº¹p vÃ  Ä‘áº¹p Ä‘áº½ nÃ y giá»‘ng nhÆ° má»™t viÃªn thá»i gian ráº¥t yÃªn bÃ¬nh vÃ  nhá» bÃ©, ráº¥t Ä‘Ã¡ng Ä‘á»ƒ ghÃ© thÄƒm..(BÃ i Ä‘Ã¡nh giÃ¡ gá»‘c).This beautiful and pintoresque village is like a very peaceful and small time capsule, it's worth to be visited"
"Biá»ƒn cá»±c trong, sáº¡ch. SÃ¢u táº§m 2,5m, cÃ³ thá»ƒ nhÃ¬n rÃµ san hÃ´ bÃªn dÆ°á»›i. GiÃ¡ cÅ©ng khÃ¡ á»•n, náº¿u chá»‰ Ä‘i thuyá»n ra thÃ¬ 70k, ngáº¯m san hÃ´ 10k, thuÃª thuyá»n sup 200k, chÆ¡i cano 200k, thuyá»n chuá»‘i 100k/ ngÆ°á»i. Náº¿u Ä‘i Ä‘Ã´ng thÃ¬ cÃ³ thá»ƒ thuÃª thuyá»n chuá»‘i, cá»±c vui. DÃ¢n quanh Ä‘Ã³ vÃ  chá»§ bÃ¨ ráº¥t hiá»n, vui tÃ­nh."
"Äi ca nÃ´ chá»‰ nÄƒm phÃºt lÃ  Ä‘áº¿n bá» giÃ¡c cáº£ 300.000 trá»n gÃ³i má»™t ngÆ°á»i gá»“m cÃ³ tÃ¡m mÃ³n Äƒn tÃ´m luá»™c, á»c vÃº nÃ ng hÃ o nÆ°á»›ng bÃ¡nh xÃ¨o , ná»­a con cÃ¡ chÃ©m, má»™t tÃ´ chÃ¡o hÃ o nhÃ¬n chung Ä‘áº¡t yÃªu cáº§u ngá»“i trÃªn CÃ¡i BÃ¨ ná»•i Äƒn xong tÃ u Ä‘Æ°a vÃ´ bá» trá»Ÿ láº¡i hÃ²n khÃ´ Ä‘ang xÃ¢y dá»±ng chÆ°a cÃ³ Ä‘i láº¡i quanh Ä‘áº£o Ä‘Æ°á»£c"
"Tour giá»›i thiá»‡u HÃ²n KhÃ´ ghÃª gá»›m tháº¿ nÃ o, xong Ä‘áº¿n Ä‘Ã¢y cáº£m tháº¥y nhe bá»‹ lá»«a Ä‘áº£o ğŸ¤§ğŸ¤§ğŸ¤§ Cáº§u gá»— Ä‘Ã¢u ko tháº¥y, máº¥y hÃ ng nÆ°á»›c dá»±ng táº¡m lÃªn buÃ´n bÃ¡n, rÃ¡c quÃ¡ trá»i rÃ¡c, bÃ£i biá»ƒn dÆ¡ vÃ¬ dáº§u, biá»ƒn thÃ¬ trong mÃ  cÃ³ Ä‘Ã¡ ngáº§m hay rÃ¡c xÃ¢y dá»±ng táº¯m xÃ©m Ä‘á»©t chÃ¢n ğŸ¥µ"
"NÆ°á»›c ráº¥t trong, Ã½ thá»©c ngÆ°á»i dÃ¢n vá» vá»‡ sinh chÆ°a tá»‘t, nÃªn giá»¯ gÃ¬n Ä‘á»ƒ cÃ³ má»™t bÃ£i táº¯m Ä‘áº¹p"
"cÃ¡ch Ä‘Ã¢y 6 nÄƒm Ä‘Ã£ tá»›i vÃ  tráº£i nghiá»‡m, sáº¡ch sáº½ háº£i sáº£n tÆ°Æ¡i ngon,giÃ¡ á»•n dá»‹ch vá»¥ du lá»‹ch cÃ²n háº¡n cháº¿ nhiá»u máº·t, hy vá»ng bÃ¢y giá» Ä‘Ã£ tá»‘t hÆ¡n nhiá»u"
"BÃ£i biá»ƒn Ä‘áº¹p, hoang vu, dá»‹ch vá»¥ tÆ°Æ¡ng Ä‘á»‘i ráº», cÃ³ thá»ƒ láº·n Ä‘á»ƒ ngáº¯m cáº£nh dÆ°á»›i biá»ƒn."
"Biá»ƒn nhiá»u cÃ¡, nÆ°á»›c biá»ƒn trong xanh, báº¡n cÃ³ thá»ƒ cÃ¢u cÃ¡ ná»¥c, cÃ¡ thá»­ng cÃ¡ ngá»«... giÃ¡ ráº¥t ok"
"Biá»ƒn sáº¡ch Ä‘áº¹p.Háº£i san tÆ°Æ¡i sá»‘ng, ngon.NgÆ°á»i dÃ¢n nhiá»‡t tÃ¬nh..Hiá»‡n táº¡i Ä‘ang cÃ³ cÃ´ng trÃ¬nh xÃ¢y dá»±ng nÃªn hÆ¡i bá»«a bá»™n!"
"BÃ£i táº¯m sáº¡ch, biá»ƒn nÃ´ng vÃ  an toÃ n. Háº£i sáº£n tÆ°Æ¡i ngon. GiÃ¡ hÆ¡i cao xÃ­u."
"ÄÆ°á»ng Ä‘i vÃ o hÆ¡i chÃ´ng gai. Tá»›i nÆ¡i thÃ¬ tuyá»‡t vá»i. BÃ£i biá»ƒn sáº¡ch Ä‘áº¹p. Má»i ngÆ°á»i á»Ÿ quanh vÃ¹ng Ä‘á»u Ã½ thá»©c giá»¯ gÃ¬n bÃ£i biá»ƒn xanh, sáº¡ch & Ä‘áº¹p."
"NÆ¡i tuyá»‡t Ä‘áº¹p, á»Ÿ Ä‘Ã¢y cÃ³ cÃ¡c nhÃ  hÃ ng háº£i sáº£n ná»•i trÃªn nhÃ  bÃ¨. Äáº¿n Ä‘Ã¢y cÃ³ cÃ¡c dá»‹ch vá»¥ Äƒn uá»‘ng vui chÆ¡i thá»a thÃ­ch. VÃ  Ä‘áº·c biá»‡t ngáº¯m nhá»¯ng ráº¡ng san hÃ´ tuyá»‡t Ä‘áº¹p dÆ°á»›i Ä‘Ã¡y Ä‘áº¡i dÆ°Æ¡ng"
"CÃ¢y cáº§u gá»— Ä‘á»ƒ check in Ä‘ang bá»‹ dá»¡ bá» vÃ¬ há» Ä‘ang lÃ m cÃ´ng trÃ¬nh khÃ¡c lá»›n hÆ¡n, khÃ´ng biáº¿t tÆ°Æ¡ng lai cÃ³ cÃ²n lÃ m láº¡i cáº§u gá»— hay khÃ´ng. NÃ³i chung biá»ƒn Ä‘áº¹p nhÆ°ng khÃ´ng sáº¡ch do dÃ¢n há» quÄƒng rÃ¡c vÃ´ tá»™i váº¡. Phong cÃ¡ch phá»¥c vá»¥ ngoÃ i Ä‘áº£o váº«n bá»‹ tÃ¬nh tráº¡ng chÃ¨o kÃ©o vÃ  lá»«a tiá»n á»Ÿ bá»™ mÃ´n cano nÆ°á»›c, nÃªn cáº©n tháº­n...Äáº·c biá»‡t: san hÃ´ Ä‘Ã£ cháº¿t háº¿t, ráº¥t ráº¥t xáº¥u, buá»“n Æ¡i lÃ  buá»“n."
"CÃ³ nhÃ  bÃ¨ khÃ¡ á»•n, dá»‹ch vá»¥ trá»n gÃ³i giÃ¡ ráº»"
TrÃªn cáº£ tuyá»‡t vá»i.Tour hÃ²n khÃ´ 280k bao gá»“m cano + táº¯m + Äƒn trÆ°a
"Táº¡m Ä‘Æ°á»£c, háº£i sáº£n trÃªn bÃ¨ giÃ¡ Ä‘áº¯t nhÆ°ng ai muá»‘n Äƒn tÆ°Æ¡i thÃ¬ pháº£i chá»‹u. VÃ¬ con nÃ o cÅ©ng cÃ²n bÆ¡i lá»™i tung tÄƒng, khÃ¡ch chá»‰ con nÃ o há» báº¯t con Ä‘Ã³ lÃ m mÃ³n Äƒn táº¡i chá»—"
"HÃ²n KhÃ´ nhá», cÃ¡c tour Ä‘ang khai thÃ¡c nhiá»u nÃªn cÅ©ng Ä‘Ã´ng, pháº£i Ä‘á»©ng xáº¿p hÃ ng Ä‘á»ƒ chá» chá»¥p áº£nh trÃªn cáº§u. Chá»‰ cÃ³ má»—i chá»— cáº§u nhá» nhá» Ä‘Ã³ Ä‘á»ƒ sá»‘ng áº£o"
"Biá»ƒn Ä‘áº¹p vÃ  xanh trong, tuy nhiÃªn giá» lÃ m du lá»‹ch dá»‹ch vá»¥ nhiá»u quÃ¡, phÃ¡ cáº§u Ä‘á»ƒ xÃ¢y dá»±ng khu du lá»‹ch."
"NÆ°á»›c trong,láº·ng sÃ³ng,30 k 1 trÃ¡i dá»«a.cÃ³ dá»‹ch vá»¥ motor nÆ°á»›c 200k 1 vÃ²ng,bÃ¨ chuá»‘i 50 k 1 ngÆ°á»i, láº·n san hÃ´,tá»« Ä‘Ã¢y cÃ³ thá»ƒ thuÃª cano Ä‘i ká»³ co táº¯m biá»ƒn luÃ´n. CÃ³ nhiá»u nhÃ  bÃ¨ Äƒn uá»‘ng, giÃ¡ cÅ©ng há»£p lÃ½"
"Lá»±a chá»n tiáº¿p theo sau Ká»³ Co vÃ  Eo GiÃ³.HÃ²n KhÃ´ vÃ¬...khÃ´ queo vÃ  kg cÃ³ cÃ¢y cá»‘i gÃ¬ trÃªn Ä‘áº£o cáº£! :).Biá»ƒn ráº¥t trong, nÆ°á»›c mÃ¡t láº¡nh trong ngÃ y hÃ¨ nÃ³ng ná»±c..BÃ¨ háº£i sáº£n tÆ°Æ¡i, giÃ¡ há»£p lÃ½..CÃ³ máº·t á»Ÿ Ä‘Ã¢y lÃºc 4:30 chiá»u lÃ  há»£p lÃ½, sáº½ vá»«a táº¯m biá»ƒn vá»«a ngáº¯m hoÃ ng hÃ´n ráº¥t tuyá»‡t."
"Biá»ƒn ráº¥t Ä‘áº¹p, mong giá»¯ Ä‘Æ°á»£c váº½ Ä‘áº¹p hoang sÆ¡ mÃ£i vá» sau."
"ÄÃºng nhÆ° tÃªn gá»i, cÃ¡i hÃ²n ko cÃ³ cÃ¢y cá»‘i gÃ¬, khÃ´ cong, kaka. BÃ¹ láº¡i nÆ°á»›c biá»ƒn trong váº¯t, dá»‹ch vá»¥ Ä‘i kÃ¨m cÅ©ng tá»‘t. Lá»u vÃ  gháº¿ ngá»“i free, uá»‘ng nÆ°á»›c cÅ©ng Ä‘c, ko uá»‘ng cÅ©ng ko sao"
"Äáº£o gáº§n Ä‘áº¥t liá»n, Ä‘i cano ra tÃ­ táº¹o. Biá»ƒn sáº¡ch, trong váº¯t..Tuy nhiÃªn cÃ¡c dá»‹ch vá»¥ phá»¥ trá»£ chÆ°a nhiá»u. Äa pháº§n tá»± phÃ¡t..MÃ¬nh tháº¥y nhá»¯ng ngÆ°á»i lÃ m dá»‹ch vá»¥ cÃ³ Ã½ thá»©c vá»‡ sinh, dá»n dáº¹p chá»Ÿ vÃ o Ä‘áº¥t liá»n. Tuy nhiÃªn váº«n cÃ²n khÃ¡ch vá»©t bá» chai nhá»±a vÃ  bá»‹ch ny lÃ´ng nhiá»u trong phÃ­a cáº§u gá»—."
"Äi hÃ²n khÃ´ chÆ¡i, ko Ä‘i theo tour ra Ä‘Ã³ cÃ³ tÃ u ra bÃ¨ Äƒn nhÃ  hÃ ng táº¯m rá»¯a, mÃ¬nh ngá»§ luÃ´n á»Ÿ Ä‘Ã³, giÃ¡ cáº£ trung bÃ¬nh. Náº¿u Ä‘i tá»ur thÃ¬ táº§m 400k nhiá»u dá»‹ch vá»¥ hÆ¡n. MÃ¬nh Ä‘i nhÃ³m báº¡n nÃªn tráº£i nghiá»‡m kiá»ƒu khÃ¡c chÃºt. LÆ°u Ã½ mang theo kÃ­n bÆ¡i Ä‘á»ƒ bÆ¡i biá»ƒn vÃ  táº¯m, bÃ¨ cÃ³ Ã¡o phao"
"HÃ²n KhÃ´ nhá» gáº§n bá»,hoang sÆ¡.chá»§ yáº¿u tÄƒm biá»ƒn moto nÆ°á»›c trÆ°á»£t chuá»‘i vÃ  ngáº¯m san hÃ´.Ä‘i cano or thuyá»n ra hÃ²n khÃ´,100k/ngÆ°á»i."
"BÃ£i táº¯m Ä‘áº¹p, biá»ƒn trong váº¯t cá»±c Ä‘Ã£... má»™t bÃªn lÃ  bÃ£i cÃ¡t, cÃ³ con Ä‘Æ°á»ng Ä‘Ã¡ ngáº§m trÃªn biá»ƒn. CÃ²n trÃªn bá» thÃ¬ cÃ³ má»™t con Ä‘Æ°á»ng gá»— nhÃ¢n táº¡o Ä‘i qua bá» Ä‘Ã¡ vÃ  bá» cÃ¡t Ä‘en. Ráº¥t phÃ¹ há»£p Ä‘á»ƒ cÃ³ nhá»¯ng shot hÃ¬nh sá»‘ng áº£o ğŸ˜…..TrÃªn biá»ƒn cÃ³ ráº¥t nhiá»u trÃ² chÆ¡i, nhÆ° jetky, phao chuá»‘i hoáº·c báº¡n cÃ³ thá»ƒ thuÃª cano Ä‘i ngáº¯m san hÃ´. Náº¿u book tour táº¡i cÃ¡c nhÃ  hÃ ng, báº¡n cÃ³ má»™t buá»•i trÆ°a Ä‘áº§y Ä‘á»§ mÃ³n cÆ¡ báº£n, vÃ  cano Ä‘i vÃ²ng quanh cÃ¡c Ä‘iá»ƒm. Náº¿u Ä‘i nhÃ³m cá»¡ 10 ngÆ°á»i cÃ³ thá»ƒ tá»± liÃªn há»‡ vá»›i dÃ¢n chÃ i, sáº½ cÃ³ nhiá»u mÃ³n háº¥p dáº«n vÃ  thÃº vá»‹ hÆ¡n!!!.NgÆ°á»i dÃ¢n á»Ÿ Ä‘Ã¢y ráº¥t thÃ¢n thiá»‡n, nÃªn khÃ´ng ngáº¡i gÃ¬ nhÃ©. Cuá»‘i con Ä‘Æ°á»ng ven biá»ƒn cÃ²n cÃ³ 2 homestay, phÃ¹ há»£p cho cÃ¡c báº¡n muá»‘n sá»± yÃªn tÄ©nh!!!"
BÃ£i táº¯m Ä‘áº¹p. CÃ³ cÃ¢y cáº§u gá»— Ä‘áº¹p..Thuyá»n chá»Ÿ ra ráº» vÃ  vui tÃ­nh..CÃ³ coi Ä‘á»“ cho báº¡n khi táº¯m biá»ƒn.
"Tuyá»‡t. Biá»ƒn sáº¡ch nÆ°á»›c trong nÃ´ng, san hÃ´ Ä‘a dáº¡ng, gÃ³c sá»‘ng áº£o tuyá»‡t Ä‘áº¹p. BÃ¨ háº£i sáº£n tÆ°Æ¡i sá»‘ng giÃ¡ bÃ¬nh dÃ¢n. CÃ¡c nhÃ  phÃ  ráº¥t nhiá»‡t tÃ¬nh Ä‘Æ°a Ä‘Ã³n khÃ¡ch Ä‘i láº¡i giá»¯a cÃ¡c Ä‘iá»ƒm hÃ²n khÃ´ - láº·n san hÃ´ - nhÃ  bÃ¨ - vá» báº¿n."
"Cáº£nh Ä‘áº¹p, bÃ£i khÃ´ng táº¯m Ä‘Æ°á»£c, pháº£i Ä‘i cano ra. PhÃ¹ há»£p check in!"
"Hy vá»ng vÃ i nÄƒm ná»¯a váº«n giá»¯ nguyÃªn Ä‘Æ°á»£c nhÆ° hiá»‡n táº¡i, bá»n FLC mÃ  nÃ³ khÃ´ng dÃ²m ngÃ³ nÆ¡i Ä‘Ã¢y thÃ¬ cÃ¡c báº¡n váº«n cÃ³ thá»ƒ Ä‘Æ°á»£c má»™t nÆ¡i ngon bá»• há»£p lÃ½!"
"cho 1 sao khÃ´ng thÆ°Æ¡ng tiáº¿c áº¡, trÃªn áº£nh Ä‘áº¹p bao nhiÃªu ngoÃ i Ä‘á»i kinh biáº¿t bao nhiÃªu"
"- Äá»‹a Ä‘iá»ƒm Ä‘áº¹p Ä‘á»ƒ chá»¥p áº£nh..- NÆ°á»›c ráº¥t trong vÃ  xanh..- Pháº£i Ä‘i thuyá»n ra (CÃ¡ch khoáº£ng hÆ¡n 1km)..- CÃ³ Ä‘á»‹a Ä‘iá»ƒm cáº§u gá»— chá»¥p áº£nh Ä‘áº¹p..- Tráº£i nghiá»‡m lÃ¡i cano ráº¥t Ä‘Ã£..- Ä‚n háº£i sáº£n trÃªn thuyá»n thÆ°á»Ÿng thá»©c cáº£m giÃ¡c thÆ° thÃ¡i, Ãªm Ä‘á»m."
"LÃ  má»™t Ä‘á»‹a Ä‘iá»ƒm du lá»‹ch háº¥p dáº«n, cáº£nh quan ráº¥t Ä‘áº¹p, bÃ£i biá»ƒn sáº¡ch sáº½ ,ngÆ°á»i dÃ¢n thÃ¢n thiá»‡n , Ä‘á»“ Äƒn ngon vÃ  ráº»"
"HÃ²n KhÃ´ lÃ  Ä‘iá»ƒm du lá»‹ch ná»•i tiáº¿ng á»Ÿ NhÆ¡n Háº£i, cÃ¡ch trung tÃ¢m Quy NhÆ¡n gáº§n 20 km. Äáº£o chá»‰ cÃ¡ch lÃ ng chÃ i khoáº£ng 5 phÃºt Ä‘i canÃ´. NÆ¡i Ä‘Ã¢y Ä‘Æ°á»£c lÃ²ng du khÃ¡ch nhá» khung cáº£nh thiÃªn nhiÃªn cÃ²n hoang sÆ¡, biá»ƒn xanh trong, nhá»¯ng dÃ£y Ä‘Ã¡ nháº¥p nhÃ´. Báº¡n cÃ³ thá»ƒ tráº£i nghiá»‡m cÃ¡c dá»‹ch vá»¥ thá»ƒ thao dÆ°á»›i nÆ°á»›c nhÆ° Ä‘i tÃ u chuá»‘i, lÃ¡i mÃ´tÃ´, canÃ´ dÃ¹ kÃ©o... á» Ä‘Ã¢y cÃ³ Ã­t dá»‹ch vá»¥ Äƒn trÆ°a, náº¿u cÃ³ nhu cáº§u khÃ¡ch cáº§n Ä‘áº·t trÆ°á»›c"
"SaÌng nay vá»«a Ä‘i vá»,  chia seÌ‰ vá»›i má»i ngÆ°á»i kinh nghiÃªÌ£m cho nhá»¯ng ngÆ°á»i Ä‘i sau:..Kinh nghiá»‡m Ä‘i thuyá»n:.Option 1: combo 250k/ngÆ°Æ¡Ì€i bao gá»“m Ä‘i chuyÃªÌ‰n ra Ä‘aÌ‰o, ngÄƒÌm san hÃ´, lÃªn beÌ€ Äƒn trÆ°a 6-7 moÌn.Option 2: chiÌ‰ thue thuyá»n ra Ä‘áº£o ko Äƒn : 250k/ chuyÃªÌn ( nhaÌ€ mÃ¬nh traÌ‰ 400k xong roi mÆ¡Ìi biáº¿t dÃ¢n Ä‘á»‹a phÆ°Æ¡ng chiÌ‰ traÌ‰ 250k ).Option 3: NÃªÌu ra Äƒn tÆ° chá»n mÃ³n tai beÌ€ vaÌ€ nhÃ³m gia Ä‘Ã¬nh Ä‘Ã´ng  => thÆ°Æ¡ng lÆ°á»£ng ko traÌ‰ tiá»n thuyá»n.  Ra Ä‘ÃªÌn beÌ€ coÌ thá»ƒ tÄƒÌm tuÌ€y thÃ­ch ( nhÆ°ng ko lÄƒn Ä‘Æ°á»£c san hÃ´)..ÄiÃªÌ‰m - :.- KhÃ´ng thÃ­ch hÆ¡Ì£p cho nhoÌm gia Ä‘Ã¬nh tÄƒÌm biá»ƒn,  nghá»‰ ngÆ¡i vÃ¬ cÃ³ quaÌ nhiá»u beÌ€ haÌ‰i saÌ‰n saÌt bÃªn => caÌ‰nh quan háº¿t Ä‘eÌ£p + nhaÌ€ ve sinh trÆ°Ì£c tiáº¿p xuá»‘ng biá»ƒn.- BaÌƒi tÄƒÌm ráº¥t nhá»,  thua xa KyÌ€ Co vaÌ€ KDL Trung lÆ°Æ¡ng.- GiÃ¡ caÌ‰ dá»‹ch vuÌ£ chÆ°a niÃªm yáº¿t roÌƒ rÃ ng cho khÃ¡ch..Äiem + :.+ HaÌ‰i sáº£n Äƒn trÃªn beÌ€ ráº¥t tÆ°Æ¡i ( coÌ€n sá»‘ng trong lÃ´Ì£ng).+ GiÃ¡ cÅ©ng vá»«a pháº£i: CaÌ muÌ 500k/kg, MÆ°Ì£c laÌ sÃ´Ìng coÌ€n bÆ¡i 500-600k/kg."
"Äáº¹p nhÆ°ng khÃ¡ch du lá»‹ch vÃ  dÃ¢n chÆ°a biáº¿t giá»¯ vá»‡ sinh,xáº£ rÃ¡c nhiá»u."
Khi tá»›i nÆ¡i nÃ y cÃ¡c báº¡n nháº­t Ä‘á»‹nh pháº£i láº·n xuá»‘ng Ä‘á»ƒ ngáº¯m san hÃ´ nhÃ©. San hÃ´ á»Ÿ nÆ¡i nÃ y ráº¥t Ä‘áº¹p.
"Biá»ƒn ráº¥t Ä‘áº¹p, nhiá»u náº¯ng. ÄÃ£ sá»­ dá»¥ng dá»‹ch vá»¥ cá»§a nhÃ  hÃ ng HÆ°Æ¡ng Biá»ƒn. GiÃ¡ tour ra Ä‘áº£o HÃ²n KhÃ´ khÃ¡ ráº» (320k/ngÆ°á»i). Ä‚n uá»‘ng ráº» vÃ  ngon, ngÆ°á»i phá»¥c vá»¥ nhiá»‡t tÃ¬nh. Náº¿u cÃ³ cÆ¡ há»™i sáº½ quay láº¡i."
"HÃ²n KhÃ´, nÆ°á»›c trong veo, cÃ³ bÃ£i cáº¡n nhÃ´ lÃªn khi triá»u xuá»‘ng. NÃºi Ä‘Ã¡ khÃ´ cáº±n."
"Biá»ƒn tÆ°Æ¡ng Ä‘á»‘i Ä‘áº¹p vÃ  trong. Ráº¥t thÃ­ch. NhÆ°ng khÃ´ng cÃ³ chá»— chÆ¡i, chá»‰ cÃ³ biá»ƒn thÃ´i. HÆ¡i tiáº¿c. Thuyá»n Ä‘i qua Ä‘áº£o háº¿t 100k/ngÆ°á»i vá»«a Ä‘i vá»«a vá», chÆ¡i thoáº£i mÃ¡i rá»“i gá»i ngÆ°á»i ta qua chá»— vá»."
"DÃ¢n Ä‘á»‹a phÆ°Æ¡ng thÃ¢n thiá»‡n, Ä‘á»“ Äƒn ngon, giÃ¡ ráº», cáº£nh cÃ²n hoan sÆ¡ chÆ°a khai phÃ¡ háº¿t tranh thá»§ mÃ  phÆ°á»£t Ä‘i (2019)"
"biá»ƒn trong xanh quÃ¡ Ä‘áº¹p , Ä‘á»“ Äƒn tÆ°Æ¡i ngon , nguoi dÃ¢n nhiá»‡t tÃ¬nh , cÃ¡c trÃ² chÆ¡i nÆ°á»›c â¤ï¸â¤ï¸ğŸ˜˜ğŸ¤£ğŸ˜¶ğŸ¤ªğŸ˜ğŸ˜¶ğŸ˜ ngáº¯m hoÃ ng hÃ´n tháº­t Ä‘áº¹p ,.ğŸ˜ğŸ¤—ğŸ˜ ğŸ˜˜ğŸ˜˜ğŸ˜â¤ï¸ğŸ˜‹ğŸ˜˜ğŸ¤£â¤ï¸ğŸ˜ğŸ˜ğŸ˜ğŸ˜ğŸ˜ğŸ‘§ğŸ˜ğŸ˜ğŸ˜˜ğŸ˜˜â¤ï¸â¤ï¸â¤ï¸â¤ï¸â¤ï¸â¤ï¸â¤ï¸â¤ï¸â¤ï¸â¤ï¸â¤ï¸â¤ï¸â¤ï¸â¤ï¸â¤ï¸â¤ï¸â¤ï¸â¤ï¸ğŸ˜ƒğŸ˜ƒğŸ˜ƒğŸ™„ğŸ‘§ğŸ˜­ğŸ˜­"
"Cá»±c ká»³ Ä‘áº¹p, Ä‘iá»ƒm nháº¥t Ä‘á»‹nh pháº£i Ä‘áº¿n khi Ä‘áº¿n Quy NhÆ¡n, vÃ o thÃ¡ng 11 thÃ¬ Ã­t khÃ¡ch du lá»‹ch nÃªn cÃ³ thá»ƒ sá»Ÿ há»¯u cáº£ hÃ²n Ä‘áº£o cho báº¡n chá»¥p áº£nh, táº¯m bÆ¡i thá»a thÃ­ch (tuy nhiÃªn cÃ³ thá»ƒ cÃ³ mÆ°a thÃ¬ sáº½ khÃ´ng ra Ä‘Æ°á»£c Ä‘áº£o). NgÆ°á»i dÃ¢n á»Ÿ lÃ ng chÃ i NhÆ¡n Háº£i cung cáº¥p dá»‹ch vá»¥ Ä‘Æ°a ra Ä‘áº£o nÃªn báº¡n khÃ´ng cáº§n liÃªn há»‡ vá»›i cÃ´ng ty du lá»‹ch. TrÃªn Ä‘áº£o hiá»‡n chÆ°a cÃ³ nhÃ  hÃ ng phá»¥c vá»¥ nÃªn cÃ¡c báº¡n chÆ¡i thá»i gian dÃ i nÃªn mang theo nÆ°á»›c uá»‘ng vÃ  nhá»› dá»n rÃ¡c trÆ°á»›c khi ra vá»."
"BÃ£i biá»ƒn tuyá»‡t Ä‘áº¹p, nÆ°á»›c trong veo..á» Ä‘Ã¢y cÃ³ thá»ƒ Äƒn uá»‘ng táº¡i cÃ¡c nhÃ  bÃ¨ ná»•i luÃ´n. Tuy nhiÃªn, cÃ¡c nhÃ  cung cáº¥p dá»‹ch vá»¥ cÃ³ váº» chÆ°a liÃªn káº¿t vá»›i nhau tá»‘t. NhÃ³m mÃ¬nh Ä‘áº·t tour á»Ÿ nhÃ  bÃ¨ Biá»ƒn Chiá»u, khi qua láº·n san hÃ´, cano cÅ©ng khÃ´ng háº¹n giá» Ä‘Ã³n (báº£o khÃ´ng biáº¿t). CÃ²n nhÃ  bÃ¨ san hÃ´ cÅ©ng khÃ´ng quen biáº¿t vá»›i nhÃ  bÃ¨ Ä‘á»ƒ gá»i nhá» Ä‘Ã³n. Äi láº·n san hÃ´ thÃ¬ nhÃ³m mÃ¬nh khÃ´ng ai mang Ä‘iá»‡n thoáº¡i nÃªn khÃ´ng thá»ƒ liÃªn láº¡c Ä‘á»ƒ gá»i Ä‘Ã³n. Cuá»‘i cÃ¹ng Ä‘i nhá» má»™t phao dÃ i dá»‹ch vá»¥ kÃ©o vá». ThÃ´i thÃ¬ cÅ©ng lÃ  tráº£i nghiá»‡m vui!"
Hoang sÆ¡.Ra Äƒn uá»‘ng táº¯m biá»ƒn thÃ¬ thÃ­ch.Ko cÃ³ Ä‘á»™i cá»©u há»™
"GiÃ¡ ráº», chÆ¡i cáº£ ngÃ y 200k, cano 200k/lÆ°á»£t"
"NÆ¡i tuyá»‡t Ä‘áº¹p, á»Ÿ Ä‘Ã¢y cÃ³ cÃ¡c nhÃ  hÃ ng háº£i sáº£n ná»•i trÃªn nhÃ  bÃ¨. Äáº¿n Ä‘Ã¢y cÃ³ cÃ¡c dá»‹ch vá»¥ Äƒn uá»‘ng vui chÆ¡i thá»a thÃ­ch."
NÆ°á»›c xanh váº¯t. Má»i ngÆ°á»i cÃ³ thá»ƒ láº·n ngáº¯m san hÃ´
KhÃ¡ch sáº¡n Quy NhÆ¡n HoÃ ng HÆ°ng voice google
"HÃ²n KhÃ´ lÃ  1 hÃ²n Ä‘áº£o nhá», náº±m cÃ¡ch lÃ ng chÃ i NhÆ¡n Háº£i khoáº£ng 5 phÃºt Ä‘i tÃ u cao tá»‘c hoáº·c cano (mÃ¬nh Ä‘oÃ¡n khoáº£ng 800m gÃ¬ Ä‘Ã³ tá»« Ä‘áº¥t liá»n)..Äiá»ƒm cá»™ng: NÆ°á»›c biá»ƒn cá»±c ká»³ trong, ráº¥t sáº¡ch, cÃ³ con Ä‘Æ°á»ng giá»¯a biá»ƒn chá»¥p áº£nh sá»‘ng áº£o Ä‘áº¹p. GiÃ¡ cáº£ pháº£i chÄƒng ko cháº·t chÃ©m cho dÃ¹ ngÃ y Táº¿t. ChÆ°a bá»‹ thÆ°Æ¡ng máº¡i hÃ³a nÃªn ko quÃ¡ táº£i nhÆ°ng cÅ©ng lÃ  Ä‘iá»ƒm trá»« khi dá»‹ch vá»¥ cÃ²n sÆ¡ khai..Äiá»ƒm trá»«: Dá»‹ch vá»¥ tá»± phÃ¡t tá»« cÃ¡c há»™ dÃ¢n cÃ²n sÆ¡ sÃ i vÃ  rá»i ráº¡c. GiÃ¡ cáº£ thÃ¬ cÅ©ng pháº£i chÄƒng nhÆ°ng pháº£i tráº£ láº¯t nháº¯t nÃªn cÅ©ng ko yÃªu láº¯m..GiÃ¡ cáº£:.ThuÃª tÃ u: giÃ¡ ngÃ y táº¿t 150k/ngÆ°á»i cáº£ Ä‘i vÃ  vá», thÃªm 100k chá»Ÿ ra bÃ¨ ngáº¯m san hÃ´ (cÃ¡ch Ä‘Ã³ táº§m 200m) nhÆ°ng ko cÃ³ san hÃ´ gÃ¬ cáº£ (bÃ¡c chá»§ bÃ¨ báº£o pháº£i bÆ¡i ra chá»— gáº§n vÃ¡ch Ä‘Ã¡ thÃ¬ cÃ³ san hÃ´ nhÆ°ng mÃ¬nh ko ra vÃ¬ ko cÃ³ kÃ­nh), ko pháº£i dá»‹ch vá»¥ snorkeling, chá»‰ cÃ³ máº·t náº¡, Ã¡o phao, tháº£m ná»•i, thu 10k/ng lÃªn bÃ¨ chÆ¡i bÆ¡i..Ä‚n uá»‘ng: CÃ³ khoáº£ng 4 hÃ ng bÃ¡n nÆ°á»›c trÃªn HÃ²n: nÆ°á»›c dá»«a 30k ok, trá»©ng 10k, cÃ¡c thá»©c khÃ¡c táº§m 10 20k. Ko cháº·t chÃ©m gÃ¬ cáº£..Xe mÃ¡y nÆ°á»›c Jet Ski: 200k/lÆ°á»£t 5 phÃºt. Ok.Ä‚n: Náº¿u báº¡n nÃ o muá»‘n Äƒn trÆ°a thÃ¬ pháº£i Ä‘áº·t trÆ°á»›c, cÃ³ 3 hay 4 nhÃ  bÃ¨ gáº§n Ä‘Ã³. MÃ¬nh ko Äƒn nÃªn k biáº¿t giÃ¡ cáº£ vÃ  cháº¥t lÆ°á»£ng tháº¿ nÃ o..Táº¯m nÆ°á»›c ngá»t thay quáº§n Ã¡o: 5k gÃ¬ Ä‘Ã³/láº§n"
ÄÃºng nhÆ° cÃ¡i tÃªn ra Ä‘áº£o ráº¥t nÃ³ng Ä‘Æ°á»£c cÃ¡i lÃºc láº·n ngáº¯m san hÃ´ nÃ³ má»›i thÃº vá»‹
"BÃ£i biá»ƒn sáº¡ch, nÆ°á»›c trong, sÃ³ng bÃ©, bÃ£i khÃ´ng quÃ¡ rá»™ng, cÃ³ Ä‘Æ°á»ng Ä‘i bá»™ qua biá»ƒn nhÆ°ng lÃºc nÃ o cÅ©ng ngáº­p ngang bá»¥ng. Dá»‹ch vá»¥ trÃªn biá»ƒn khÃ´ng cÃ³ gÃ¬, Äƒn uá»‘ng táº¡m bá»£ gá»i lÃ  qua bá»¯a"
"BÃ£i biá»ƒn dÃ i vÃ  Ä‘áº¹p , vá»«a cÃ³ thá»ƒ ngáº¯m nhÃ¬n nÃºi Ä‘á»“i vá»«a ngáº¯m biá»ƒn xanh . SÃ¡ng sá»›m cÃ³ thá»ƒ cháº¡y bá»™ , Ä‘i dáº¡o ngáº¯m bÃ¬nh minh, hÃ²a mÃ¬nh vÃ o tiáº¿ng sÃ³ng vá»— biá»ƒn cáº£"
"BÃ£i biá»ƒn náº±m trÃªn Ä‘Æ°á»ng XuÃ¢n Diá»‡u, gáº§n TÆ°á»£ng ÄÃ i Chiáº¿n Tháº¯ng. Chiá»u tá»‘i cÃ³ thá»ƒ Ä‘i dá»c bÃ£i biá»ƒn, ghÃ© Surf Bar ngáº¯m biá»ƒn, uá»‘ng ly cÃ  phÃª hoáº·c cocktail."
"- BÃ£i biá»ƒn sáº¡ch Ä‘áº¹p, thÃ­ch há»£p cho má»i ngÆ°á»i Ä‘i du lá»‹ch, táº¯m biá»ƒn"
"Bá» biá»ƒn sáº¡ch Ä‘áº¹p, dá»‘c thoáº£i, cáº£nh quan trÃªn bá» vá»›i hÃ ng dá»«a xanh, hÃ ng dÆ°Æ¡ng liá»…u trÃ´ng tháº­t hay...chá»‰ tiáº¿c nÆ°á»›c biá»ƒn khÃ´ng Ä‘Æ°á»£c trong xanh. SÃ¡ng sá»›m cÃ³ thá»ƒ Ä‘áº¿n Ä‘Ã¢y vá»«a táº¯m biá»ƒn vá»«a ngáº¯m cáº£nh máº·t trá»i lÃªn cÅ©ng lÃ½ thÃº..."
Biá»ƒn Ä‘áº¹p vÃ  xanh sÃ³ng biá»ƒn giÃ³ to vÃ  sÃ³ng lá»›nâ¤ï¸â¤ï¸
"Trong xanh, sáº¡ch, Ä‘áº¹p, Ä‘Ãªm cÃ ng Ä‘áº¹p... beautiful......"
BÃ£i biá»ƒn sáº¡ch sáº½ + trong veo. View khÃ¡ Ä‘áº¹p. KhÃ´ng cÃ³ nhiá»u dá»‹ch vá»¥ vui chÆ¡i. Äi nhÃ³m vÃ  cáº¯m tráº¡i thÃ¬ tá»‘t cÃ²n Ä‘i cÃ¡ nhÃ¢n hay gia Ä‘Ã¬nh khÃ¡ nháº¡t...Ai yÃªu thÆ¡ thi sÄ© HÃ n Máº·c Tá»­ thÃ¬ nÃªn Ä‘áº¿n 1 láº§n Ä‘á»ƒ tÃ¬m hiá»ƒu thi sÄ© tÃ i nÄƒng nÃ y.
"BÃ£i biá»ƒn hoang sÆ¡, thÃ­ch há»£p cho nhá»¯ng ngÆ°á»i thÃ­ch yÃªn tÄ©nh, mÃ  váº«n gáº§n thÃ nh phá»‘"
"BÃ£i biá»ƒn Ä‘áº¹p, sÃ³ng khÃ¡ máº¡nh nÃªn mÃ¬nh nghÄ© táº¯m biá»ƒn á»Ÿ Ä‘Ã¢y nÃªn cáº©n tháº­n, Ä‘á»«ng Ä‘i 1 mÃ¬nh..Chiá»u tÃ  dá»c bÃ£i biá»ƒn sáº½ tháº¥y nhiá»u nhÃ³m Ä‘i lÃªn Ä‘Ã¢y ngá»“i theo kiá»ƒu picnic, Äƒn uá»‘ng m, hÃ¡t hÃ² vá»›i nhau..Cáº£nh biá»ƒn Ä‘áº¹p."
"Biá»ƒn ráº¥t Ä‘áº¹p, sáº¡ch sáº½ tuy nhiÃªn hÆ¡i nÃ³ng náº¯ng... vÃ  khÃ´ng cÃ³ khu táº¯m trÃ¡ng láº¡i báº±ng nÆ°á»›c ngá»t. Tá»‘t nháº¥t checkin sá»‘ng áº£o hoáº·c thuÃª resort gáº§n biá»ƒn"
"Hoang sÆ¡ chÆ°a khai thÃ¡c du lá»‹ch nhiá»u, khÃ´ng gian rá»™ng rÃ£i há»©a háº¹n sáº½ phÃ¡t triá»ƒn hÆ¡n ná»¯a trong tÆ°Æ¡ng lai. CÃ³ bÃ³ng cÃ¢y xanh mÃ¡t, view biá»ƒn náº±m trÃªn cao. Gáº§n Ä‘iá»ƒm thÄƒm quan HÃ n Máº·c Tá»­ nÃªn cÃ³ thá»ƒ káº¿t há»£p"
"BÃ£i biá»ƒn náº±m trong ná»™i khu cá»§a bá»‡nh viá»‡n nÃªn sáº¡ch sáº½, Ã­t ngÆ°á»i, bÃ£i Ä‘áº¹p nhÆ°ng hÆ¡i dá»‘c."
"á» Ä‘Ã¢y cÃ³ BÃ£i XÃ©p, Ghá»nh RÃ¡ng. BÃ£i nhá», nhiá»u Ä‘Ã¡ táº£ng, nÆ°á»›c trong váº¯t tá»›i Ä‘Ã¡y, láº·n ngáº¯m ráº¥t nhiá»u cÃ¡ Ä‘áº¹p. Dá»‹ch vá»¥ dÃ¢n dÃ£, Ä‘Æ¡n sÆ¡. GiÃ¡ cáº£ Ä‘áº¯t hÆ¡n á»Ÿ TP Quy NhÆ¡n."
"Náº¿u muá»‘n nÃ³i Ä‘áº¿n bÃ£i biá»ƒn Ä‘áº¹p vÃ  sáº¡ch thÃ¬ du khÃ¡ch khÃ´ng nÃªn bá» lá»¡ bÃ£i biá»ƒn Quy HÃ²a. CÃ¡ch trung tÃ¢m thÃ nh phá»‘ khoáº£ng 3km, giÃ¡ vÃ© vÃ o cá»•ng khoáº£ng 5-10k. BÃ£i biá»ƒn rá»™ng Ä‘áº¹p, má»™t hÃ ng thÃ´ng cháº¡y dá»c theo Ä‘Æ°á»ng bÃ£i biá»ƒn nÃªn khÃ´ng khÃ­ trong lÃ nh vÃ  mÃ¡t máº», tá»• chá»©c BBQ á»Ÿ Ä‘Ã¢y lÃ  nháº¥t. Tuy nhiÃªn náº¿u du khÃ¡ch muá»‘n táº¯m biá»ƒn thÃ¬ nÃªn cáº©n tháº­n máº·c Ã¡o phao vÃ¬ á»Ÿ Ä‘Ã¢y má»±c nÆ°á»›c tuy tháº¥p nhÆ°ng cÃ³ dÃ²ng xoÃ¡y khÃ¡ nguy hiá»ƒm. CÃ²n cÃ¡c yáº¿u tá»‘ khÃ¡c Ä‘á»u ráº¥t tá»‘t."
"BIá»‚N QUY HOÃ€ - HÃ€N Máº¶C Tá»¬..BÃ£i biá»ƒn Quy HÃ²a, dÆ°á»›i chÃ¢n má»™t con dá»‘c dÃ i yÃªn tÄ©nh, xuÃ´i xuá»‘ng tá»« Ä‘Æ°á»ng QL1D (SÃ´ng Cáº§u - Quy NhÆ¡n), má»™t nÆ¡i yÃªn bÃ¬nh, dá»‹u dÃ ng vÃ  kÃ­n Ä‘Ã¡o nhÆ° má»™t gÃ³c khuáº¥t nhá» cá»§a TP Quy NhÆ¡n..Tá»« nÄƒm 1929 vá»‹ linh má»¥c ngÆ°á»i PhÃ¡p Paul Maheu Ä‘Ã£ xÃ¢y dá»±ng tráº¡i phong á»Ÿ Ä‘Ã¢y Ä‘á»ƒ táº­p há»£p chá»¯a trá»‹, nuÃ´i dÆ°á»¡ng nhá»¯ng ngÆ°á»i máº¯c bá»‡nh..NÄƒm 1932, sau khi vá»‹ linh má»¥c qua Ä‘á»i, má»™t cÆ¡n bÃ£o Ä‘i qua Ä‘Ã£ san báº±ng háº¿t nhÃ  cá»­a. Soeur Charles Antoine vÃ  ngÆ°á»i phá»¥ tÃ¡ Ä‘Ã£ gÃ¢y dá»±ng láº¡i vÃ  tiáº¿p tá»¥c sá»© má»‡nh cÆ°u mang nhá»¯ng ngÆ°á»i bá»‡nh phong..NgÃ y nay, ngoÃ i chá»©c nÄƒng y táº¿, Quy HÃ²a Ä‘Ã£ trá»Ÿ thÃ nh má»™t Ä‘á»‹a danh, má»™t Ä‘iá»ƒm du lá»‹ch ná»•i tiáº¿ng thu hÃºt khÃ¡ch du lá»‹ch tham quan..Mong má»i ngÆ°á»i Ä‘á»«ng phÃ¡ vá»¡ cáº£nh quan mÃ´i trÆ°á»ng vÃ  nháº¥t lÃ  cho xÃ¢y dá»±ng dá»± Ã¡n lÃ m thay Ä‘á»•i váº½ Ä‘áº¹p vá»‘n cÃ³ Ä‘Ã£ gáº¯n liá»n vá»›i nhÃ  thÆ¡ HÃ€N Máº¶C Tá»¬..NGUYEN THANH PHUONG, PhD.,"
"BÃ£i biá»ƒn Ä‘áº¹p, nhiá»u cÃ¢y cá»‘i  mÃ¡t máº», nÆ°á»›c biá»ƒn trong xanh, thÃ­ch há»£p cho Ä‘i pinic. Tuy nhiÃªn dÃ²ng cháº£y dá»¯, táº¯m ko nÃªn ra xa bá»."
"Äáº¿n thÃ¡ng 2 gáº·p sÃ³ng to ko táº¯m Ä‘Æ°á»£c. Tá»« thÃ¡ng 10- thÃ¡ng 3 Ã¢m lá»‹ch cÃ³ nÆ°á»›c xoÃ¡y. VÃ© vÃ o cá»•ng 10k/1 ngÆ°á»i, xe mÃ¡y 2k."
"BÃ£i biá»ƒn yÃªn tÄ©nh, dÃ i, cÃ³ nhá»¯ng hÃ ng dÆ°Æ¡ng xanh mÃ¡t, ráº¥t phÃ¹ há»£p Ä‘i picnic"
Äáº¹p thÆ° giáº£n giáº£i trÃ­ táº­n hÆ°á»Ÿng.Tháº£ há»“n vÃ o thiÃªn nhiÃªn kÃ¬ thÃº.Good good good good good
"VÃ o vÆ°á»n dá»«a chÃ¡n chÃª tá»›i khi Æ°á»›t Ä‘Å©ng quáº§n má»›i mÃ² xuá»‘ng bÃ£i Ä‘á»ƒ tÃ¬m kiáº¿m tráº£ lá»i 1 cÃ¢u há»i vÃ¬ sao má»—i Ä‘Ãªm náº±m phÆ¡i xÃ¡c ngoÃ i bÃ£i Tp nhÃ¬n phÃ­a Ä‘Ã³ tháº¥y choÃ¡ng ngá»£p Ã¡nh sÃ¡ng trÃªn máº·t biá»ƒn mÃ  nhá»¯ng Ä‘á»©a tráº» khÃ´ng cÃ²n tháº¥y rÃµ nhá»¯ng ngÃ´i sao(giá»›i khoa há»c gá»i lÃ  Ã´i nhiá»…m Ã¡nh sÃ¡ng).Má»™t bÃ­ áº©n khá»§ng khiáº¿p ná»¯a cá»§a tráº¡i Quy HÃ²a khÃ´ng ai nÃ³i ra khiáº¿n bÃ£i cÃ¡t vÃ ng Ä‘áº¹p nhÆ° mÆ¡ kÃ­ch thÃ­ch má»i con tim hoang dáº¡i cÅ©ng khÃ´ng Ä‘á»§ sá»©c lÃ´i kÃ©o há» xuá»‘ng tung tÄƒng trÃªn mÃ¡i tÃ³c tráº¯ng nhÆ° tuyáº¿t Ä‘áº¥y. Tháº¿ Ä‘Ã³, nÃ³ dÃ nh chá»n cho nhá»¯ng káº» há»£m hÄ©nh cÃ³ thÃªm 1 Ã­t Ä‘iÃªn, 1 chÃºt kiÃªu ngáº¡o vÃ  khÃ´ng cÃ³ gÃ¬ Ä‘á»ƒ máº¥t, chá»‰ cáº§n nÃ³i vá»›i nhau:â€œthÃ­ch, ok!â€ lÃ  bu xuá»‘ng vuá»‘t má»› tÃ³c rá»‘i Ä‘Ã³!.Äáº¿n ráº¥t nhiá»u láº§n rá»“i giá» má»›i Ä‘Ã¡nh giÃ¡ xin cho 5 sao, náº¿u khÃ´ng sá»£ Ä‘á»‹nh kiáº¿n thÃ¬ hÃ£y qua Ä‘Ã¢y táº¯m biá»ƒn vÃ  du lá»‹ch. BÃ£i á»Ÿ Ä‘Ã¢y ráº¥t Ä‘áº¹p sÃ³ng Ãªm Ä‘á»m vÃ  khÃ´ng sÃ¢u nhÆ° bÃ£i trong Tp, ra xa cáº£ trÄƒm mÃ©t mÃ  má»›i ngáº­p ngang tháº¯t lÆ°ng, nÆ°á»›c trong vÃ  háº§u nhÆ° khÃ´ng cÃ³ rÃ¡c. Ráº¥t yÃªn tÄ©nh mÃ¡t máº» trong lÃ nh mÃ  nhiá»u láº§n Ä‘Ã£ mang vÃµng Ä‘áº¿n náº±m ngá»§ dÆ°á»›i hÃ ng dÆ°Æ¡ng liá»…u nhá»¯ng buá»•i trÆ°a hÃ¨, tá»‰nh dáº­y buÃ´ng cáº§n cÃ¢u chÆ¡i, xáº¿ chiá»u bÆ¡i lá»™i tung tÄƒng, Ä‘Ãªm vá» vÆ¡ máº¥y cÃ nh khÃ´ ngá»“i hun thá»‹t thÃ¬ tháº­t lÃ  kinh khá»§ng khiáº¿p mÃ  nhiá»u máº¹ mÆ¡ cÅ©ng khÃ´ng ra! Táº¥t cáº£ nÃ³ lÃ  miá»…n phÃ­ nhÃ©!"
"CÃ¡ch BÃ£i trá»©ng chá»‰ má»™t quáº£ Ä‘á»“i Ä‘i vá» phÃ­a Nam lÃ  Biá»ƒn Quy HoÃ  nÃ©p mÃ¬nh cáº¡nh tráº¡i phong Quy HoÃ . Giá»‘ng nhÆ° tÃªn gá»i, biá»ƒn Quy HoÃ  trong lÃ nh vÃ  Ãªm Ä‘á»m vá»›i bá» cÃ¡t má»‹n tráº£i dÃ i ngÃ y Ä‘Ãªm Ä‘Ã¹a nghá»‹ch vá»›i con sÃ³ng nhá», nÆ°á»›c trong váº¯t vÃ  nhá»¯ng hÃ ng dÆ°Æ¡ng xanh ngÃ¡t Ä‘ung Ä‘Æ°a theo tiáº¿ng giÃ³, tiáº¿ng chim rÃ­u rÃ­t hoÃ  láº«n trong tiáº¿ng sÃ³ng táº¡o cáº£m giÃ¡c thanh bÃ¬nh vÃ  yÃªn áº£. Sau khi vui Ä‘Ã¹a vá»›i sÃ³ng, báº¡n cÃ³ thá»ƒ mua vÃ© vÃ o tham quan tráº¡i phong Quy HoÃ . TrÃ¡i vá»›i tÃªn gá»i vÃ  cÄƒn bá»‡nh, tráº¡i phong cÃ³ khÃ´ng gian thoÃ¡ng mÃ¡t, thÆ¡ má»™ng vá»›i nhá»¯ng kiáº¿n trÃºc Ä‘a dáº¡ng, cáº§u ká»³ bÃªn nhá»¯ng con Ä‘Æ°á»ng uá»‘n lÆ°á»£n, quanh co. áº¤n tÆ°á»£ng nháº¥t lÃ  má»™t vÆ°á»n tÆ°á»£ng vá»›i nhá»¯ng bá»©c tÆ°á»£ng bÃ¡n thÃ¢n Ä‘áº§y sinh Ä‘á»™ng cá»§a cÃ¡c nhÃ  khoa há»c, bÃ¡c há»c, bÃ¡c sÄ©â€¦ ná»•i tiáº¿ng trÃªn tháº¿ giá»›i."
Quy NhÆ¡n - Dá»‘c Quy HoÃ  - nhÃ  thÆ¡ HÃ n Máº·c Tá»­..BÃ£i biá»ƒn Quy HoÃ  náº±m phÃ­a nam thÃ nh phá»‘ Quy NhÆ¡n Ä‘Æ°á»£c tÃ¡ch biá»‡t bá»Ÿi nÃºi. Náº±m Ä‘á»™c láº­p táº¡i vÃ¹ng eo dá»c bá» biá»ƒn táº¡o nÃªn lá»£i tháº¿ Ä‘á»ƒ Quy HoÃ  lÃ  má»™t nÆ¡i cÃ³ khÃ­ háº­u vÃ´ cÃ¹ng thoÃ¡ng mÃ¡t. ChÃ­nh vÃ¬ váº­y á»Ÿ Ä‘Ã¢y lÃ  nÆ¡i ráº¥t tá»‘t Ä‘á»ƒ báº¡n vÃ  báº¡n bÃ¨ cá»§a mÃ¬nh lá»±a chá»n Ä‘á»ƒ cÃ³ ká»³ nghá»‰ tháº­t tuyá»‡t nhÃ¡. Äáº¿n Quy NhÆ¡n hÃ£y ghÃ© Quy HoÃ  thÄƒm má»™ HÃ n Máº·c Tá»­ báº¡n nhÃ¡.
NÆ¡i Ä‘Ã¢y má»i ngÆ°á»i cÃ³ thá»ƒ Ä‘i dÃ£ ngoáº¡i ráº¥t lÃ½ tÆ°á»Ÿng. KhÃ´ng gian ngiá»u cÃ¢y cá»‘i ráº¥t mÃ¡t máº».
"BÃ£i quy hoÃ  Ä‘a sá»‘ dÃ¢n á»Ÿ Ä‘Ã¢y táº¯m. Ráº¥t sáº¡ch vÃ  Ä‘áº¹p, vÃ  váº«n cÃ²n giá»¯ dc nÃ©t bÃ¬nh dá»‹ cá»§a dÃ¢n lÃ ng nÆ¡i Ä‘Ã¢y"
"Náº±m trong khu tráº¡i phong, biá»ƒn Ä‘áº¹p vÃ  mÃ¡t máº»"
á» cÃ¡i gÃ³c biá»ƒn á»Ÿ Quy HoÃ  nÃ y ráº¥t Ä‘áº¹p vÃ  cÃ³ nhiá»u nÆ¡i tham quan.
"TÃ´ Ä‘iá»ƒm cho Khu Bá»‡nh viá»‡n Quy HÃ²a, tuy bá» biá»ƒn khÃ´ng Ä‘Æ°á»£c Ä‘áº¹p láº¯m..."
"NÆ¡i tá»‘t Ä‘á»ƒ hiá»ƒu vá» HÃ n Máº¡c Tá»­, bá»‡nh phong.."
