"Ráº¡p nhá», Ä‘áº¹p, thiáº¿t káº¿ xinh xáº¯n, chá»— ngá»“i vÃ  Ã¢m thanh tá»‘t. NhÃ¢n viÃªn nhanh nháº¹n."
"Ráº¡p phim rá»™ng rÃ£i, gháº¿ ngá»“i tÆ°Æ¡ng Ä‘á»‘i thoáº£i mÃ¡i,"
"Ráº¡p á»•n, sáº¡ch sáº½..GiÃ¡ hÆ¡i cao so vá»›i cÃ¡c ráº¡p á»Ÿ QN"
"Ráº¡p quÃ¡ tá»‡, cháº¥t lÆ°á»£ng phim bá»‹ bÃ³p, nhá»¯ng cáº£nh tá»‘i thÃ¬ má» tá»‹t khÃ´ng tháº¥y gÃ¬, kÃ©m hÆ¡n cáº£ cháº¥t lÆ°á»£ng phim trÃªn web. Báº¯p rang thÃ¬ cÅ© vÃ  á»‰u. Sá»‘ lÆ°á»£ng phim thÃ¬ Ã­t, cháº¯c lÃ  do Ã­t ngÆ°á»i xem. ThÃ  xem phim trÃªn web cÃ²n tá»‘t hÆ¡n ra ráº¡p cgv táº¡i Ä‘Ã¢y. Tráº£i nghiá»‡m 2 láº§n Ä‘á»u nhÆ° má»™t. 2 láº§n lÃ  quÃ¡ Ä‘á»§."
"VÃ o Ä‘Ã¢y chá»§ yáº¿u lÃ  xem phim, tuy nhiÃªn gháº¿ xem phim hÆ¡i nhá», khoáº£ng cÃ¡ch hÃ ng trÆ°á»›c vÃ  hÃ ng sau háº¹p, mn Ä‘i Ä‘i vÃ o vÃ o khÃ³ khÄƒn, má»i muá»‘n váº¯t chÃ¢n cÅ©ng ko dc va vÃ o hÃ ng trÆ°á»›c cá»© lÃ m ngÆ°á»i khÃ¡c hiá»ƒu láº§m khÃ³ xá»­ ğŸ˜¬ trá»« Ä‘iá»ƒm thÃªm lÃºc ngá»“i chá» cá»© cÃ³ mÃ¡y phÃ¡t tÃ­n hiá»‡u nÃ o Ä‘Ã³ cá»© u u lÃ m ong háº¿t cáº£ Ä‘áº§u"
"HÃ´m qua mÃ¬nh ghÃ© CGV kim cÃºc plaza (Quy NhÆ¡n) Ä‘á»ƒ xem phim, chá»n gháº¿ couple. Tuy nhiÃªn khÃ´ng hiá»ƒu ráº¡p cÃ³ â€œbá»‘ trÃ­ thÃªmâ€ hÃ ng gháº¿ phÃ­a trÆ°á»›c khÃ´ng mÃ  ráº¥t cháº­t chá»™i, mÃ¬nh khÃ´ng thá»ƒ duá»—i tháº³ng chÃ¢n ra Ä‘Æ°á»£c. MÃ¬nh ngá»“i co chÃ¢n láº¡i rá»“i mÃ  ngÆ°á»i hÃ ng gháº¿ phÃ­a trÆ°á»›c há»… dá»±a vÃ o lÃ  Ä‘á»¥ng luÃ´n chÃ¢n mÃ¬nh. BÃªn cáº¡nh Ä‘Ã³, ngÆ°á»i ngá»“i trÃªn hÃ ng gháº¿ cÅ©ng che luÃ´n táº§m nhÃ¬n phÃ­a dÆ°á»›i mÃ n áº£nh rá»™ng. Äi tráº£i nghiá»‡m ráº¥t khÃ´ng thoáº£i mÃ¡i vÃ¬ co chÃ¢n suá»‘t 2 tiáº¿ng Ä‘á»“ng há»“. NgoÃ i ra Ä‘Ã¨n mÃ n hÃ¬nh khÃ¡ lÃ  tá»‘i, xem khÃ´ng Ä‘Æ°á»£c thoáº£i mÃ¡i nhÆ° á»Ÿ SÃ i GÃ²n. Mong quáº£n lÃ½ ráº¡p phim xem xÃ©t Ä‘iá»u chá»‰nh cÃ¡c váº¥n Ä‘á» trÃªn Ä‘á»ƒ khÃ¡ch hÃ ng cÃ³ tráº£i nghiá»‡m tá»‘t hÆ¡n."
"Ráº¡p cháº¥t lÆ°á»£ng tá»‘t, hÃ¬nh áº£nh vÃ  Ã¢m thanh ráº¥t tá»‘t, phong cÃ¡ch dá»‹ch vá»¥ phá»¥c vá»¥ tuyá»‡t. ÄÃ¡nh giÃ¡ 5 sao. Má»™t trong nhá»¯ng táº¡p cÃ³ tráº£i nghiá»‡m tá»‘t nháº¥t cho ngÆ°á»i xem, nhiá»u chÆ°Æ¡ng trÃ¬nh Æ°u Ä‘Ã£i ráº¥t hay. LuÃ´n luÃ´n tin tÆ°á»Ÿng vÃ  á»§ng há»™ ráº¡p.  Hy vong ráº¡p sáº½ váº­n hÃ nh vÃ  phÃ¡t triá»ƒn hÆ¡n ná»¯a trong tÆ°Æ¡ng lai. Ráº¥t thÃ­ch"
"CGV Ä‘áº§u tiá»n táº¡i BÃ¬nh Äá»‹nh, quy mÃ´ khÃ¡ nhá» vá»›i 3 phÃ²ng chiáº¿u, vÃ  Ã¢m thanh cÅ©ng chÆ°a Ä‘Æ°á»£c tá»‘t láº¯m"
"Dá»‹ch sai ngá»¯ phÃ¡p. Quáº£ng cÃ¡o lÃ¢u lÃ m ng xem thÆ°á»ng hay vÃ o muá»™n gÃ¢y khÃ³ chá»‹u, cháº¯n táº§m nhÃ¬n. Ã thá»©c khÃ´ng ra cÃ¡i gÃ¬, gÃ¡c chÃ¢n lÃªn gháº¿ ngÆ°á»i phÃ­a trÆ°á»›c. Phim R16 R18 (Ä‘iá»ƒn hÃ¬nh Deadpool) váº«n cho U10 vÃ o xem :) cháº£ hiá»ƒu gáº¯n mÃ¡c lÃ m cmj váº­y? :) nhÆ°ng Ä‘Æ°á»£c cÃ¡i nhÃ¢n viÃªn thÃ¢n thiá»‡n."
"TrÆ°á»›c Ä‘i máº¥y láº§n vá»›i ngÆ°á»i lá»›n thÃ¬ nhÃ¢n viÃªn thÃ¢n thiá»‡n, nay Ä‘i vá»›i báº¡n thÃ¬ nhÃ¢n viÃªn khÃ´ng biáº¿t lÃ  ngÆ°á»i khÃ¡c hay cÃ¹ng má»™t ngÆ°á»i mÃ  nghÄ© tá»¥i tui nhá» tuá»•i hÆ¡n rá»“i lÃ m cha lÃ m máº¹ há»i cÃ¢u nÃ o nhÄƒn nhÃ³ nÃ³i chuyá»‡n giá»ng cá»© kiá»ƒu muá»‘n nhai nuá»‘t khÃ¡ch hÃ ng, 2 Ä‘á»©a tá»©c Ã³i mÃ¡u gáº§n cháº¿t mÃ  khÃ´ng lÃ m Ä‘c gÃ¬."
"MÃ¬nh Ä‘i xem á»Ÿ ráº¡p bá»‹ gÃ³c ngá»“i xa khÃ´ng tháº¥y phá»¥ Ä‘á» nÃªn mÃ¬nh bá» ra há»i quáº§y giá» chiáº¿u khÃ¡c Ä‘á»ƒ mÃ¬nh mua vÃ© gháº¿ gáº§n xem láº¡i nhÆ°ng quÃ¡ tuyá»‡t vá»i báº¡n quáº£n lÃ½ nÃ³i Ä‘á»ƒ Ä‘á»•i cho mÃ¬nh vÃ© khÃ¡c á»Ÿ suáº¥t chiáº¿u sau. Má»™t cÃ¡ch xá»­ lÃ½ quÃ¡ tuyá»‡t vá»i luÃ´n, mÃ¬nh ráº¥t vui."
Sá»­a chá»¯a Ä‘iá»‡n Ã´ tÃ´ _ Ä‘iá»‡n láº¡nh _ tets há»™p Ä‘iá»‡n xe Má»¹
"Nv dá»… thÆ°Æ¡ng,  pv táº­n tÃ¬nh.  Ráº¡p sáº¡ch sáº½. KhÃ´ng gian  chá» cÅ©ng Ä‘áº¹p.  Xem ráº¥t thÃ­ch.  ğŸ˜ğŸ˜ğŸ˜. Má»—i tá»™i lÃªn cáº§u thang Big C Quy NhÆ¡n lÃ²ng vÃ²ng hÆ¡i má»‡t.  ğŸ˜‚ğŸ˜‚ğŸ˜‚"
KhÃ´ng gian rá»™ng rÃ£i.thoÃ¡ng mÃ¡t.mua vÃ© khÃ´ng Ä‘á»£i lÃ¢u.NhÃ¢n viÃªn vui váº»
Hiá»‡n Ä‘amg lÃ  ráº¡p cÃ³ cháº¥t lÆ°á»£ng tá»‘t nháº¥t QN. Tuy nhiÃªn giÃ¡ báº¯p nÆ°á»›c khÃ¡ cao vÃ  cháº¥t lÆ°á»£ng mÃ n hÃ¬nh kÃ©m háº³n so vá»›i ráº¡p CGV HCM
"ÄÃ¢y lÃ  láº§n Ä‘áº§u tiÃªn cáº£m tháº¥y ráº¥t khÃ³ chá»‹u khi Ä‘áº¿n CGV xem phim, ráº¥t k hÃ i lÃ²ng vÃ¬ nhÃ¢n viÃªn bÃ¡n vÃ©, há»i vÃ  chá»‘t 1 cÃ¡ch dá»“n dáº­p, nÆ°á»›c thÃ¬ k cho chá»n loáº¡i nÆ°á»›c, k há»i KH cÃ³ tháº» thÃ nh viÃªn hay k, k cÃ³ nhÃ¢n viÃªn trá»±c phÃ²ng ráº¡p, tá»± Ä‘i vÃ´ tá»± kiáº¿m chá»• ngá»“i. ğŸ˜¤"
"Ráº¡p rá»™ng, Ä‘áº¹p, phÃ²ng chá» thoáº£i mÃ¡i"
"Táº¡m váº­y, Ã¢m thanh hÆ¡i chÃ³i tai, cháº¥t lÆ°á»£ng mÃ¡y chiáº¿u cho hÃ¬nh áº£nh bÃ¬nh thÆ°á»ng"
KÃ©m cháº¥t lÆ°á»£ng . TÃ´i vÃ o siÃªu thá»‹ quÃªn Ä‘em kháº©u trang theo nÃªn ko vÃ o Ä‘k mÃ  táº¡i sao siÃªu thá»‹ khÃ´ng phÃ¡t ko trang miá»…n phÃ­ cho nhá»¯ng khÃ¡ch hÃ ng nÃ o quÃªn mang kháº©u trang chá»© cáº§n pháº£i kháº¯c phá»¥c lá»—i nÃ y . Cá»±c ká»³ tháº¥t vá»ng
"CÃ¡c anh chá»‹ nhÃ¢n viá»n vá»«a lá»‹ch sá»± vá»«a chu Ä‘Ã¡o. Ráº¡p phim rá»™ng, cháº¥t lÆ°á»£ng hÃ¬nh áº£nh, Ã¢m thanh ráº¥t tuyá»‡t, sáº¡ch sáº½ thÆ¡m tho. CÃ²n cÃ³ cáº£ nhiá»u Æ°u Ä‘Ã£i tá»‘t cho khÃ¡ch hÃ ng â¤"
"Ráº¡p náº±m trÃªn táº§ng ba cá»§a BigC Quy NhÆ¡n cÃ³ diá»‡n tÃ­ch khÃ¡ rá»™ng rÃ£i. Báº¡n cÃ³ thá»ƒ Ä‘i lÃªn báº±ng thang mÃ¡y hoáº·c thÃ¡ng cuá»‘n. NhÃ¢n viÃªn quáº§y vÃ© vui váº», nhiá»‡t tÃ¬nh. CÃ³ khu ngá»“i chá» trÆ°á»›c giá» chiáº¿u Ä‘áº¹p thoÃ¡ng, cÃ³ chá»— chá»¥p hÃ¬nh cho cÃ¡c báº¡n tráº» cÃ³ dá»‹p lÆ°u giá»¯ ká»‰ niá»‡m. Tuy nhiÃªn hÃ´m mÃ¬nh Ä‘i xem suáº¥t khuya thÃ¬ ráº¥t nÃ³ng vÃ  hÃ¬nh nhÆ° lÃ  khÃ´ng cÃ³ báº­t Ä‘iá»u hÃ²a."
"NhÃ¢n viÃªn vui váº», phÃ²ng phim sáº¡ch sáº½. NhÆ°ng váº«n khÃ´ng xá»­ lÃ½ Ä‘Æ°á»£c cÃ¡c trÆ°á»ng há»£p dÃ¹ng Ä‘iá»‡n thoáº¡i lÃ m á»“n trong lÃºc xem phim..NÃ³i chuyá»‡n gÃ¢y máº¥t tráº­t tá»± áº£nh hÆ°á»Ÿng Ä‘áº¿n ngÆ°á»i xem..KhÃ´ng táº¡o nÃªn Ã½ thá»©c ngÆ°á»i xem phim vÄƒn minh mÃ  toÃ n Ä‘Ã¡ gháº¿ ngÆ°á»i khÃ¡c."
"cÃ³ tá»•ng cá»™ng 3 ráº¡p, phá»¥c vá»¥ phim 2D vÃ  3D, ráº¡p 3D khÃ´ng áº¥n tÆ°á»£ng, Ã¢m thanh 7.1 táº¡o cáº£m giÃ¡c chÃ¢n thá»±c, cÃ³ Ä‘iá»u cÃ¡c hÃ ng gháº¿ chÃ­nh giá»¯a hay ngá»“i báº©n quÃ¡, (hÃ ng G,H), ráº¡p nhá» nÃªn khÃ³ nÃ¢ng cáº¥p lÃªn Imax"
Ráº¡p nhá». KhÃ´ng dá»… tÃ¬m. PhÃ²ng chiáº¿u sá»‘ 3 gháº¿ ngá»“i cÃ³ mÃ¹i áº©m má»‘c. Suáº¥t chiáº¿u 10h10 buá»•i sÃ¡ng thá»© 4 chá»‰ cÃ³ 6 khÃ¡ch. Bá»ng khÃ´ng nÃ³ng.
"LÃ  trung tÃ¢m mua sáº¯m lá»›n táº¡i thÃ nh phá»‘ Quy NhÆ¡n, cÅ©ng giá»‘ng nhÆ° nhá»¯ng trung tÃ¢m mua sáº¯m khÃ¡c, CGV Kim CÃºc plaza kinh doanh Ä‘a dáº¡ng cÃ¡c máº·t hÃ ng Ä‘á»ƒ ngÆ°á»i mua cÃ³ nhiá»u cÆ¡ há»™i lá»±a chá»n, cÅ©ng nhÆ° cÃ³ khu vui chÆ¡i cho tráº» em, khi áº©m thá»±c, khu mua sáº¯m, xem phim. Khi mua sáº¯m táº¡i Big C Kim CÃºc plaza ngÆ°á»i mua sáº½ Ä‘Æ°á»£c mua vá»›i giÃ¡ tháº¥p hÆ¡n nhá»¯ng trung tÃ¢m mua sáº¯m khÃ¡c táº¡i Quy NhÆ¡n. CÃ³ bÃ£i Ä‘áº­u xe, táº§ng háº§m giá»¯ xe rá»™ng rÃ£i, Ä‘áº£m báº£o an ninh."
"KhÃ´ng cÃ³ ngÆ°á»i hÆ°á»›ng dáº«n, coi nhÆ° vÃ o tá»± nhÃ¬n tá»± hiá»ƒu. Vá» phá»¥c vá»¥ táº¡m cháº¥p nháº­n"
"#Ä‘áº¯t.Dá»‹ch vá»¥ tá»‘t..Báº¯p rang bÆ¡ ngon nháº¥t trong cÃ¡c ráº¡p á»Ÿ quy nhÆ¡n..Ráº¡p 1 mÃ¡y chiáº¿u tá»‘t nháº¥t trong 3 ráº¡p..MÃ¬nh vÃ´ Ã½ Ä‘Ã¡nh rÆ¡i tÃºi tiá»n nhá» (chá»‰ cÃ³ tiá»n, khoáº£ng gáº§n 2 triá»‡u) á»Ÿ khu vá»±c mua báº¯p nÆ°á»›c hÃ´m sau Ä‘áº¿n nháº­n láº¡i Ä‘c. Äiá»ƒn cá»™ng :)"
"Hiá»‡n Ä‘áº¡i, má»›i máº», sang trá»ng. CGV luÃ´n lÃ  nÆ¡i Ä‘á»ƒ tÃ´i Ä‘áº¿n vÃ  xem nhá»¯ng bá»™ phim yÃªu thÃ­ch nhÆ° cá»§a MCU hay cÃ¡c Drama chÃ­nh ká»‹ch VN. ThÃ¡i Ä‘á»™ nv phá»¥c vá»¥ ráº¥t ok"
"Tá»‘t, phá»¥c vá»¥ táº­n tÃ¬nh, cÃ¡i mÃ¬nh bá»±c mÃ¬nh á»Ÿ Ä‘Ã¢y lÃ  thÃ¡i Ä‘á»™ cá»§a khÃ¡ch hÃ ng, Ä‘i xem phim á»Ÿ cgv toÃ n bá»‹ máº¥y ngÆ°á»i ngá»“i trÃªn gÃ¡c chÃ¢n lÃªn gháº¿ mÃ¬nh :)))"
Tá»‘t...Tuyá»‡t Vá»i...Ráº¥t thÃ­ch...Má»i thá»© Ä‘á»u ok cáº£ tá»« cÃ¡c báº¡n dáº«n dáº¯t ráº¥t nhiá»‡t tÃ¬nh...tá»‘t bá»¥ng tháº¥u hiá»ƒu cáº£m xÃºc cá»§a khÃ¡ch hÃ ng...Cáº£m tháº¥y thÃ¢n thiá»‡n khi Ä‘áº¿n nÆ¡i Ä‘Ã¢y...Cáº£m Æ¡n vÃ¬ táº¥t cáº£...
"Dá»‹ch vá»¥ tá»‘t, Ã­t ngÆ°á»i, mÃ¡t, lá»‹ch sá»±. Do lÃ  thÃ nh phá»‘ quy mÃ´ nhá» nÃªn cÃ¡c phÃ²ng chiáº¿u cÅ©ng nhá» hÆ¡n CGV cÃ¡c thÃ nh phá»‘ lá»›n. NhÆ°ng váº¯ng ngÆ°á»i cÅ©ng giÃºp báº¡n tráº£i nghiá»‡m phim tá»‘t hÆ¡n, nháº¥t lÃ  nhá»¯ng phim bom táº¥n."
NhÃ¢n viÃªn phá»¥c vá»¥ khÃ´ng tá»‘t . Tá»« bÃ¡n vÃ© Ä‘áº¿n bÃ¡n nÆ°á»›c giao tiáº¿p vá»›i khÃ¡ch hÃ ng quÃ¡ tá»‡
"CÃ³ nhiá»u phim hay tuy giÃ¡ khÃ¡ máº¯c. Thá»© TÆ° lÃ  ngÃ y ráº» nháº¥t cÃ¹ng cÃ¡c sÃ¡ng thá»© 2, 3. 3 ngÃ y cuá»‘i tuáº§n giÃ¡ cá»±c kÃ¬ máº¯c. NÃªn sáº¯p xáº¿p thá»i gian Ä‘á»ƒ sÄƒn vÃ© giÃ¡ ráº». Äáº·c biá»‡t, khi cÃ³ cÃ¡c bá»™ phim ná»•i tiáº¿ng Ä‘Æ°á»£c trÃ¬nh chiáº¿u táº¡i ráº¡p thÃ¬ sá»‘ lÆ°á»£ng vÃ© cÅ©ng háº¿t sáº¡ch nhanh chÃ³ng. Hiá»‡n ráº¡p CGV Quy NhÆ¡n Ä‘Ã£ Ä‘Ã¡nh báº i cÃ¡c ráº¡p lÃ¢u Ä‘á»i khÃ¡c táº¡i Quy NhÆ¡n nhÆ° 31/3 hay nhÃ  vÄƒn hoÃ¡ Lao Ä‘á»™ng. Tuy váº­y giÃ¡ cáº£ máº¯c cÅ©ng khiáº¿n nhiá»u ngÆ°á»i do dá»± khi vÃ o ráº¡p"
"ráº¡p Ä‘áº¹p. giÃ¡ trong tuáº§n ráº» chá»‰ 49k vÃ© xem film. bÃ n gháº¿ ngá»“i phÃ²ng chá» trá»‘ng, lá»‹ch sá»±, khÃ´ng Ä‘Æ°á»£c hÃºt thuá»‘c trong phÃ²ng chá»"
Ráº¡p thoÃ¡ng mÃ¡t rá»™ng rÃ£i mÃ  cÃ³ Ä‘iá»u vÃ´ coi phim chiáº¿u lÃºc 10h10 mÃ  10h30 ná»›i Ä‘Æ°á»£c xem 20 phÃºt xem quáº£ng cÃ¡o
"MÃ¬nh Ä‘Ã£ xem á»Ÿ Ä‘Ã¢y nhiá»u láº§n, táº¥t cáº£ Ä‘á»u ok khÃ´ng bÃ n cáº£i,  giÃ¡ cao so vá»›i stalight má»›i má»Ÿ á»Ÿ quy nhÆ¡n nhÆ°ng bÃ¹ láº¡i mÃ n hÃ¬nh rÃµ nÃ©t ráº¥t nhiá»u"
"Ráº¡p nhá», hÃ´m nÃ o Ã­t khÃ¡ch nv cháº³ng dáº«n cho khÃ¡ch vÃ o chá»—, Ä‘Æ°á»ng thÃ¬ tá»‘i, ráº¡p thÃ¬ nghe mÃ¹i áº©m, gháº¿ dÆ¡"
NhÃ¢n viÃªn chuyÃªn nghiá»‡p vui váº» nhiáº¹t tÃ¬nh. PhÃ²ng sáº¡ch sáº½. LuÃ´n cáº£m tháº¥y thoáº£i mÃ¡i khi Ä‘áº¿n Ä‘Ã¢y xem phim
"Tuyá»‡t vá»i! Coi phim trong ráº¡p tÃ¬m chá»— ngá»“i khÃ´ng biáº¿t sá»‘ trong vÃ© lÃ  chá»— nÃ o lun ,,thua Ã³"
"Táº­p trung nhiá»u nhÃ£n hÃ ng vÃ  cÃ¡c cá»­a hÃ ng dá»‹ch vá»¥ Äƒn uá»‘ng, cafe, ráº¡p chiáº¿u phim vÃ  nhiá»u gÃ³c sá»‘ng áº£o"
All good.tuy lÃ  Tttm á»Ÿ ThÃ nh phá»‘ nhá» nhÆ°ng tÃ¬m mua gÃ¬ cÅ©ng cÃ³.cÃ³ cáº£ caphe .xem phim
"NhÃ¢n viÃªn thÃ¢n thiá»‡n, ráº¡p cháº¥t lÆ°á»£ng Ã¢m thanh 7.1 vÃ  cháº¥t lÆ°á»£ng phim khÃ¡ ok"
Ráº¥t Ä‘áº¹p ráº¥t thoÃ¡ng mÃ¡t.á» chá»— lá»‘i vÃ o cÃ³ máº¥y chá»‹ security xinh Æ¡i lÃ  xinh
Phá»¥c vá»¥ tá»‘t dá»… thÆ°Æ¡ng. NhÆ°ng gháº¿ ráº¡p 1 hÃ´i quÃ¡ áº¥m tháº¥p khÃ³ chá»‹u.
Cháº¥t lÆ°á»£ng Ã¢m thanh vÃ  hÃ¬nh áº£nh tá»‘t.HÆ¡i Ã­t suáº¥t chiáº¿u vÃ¬ chá»‰ cÃ³ 3 phÃ²ng chiáº¿u.GiÃ¡ hÆ¡i cao
"NhÃ¢n viÃªn nhiá»‡t tÃ¬nh, báº¯p nÆ°á»›c ngon, anh soÃ¡t vÃ© Ä‘áº¹p trai :3"
"Cháº¥t lÆ°á»£ng tá»‘t, cÃ³ cá»§a hÃ ng Äƒn nhanh, ráº¡p chiáº¿u phim, siÃªu thá»‹ vá»›i giÃ¡ cáº£ há»£p lÃ½."
"Dá»‹ch vá»¥ tá»‘t, phá»¥c vá»¥, tÆ° váº¥n nhiá»‡t tÃ¬nh. Khu vui chÆ¡i tÆ°Æ¡ng Ä‘á»‘i Ä‘a dáº¡ng."
Má»™t nÆ¡i ráº¥t tuyá»‡t vá»i Ä‘á»ƒ mua sáº¯m cÅ©ng nhÆ° xem phim giáº£i trÃ­
khu trÃ² chÆ¡i cho em bÃ© giÃ¡ vÃ© 40k/ chÆ¡i thoáº£i mÃ¡i vÃ  phong phÃº trÃ² chÆ¡i
"nhÃ¢n viÃªn phá»¥c vá»¥ tá»‘t, tuy nhiÃªn ráº¡p hÆ¡i nhá» so vá»›i cÃ¡c thÃ nh phá»‘ lá»›n"
Dá»‹ch vá»¥ Ä‘Æ°á»£c sáº¡ch sáº½. NhÆ°ng chá»• ngá»“i ko thoáº£i mÃ¡i vÃ¬ ko tháº³ng chÃ¢n ra Ä‘c
"Dá»‹ch vá»¥ ráº¥t tá»‘t.NhÃ¢n viÃªn thÃ¢n thiá»‡n, nhiá»‡t tÃ¬nh"
TÃ²a nhÃ  tá»‘t vá» cÃ´ng nÄƒng .... vá»‹ trÃ­ Trung tÃ¢m vá» mua sáº¯m vÃ  Ä‘i láº¡i thuáº­n tiá»‡n .
"GiÃ¡ ráº», Ä‘á»“ tá»‘t, cÃ³ ráº¡p chiáº¿u phim cgv tá»‘t, nhÆ°ng shop Ä‘á»“ giÃ¡ hÆ¡i cao"
KhÃ´ng gian Ä‘áº¹p áº¥m cÃºng khung chiáº¿u rÃ´ng ....KhÃ´ng gian lÃ£ng máº¡ng.
Äá»‹a Ä‘iá»ƒm khÃ´ng thá»ƒ thiáº¿u vá»›i nhá»¯ng ngÆ°á»i yÃªu phim nhÆ° tui. 1M like
"Ráº¡p Ä‘áº¹p, nhÃ¢n viÃªn dá»… thÆ°Æ¡ng. GiÃ¡ Ä‘áº¯t!"
"SiÃªu thá»‹ lá»›n Ä‘áº§y Ä‘á»§ tiá»‡n nghi, vui chÆ¡i giáº£i trÃ­"
NhÃ¢n viÃªn dá»… thÆ°Æ¡ng. ChÄƒm sÃ³c khÃ¡ch hÃ ng tá»‘t.
NhÃ¢n viÃªn ná»¯ xinh nhÆ°ng máº·t hÆ¡i cá»¥c tÃ­
"á»”n, cÅ©ng cÃ³ 1 ráº¡p phim á»Ÿ Quy NhÆ¡n xem cho Ä‘á»¡ buá»“n."
"KhÃ´ng gian Ä‘áº¹p, nhÃ¢n viÃªn tá»‘t, Ã¢m thanh hay"
"Tuyá»‡t vá»i. Chá»¥p hÃ¬nh Ä‘áº¹p khá»i vÃ n, vÃ© ráº» nha, cháº¥t lÆ°á»£ng ráº¡p tá»‘t"
Cuá»‘i tuáº§n toÃ n Ä‘i á»Ÿ Ä‘Ã¢y phÃª há» cgv nhiá»u
"NhÆ° bao Big C khÃ¡c trÃªn VN, nhÆ°ng Ä‘iá»ƒm Ä‘áº·c biá»‡t á»Ÿ Ä‘Ã¢y lÃ  nÃ³ lÃ  cÃ¡i duy nháº¥t"
"Phong cÃ¡ch phá»¥c vá»¥ tá»‘t, phim chiáº¿u Ä‘Ãºng giá», phÃ²ng chiáº¿u tá»‘t."
"Trung tÃ¢m mua sáº¯m, cÃ³ ráº¡p CGV, cÃ³ khu vui chÆ¡i, bÃ£i giá»¯ xe rá»™ng"
KhÃ´ng cÃ³ nhiá»u phim Ä‘á»ƒ mÃ¬nh lá»±a chá»n.
"ChÃ¢Ìt lÆ°Æ¡Ì£ng phuÌ£c vuÌ£ rÃ¢Ìt tÃ´Ìt, rÃ¢Ìt thÃ¢n thiÃªÌ£n, hiÃªÌu khaÌch"
Ráº¡p sáº¡ch Ä‘áº¹p. NhÃ¢n viÃªn ráº¥t nhiá»‡t tÃ¬nh
"Trung tÃ¢m khÃ¡ rá»™ng rÃ£i, nhÃ¢n viÃªn nhiá»‡t tÃ¬nh"
"ÄeÌ£p, Ã¢m thanh tuyÃªÌ£t vÆ¡Ì€i, maÌ€n hiÌ€nh rÃ´Ì£ng, phim hay"
KhÃ´ng cáº­p nháº­t phim nhanh vÃ  nhiá»u nhÆ° thÃ nh phá»‘ lá»›n
Khu game khÃ´ng tá»‘t. NhÃ¢n viÃªn phá»¥c vá»¥ há»i há»£t. MÃ¡y game há»ng nhiá»u.
"Cáº­p nháº­t phim má»›i nhanh, dich vá»¥ tá»‘t nhÆ°ng k cÃ³ ráº¡p 3D"
"Ráº¡p dáº¡o nÃ y má»Ÿ mÃ¡y láº¡nh vá»«a pháº£i, like máº¡nh"
"Ã‚m thanh sá»‘ng Ä‘á»™ng, chá»— ngá»“i thoáº£i mÃ¡i."
Nhiá»u phim hay gháº¿ ngá»“i thoáº£i mÃ¡i khÃ´ng á»“n
"Má»i thá»© Ä‘á»u tuyá»‡t, tiá»‡n nghi sáº¡ch sáº½!"
Ã‚m thanh tá»‘t. 1 trong nhá»¯ng ráº¡p phim hay
"RaÌ£p rÃ´Ì£ng, Ä‘eÌ£p, saÌ£ch seÌƒ.VeÌ film reÌ‰ nÆ°Ìƒa"
CÅ©ng nhÆ° cgv trong vincom má»i tá»‰nh thÃ nh thÃ´i
"Cáº£m giÃ¡c áº¥m cÃºng, ná»™i tháº¥t hÆ¡i cÅ©"
Ráº¥t tá»‘t vá» Ä‘iá»ƒm nhÃ¢n viÃªn phá»¥c vá»¥
"Dá»‹ch vá»¥ táº¡m, váº¯ng khÃ¡ch nhÆ°ng hÆ¡i thiáº¿u chuyÃªn nghiá»‡p!"
Gháº¿ trong ráº¡p ngooit khÃ´ng thoáº£i mÃ¡i
NÆ¡i xem phim tá»‘t nháº¥t quy nhÆ¡n hiá»‡n táº¡i
"Äá»‹a Ä‘iá»ƒm xem phim tá»‘t, giÃ¡ hÆ¡i cao"
NÆ¡i giáº£i trÃ­ tuyá»‡t vá»i ngÃ y cuá»‘i tuáº§n cá»§a báº¡n
Phá»¥c vá»¥ tá»‘t. KhÃ´ng gian rá»™ng thoÃ¡ng
"Phim hay, Ã¢m thanh tá»‘t, hÃ¬nh áº£nh Ä‘áº¹p!"
Ráº¡p khÃ¡ tá»‘t nhÆ°ng Ã­t ráº¡p va Ã­t phim hot
"Cháº¥t lÆ°á»£ng Ã¢m thanh bÃ¬nh thÆ°á»ng, ná»™i tháº¥t Ä‘áº¹p"
CÃ²n nhiá»u cáº£i thiá»‡n vá» vá»‡ sinh
Ráº¡p chiáº¿u phim tá»‘t nháº¥t á»Ÿ Quy NhÆ¡n.
The best cinema in Quy NhÆ¡n City. ğŸ˜™
NÆ¡i báº¡n cáº£m tháº¥y thÆ° giÃ£n nháº¥t
