"Ngon, ฤแป tฦฐฦกi sแปng, giรก hแปฃp lรฝ. dแปch vแปฅ tแปt, nhรขn viรชn nhiแปt tรฌnh, dt ฤแบทc bรn sแบฝ cรณ xe ฤฦฐa rฦฐแปc. Cรกm ฦกn vรฌ trแบฃi nghiแปm tuyแปt vแปi"
"Nhร hรng ฤแบนp nhiu gรณc sแปng แบฃo mรณn ฤn oke giรก chแบฅp nhแบญn ฤฦฐแปฃc khi ฤi du lแปch , cรณ dแปp ฤi lแบกi sแบฝ ghรฉ quรกn"
Nhร hรng gแบงn biแปn view ฤแบนp vแปซa ฤn vแปซa check in vรi tแบฅm hรฌnh gia ฤรฌnh. Chแป ฤแป xe vร chแป ngแปi thoรกng mรกt riรชng tฦฐ.ฤแป ฤn ngon giรก cแบฃ cลฉng phรน hแปฃp vแปi chแบฅt lฦฐแปฃng! Cรณ dแปp sแบฝ ghรฉ lแบกi
"Hแบฃi sแบฃn tฦฐฦกi rรณi, hแบฅp hay nฦฐแปng ฤแปu vแปซa tแปi, giแปฏ ฤแป tฦฐฦกi ngแปt tแปi ฤa.Giรก cแบฃ phแบฃi chฤng, cรณ xe ฤฦฐa ฤรณn ฤแบฟn FLC miแปn phรญ ฤแบทc biแปt lร cรกc nhรขn viรชn cแปฑc kแปณ thรขn thiแปn, nhiแปt tรฌnh.Sแบฝ luรดn ghรฉ mแปi lแบงn quay lแบกi Kแปณ Co"
"Thแปฉc ฤn vแปซa miแปng, khรดng gian nhiแปu khung cแบฃnh ฤแบนp ngรy vร ฤรชm, phแปฅc vแปฅ chu ฤรกo, tแบญn tรฌnh, giรก cแบฃ bรฌnh dรขn. Khรดng gian thoรกng mรกt, sแบกch sแบฝ."
"ฤiแปm cแปng nhแบฅt lร view vร thiแบฟt kแบฟ quรกn siรชu ฤแบนp ฤแปnh, nhรขn viรชn cลฉng ฤรดng, nhiแปt tรฌnh, dแป thฦฐฦกngฤแป ฤn ngon, tฦฐฦกi, giรก hแปฃp lรญ vแปi chแบฅt lฦฐแปฃng vร decor cแปงa quรกn"
Mแปi nฤm vแบซn ฤn Hoรng Thao ฤแปa chแป cลฉ. Nฤm nay ฤn แป ฤแปa chแป mแปi thแบฅy khรดng gian ฤแบนp hฦกn. Giรก cแบฃ cลฉng cรณ vแบป ฤแบฏt hฦกn. ฤแป ฤn cลฉng khรก tฦฐฦกi. Vแบฃ nhร mรฌnh cรณ 4nl 3 trแบป hแบฟt 3.2tr
"ฦฏu ฤiแปm: quรกn sแบกch, rแปng, ฤแบนp, view ฤแบนp, nhiแปu gรณc ฤแป chแปฅp แบฃnh. Nhรขn viรชn nhiแปt tรฌnh, chu ฤรกo, khu vแปฑc lรng chรi mร phแปฅc vแปฅ nhฦฐ thแบฟ nรy thรฌ quรก ok. Thรญch hแปฃp hแบนn hรฒ, hay ฤi gia ฤรฌnh, nhรณm ฤรดng ฤแปu rแบฅt ok.Nhฦฐแปฃc ฤiแปm: ฤแบงu tiรชn lร ฤฦฐแปng vรo ngoแบฑn ngรจo, รด tรด nhแป vแบซn vรo ฤฦฐแปฃc mร hฦกi hแบนp. Mรฌnh thแบฅy ฤang cรณ lรm ฤฦฐแปng rแปng to hฦกn vรo thแบณng quรกn, chแบฏc รญt thรกng nแปฏa xong sแบฝ thuแบญn tiแปn hฦกn. Thแปฉc ฤn mรฌnh ko ฤรกnh giรก cao lแบฏm nรชn cho 4 sao, salad rong nho cรก ngแปซ, chแบฃ giรฒ hแบฃi sแบฃn tแบกm แปn. Cรฒn lแบกi mรฌnh gแปi cฦกm chiรชn thรฌ ko ngon lแบฏm แบกh๐, sแปฉa nฦฐแปc lรจo tแบกm ฤฦฐแปฃc, nghรชu/ sรฒ hแบฅp thรกi thรฌ hฦกi mแบทn. ฤฦฐแปฃc cรกi hแบฃi sแบฃn tฦฐฦกi, cรฒn vแป gia vแป/ cรกch nแบฅu vแบซn chฦฐa thแบญt sแปฑ ngon."
"Quรกn view ฤแบนp ngay bรฃi biแปn, ฤแป ฤn ngon, giรก tฦฐฦกng ฤแปi, phแปฅc vแปฅ nhiแปt tรฌnh"
"Hแบฃi sแบฃn tฦฐฦกi ngon , quรกn phแปฅc vแปฅ chu ฤรกo, sแบกch sแบฝ . Cแบฃnh ฤแบนp nhiแปu gรณc chill, giรก cแบฃ hแปฃp lรฝ  , sแบฝ quay lแบกi!"
Quรกn rแปng decor sentorini chup sแปng แบฃoฤแป ฤn ngon giรก cแบฃ cao vรฌ lร nhร hรngView nhแปฉc nรกch khuyรชn mแปi ngฦฐแปi nรชn ฤi buแปi chiแปu ฤแป ฤรณn hoรng hรดn bao ฤแบนp
"Phแปฅc vแปฅ quรก tแป, thรกi ฤแป rแบฅt kรฉm. Gแปi mรณn rแบฅt lรขu. Mรณn ฤn chแบฃ cรณ nฦฐแปc chแบฅm gรฌ. ฤแป ฤn gรฌ cลฉng khรดng cรณ, ฤแป ฤn gรฌ cลฉng rแบฅt tแป. Chแป cรณ mแปi cรกi view mร giรณ to chแบฃ lรm gรฌ ฤฦฐแปฃc."
"Nhร hรng rแบฅt nhiแปt tรฌnh, chu ฤรกo. Giรก cแบฃ hแปฃp lรฝ, hแป trแปฃ khรกch hรng tแปi ฤa cรกc dแปch vแปฅ khรกc. Cแบฃm ฦกn Hoรng Thao"
"View nhร hรng khรก ฤแบนp, thoรกng mรกt, ฤแป ฤn ngon, giรก cแบฃ hแปฃp lรญ khรดng quรก cao. Tรดi sแบฝ quay lแบกi khi cรณ dแปp ฤแบฟn Quy Nhฦกn"
"ฤi ฤn Mรนng 3 tแบฟt 2022 Hแบฃi sแบฃn ngon, chแบฟ biแบฟn hแปฃp khแบฉu vแป cรฒn phแปฅc vแปฅ thรฌ siรชu tแป siรชu chรกn tแปซ bแบกn order ฤแบฟn bแบกn phแปฅc vแปฅ"
Hแบฃi sแบฃn tฦฐฦกi ngon mร decor ฤแบนp mแบฏt nแปฏa. View ngแบฏm hoรng hรดn bรก chรกy!! Nhแบฅt ฤแปnh sแบฝ ghรฉ lแบกi nha :D
"Ngon hแบฃi sแบฃn ngon tฦฐฦกi sแปng ngay cแบกnh bรชn bแบฟp cรณ thแป lแปฑa vร chแปn. View ฤแบนp ngay cแบกnh biแปn nhรฌn thแบฅy cแปi xay giรณ, FLC vร tฦฐแปฃng phแบญt nแปi tiแบฟng แป Bรฌnh ฤแปnh. ฤแบฟn ฤรขy tแบงm chiแปu ฤn ngแบฏm hoรng hรดn lร tuyแปt vแปi nhแบฅt"
"ฤn tแปซ bรฌnh dรขn ฤแบฟn cao cแบฅp, cรณ dแปch vแปฅ tรu thuyแปn, xe ฤiแปn nรชn dรนng nแบฟu ฤi kแปณ co"
"ฤแป ฤn tฦฐฦกi cแปฑc kรฌ mร giรก cลฉng hแปฃp lรญ, mแปi tแปi view quรก ฤแบนp lรm ngฦฐแปi ta phฦกi giรณ biแปn mแปt nghแป luรดn mร hihi"
"View ฤแบนp , thoรกng , mรณn ฤn giรก hแปฃp lรฝ , nhรขn viรชn ngoan , xe ฤฦฐa ฤรณn thuแบญn tiแปn"
"Ngon, sแบกch, view ฤแบนp , giรก hแปฃp lรฝ, chแปง nhร hรng nhiแปt tรฌnh !"
Rแปng rรฃi vร ฤแป ฤn khรก Ok ๐ฤแปa ฤiแปm checkin ฤแบนp โค
"Nhร hรng vแป trรญ thoรกng mรกt, rแปng vร khรก sแบกch sแบฝ. Mรณn ฤn khรก ngon, thoรกng mรกt, trang trรญ ฤแบนp mแบฏt. thรญch nhแบฅt lร mรณn cua sแปt me cแปงa quรกn, ngon. Mรณn tรดm nฦฐแปng tแบกm ฤฦฐแปฃc, mรณn sรฒ nฦฐแปng thรฌ chรญn tแปi thฦกm nhฦฐng con sรฒ nhแป."
"Giรก cแบฃ แปn, view biแปn ฤแบนp, cรณ xe ฤฦฐa ฤรณn."
"Tแปฅi mรฌnh cรณ dแปp ghรฉ nhร hรng khi du lแปch Nhฦกn Lรฝ, cรณ vแบป ฤรขy lร nhร hรng lแปn nhแบฅt nฦกi ฤรขy rแปi รฝ, kiแบฟn trรบc rแบฅt ฤแบนp, vแป trรญ cลฉng ฤแบนp luรดn, hแบฃi sแบฃn tฦฐฦกi rรณi cรฒn sแปng luรดn nรชn ฤn rแบฅt ngon"
Quรกn ฤn rแบฅt ngon. Cรณ dแปp mรฌnh sแบฝ quay lแบกi
"Quรกn siรชu ฤแบนp vรฌ lung linh รกnh ฤรจn rแปฑc rแปกฤแป ฤn ngon, phแปฅc vแปฅ nhanh nhแบนn, chu ฤรกo. Khรก แบฅn tฦฐแปฃng vร thรญch mรณn tรดm nฦฐฦกฬng แบก, tuyแปt ngonnn"
"Mรnh ฤแบฟn Eo Giรณ tham quan thรฌ vรด tรฌnh biแบฟt ฤฦฐแปฃc nhร hรng, rแปi cลฉng vรด trแบฃi nghiแปm thแปญ xem sao, nhร hรng แป vแป trรญ rแบฅt ฤแบนp, ฤแป ฤn tฦฐฦกi ngon, vร nhรขn viรชn phแปฅc vแปฅ chuyรชn nghiแปp, mรฌnh ฤรกnh giรก rแบฅt cao"
Nhร hรng gรฌ mร phแปฅc vแปฅ tแปt thแบฟ. Chฦฐa kแปp ngแปi ghแบฟ mร ฤรฃ trแป thรnh Nแปฎ HOรNG rแปi thรญch quรก trแปi. Hแบฃi sแบฃn chแบฟ biแบฟn tฦฐฦกi ngon lแบฏm luรดn nha
"Nhร hรng Hoรng Thao nแบฑm tแบกi vแป trรญ thiแปt lร ฤแบนp, tแบกi vแป trรญ nรy tha hแป vแปซa ฤn vแปซa ngแบฏm cแบฃnh biแปn, ฤแบทc biแปt nhแบฅt lร vแป ฤรชm thรฌ ฤแบนp khแปi bรn cรฃi rแปi, mรณn ฤn แป ฤรขy cลฉng hแบฅp dแบซn lแบฏm nghen, nghรชu, sรฒ, แปc, hแบฟn, tรดm, cua ฤแปง cแบฃ, du khรกch ghรฉ Quy Nhฦกn nรชn mแปt lแบงn ฤแบฟn thแปญ ฤรขy cho biแบฟt, mรฌnh thรฌ thแบฅy ok lแบฏm"
"Nhร hรng Hoรng Thao nแบฑm cรกch khu nghแป dฦฐแปกng FLC khoแบฃng 15 phรบt ฤi xe. Nhร hรng cรณ xe ฤฦฐa ฤรณn miแปn phรญ khรกch tแปซ FLC hoแบทc cรกc ฤiแปm vui chฦกi lรขn cแบญn. Cรณ 2 nhร hรng Hoรng Thao, nhร hรng cลฉ แป gแบงn Eo giรณ vร nhร hรng mแปi ฤฦฐแปฃc xรขy gแบงn FLC hฦกn. Nhร hรng mแปi cรณ kiแบฟn trรบc khรก ฤแปc ฤรกo cรณ mแปt ngแปn hแบฃi ฤฤng, bรชn trong khรก giแปng khu Santorini แป ฤแปa Trung Hแบฃi. Nhร hรng phแปฅc vแปฅ hแบฃi sแบฃn tฦฐฦกi vร cรณ cแบฃ cรกc mรณn ฤn kรจm cฦกm. Giรก cแบฃ khรก phแบฃi chฤng so vแปi cรกc thรnh phแป lแปn hoแบทc ฤแปa ฤiแปm du lแปch khรกc. Phong cรกch phแปฅc vแปฅ thรขn thiแปn, nhiแปt tรฌnh. Cรณ khรดng gian view biแปn nรชn thoรกng mรกt rแบฅt dแป chแปu."
"Quรกn view cแปฑc ฤแบนp nha mแปi ngฦฐแปi.Nhรขn viรชn dแป thฦฐฦกng, nhiแปt tรฌnh, vui vแบป.Giรก cแบฃ hแปฃp tรฌnh hแปฃp lรฝ, cรขn ฤรบng cรขn ฤแปง, mรฌnh ghรฉ nฦกi nรy nhiแปu lแบงn rแปi.Quรกn cรณ chแป ฤแบญu oto ฤแบงy ฤแปง nhรฉ.Vote 5 sao!!!"
"ฤแป ฤn tฦฐฦกi ngon,giรก hแปฃp lรฝ,ฤแบทc biแปt view ฤแบนp"
"1 nhร hรng hแบฃi sแบฃn view ฤแบนp nhแบฅt Quy Nhฦกn. Nhiแปu mรณn ฤn lแบก, thรบ vแป  phแปฅc vแปฅ chu ฤรกo, giรก rแบป, cรณ nhiแปu khu riรชng biแปt ฤแป tแป chแปฉc tiแปc vร hแปp mแบทt gia ฤรฌnh"
"trรฃi nghiแปm tuyแปt vแปi khรดng gian quรกn ฤแบนp,phแปฅc vแปฅ vui vแบป ฤแป ฤn ngon giรก cแบฃ khรก rแบป so vแปi khรดng gian cแปงa quรกn ฤang cรณView biแปn ฤแบนp,view bรฃi tแบฏm cแปงa dรขn ฤแปa phฦฐฦกng cรณ thแป nhรฌn thแบฅy bรฃi tแบฏm cแปงa FLC cแบกnh bรชn,view ฤฦฐแปฃc ฤiแปn giรณ,tฦฐแปฃng phแบญt nรบi รดng"
"Hแบฃi sแบฃn tแบกi ฤรขy tฦฐฦกi sแปng, chแบฟ biแบฟn ngon miแปng, mรฌnh cแปฑc thรญch mรณn cฦกm chiรชn cรก mแบทn tแบกi ฤรขy, ฤn hแบฟt cแบฃ ฤoรn 8 ngฦฐแปi hแบฟt 3 triแปu, khรก แปn ฤแปi vแปi mรฌnh, ngoรi ra nhร hรng cรณ view biแปn cแปฑc ฤแบนp nแปฏa"
"Quรกn view ฤแบนp nhแบฅt khu vแปฑc Eo Giรณ, xรขy dแปฑng nแปi thแบฅt sแบกch sแบฝ hฦกn cรกc quรกn khรกc, cแบฃm giรกc ฤn uแปng sแบกch sแบฝ an tรขm hฦกn. ฤแป  ฤn แปn, giรก hฦกi cao 1 chรบt so vแปi xung quanh, ฤแป cรณ vแบป k ฤa dแบกng lแบฏm. ฤฦฐa ฤรณn free tแปซ FLC."
"Thแบญt sแปฑ rแบฅt แบฅn tฦฐแปฃng vแปi nhร hรng nรy, nhร hรng cรณ thiแบฟt kแบฟ rแบฅt ฤแบนp, rแบฅt tรขy, vแป trรญ hฦฐแปng biแปn ฤแบนp lแบฏm แบก, ฤแป ฤn ngon, tฦฐฦกi, nhรขn viรชn chuyรชn nghiแปp"
"Thแบฅy mแปi ngฦฐแปi review nhiแปu, nรชn tแปฅi mรฌnh ghรฉ ฤn thแปญ, hแบฃi sแบฃn ฤรบng tฦฐฦกi, chแบฟ biแบฟn ngon, khรดng gian lแปn, nแบฑm sรกt biแปn nรชn view rแบฅt ฤแบนp, rแบฅt ฤรกng ฤแป trแบฃi nghiแปm"
"Mรณn ฤn bรฌnh thฦฐแปng , giรก cลฉng tแบกm แปn . Duy nhแบฅt khรดng bแบฑng lรฒng vแปi xe ฤฦฐa ฤรณn , lรชn xe mรนi hรดi khแปงng khiแบฟp . ฤฦฐa vแป sแบฃnh FLC , xuแปng ฤฦฐแปฃc xe nhแบน hแบฟt cแบฃ ngฦฐแปi ."
Lแบงn ฤแบงu ฤแบฟn ฤรขy mร choรกng luรดn. Hoรng Thao xแปn xรฒ tแปซ view cho tแปi ฤแป ฤn. Nhแป bแบกn bรจ giแปi thiแปu nรชn biแบฟt ฤแบฟn ฤแปa ฤiแปm nรy vร sแบฝ giแปi thiแปu lแบกi vแปi bแบกn bรจ ฤแป khรดng bแป lแปก mแปt nฦกi tuyแปt vแปi nhฦฐ nรy. Thiแปt lร mแปt nฦกi thรญch hแปฃp ฤแป chill โค#HoangThaoSeaView
"Thแบฅy review nhiแปu nรชn ฤแบฟn ฤรขy ฤn, khรกch ฤรดng lแบฏm luรดn, giรก cแบฃ ฤฦฐแปฃc, nhรขn viรชn nhiแปt tรฌnh, nhanh nhแบนn, lแป phรฉp, vแป trรญ cแปงa nhร hรng cแปงa rแบฅt ฤแบนp"
"ฤiแปm cแปng lแปn cho nhร hรng lร nhรขn viรชn cแปฑc kรฌ nhiแปt tรฌnh, thแบฅy mรฌnh cรณ em bรฉ liแปn mang รด ra ฤรณn, vร cรฒn chuแบฉn bแป sแบตn ghแบฟ ngแปi cho em bรฉ nแปฏa, mรฌnh cแปฑc ฦฐng nฦกi nรy, cho 100 ฤiแปm luรดn แบก"
Vแป trรญ ฤแบนp khรดng khรญ nhแบญu rแบฅt sฦฐแปngฤแป ฤn hแบฃi sแบฃn tฦฐฦกi ngon vร chแบฟ biแบฟn rแบฅt okQuรกn quen mแปi lแบงn Quy Nhฦกn ฤแปu ghรฉฤแปa ฤiแปm tแปt dรnh cho gia ฤรฌnh vร bแบกn bรจ nhแบญu
"Nhรขn viรชn nhiแปt tรฌnh, lแป phรฉp. ฤแป ฤn ฤa dแบกng, hรดm mรฌnh ฤn cรณ cรก sฦกn nฦฐแปng ฤn rแบฅt ngon, hรu hแบฅp thรฌ ngแปt, sแบฝ quay lแบกi"
"Quรกn mรณn ฤn rแบฅt ngon, view ฤแบนp, giรก cแบฃ hแปฃp lรฝ โค๏ธMรฌnh sแบฝ dแบซn gia ฤรฌnh tแปi thฦฐแปng thแปฉc ๐"
"ฤแป ฤn ngon bแป rแบป, nhร hรng ฤแบนp lแปch sแปฑ, nhรขn viรชn nhiแปt tรฌnh"
"Tuyแปt vแปi...vแปซa ฤc ฤn hแบฃi sแบฃn ngon...rแบป...sแบกch sแบฝ..vแปซa ฤc tiแบฟp ฤรณn รขn cแบงn ,,,vui vแบป vร thรขn thiแปn cแปงa chแปง quรกn...khi ghรฉ wan,,,sแบฝ tiแบฟp tแปฅc ug hแป nhiแปt tรฌnh!!!!"
"Bแป choรกng ngแปฃp vแปi nhร hรng, to rแปng vร view biแปn cแปฑc kรฌ ฤแบนp, ฤฦฐแปฃc chแปn ฤแป ฤn tฦฐฦกi ฤแป chแบฟ biแบฟn luรดn, sแบฝ quay lแบกi nแบฟu cรณ dแปp"
"u lร trแปi, nhร hรng nรy ฤรบng lร nhแปฉt cรกi nรกch thiแปt, ฤแป ฤn cแปฑc tฦฐฦกi ngon, decor ฤแบนp thiแปt lร ฤแบนp, anh chแป nhรขn viรชn cลฉng dแป thฦฐฦกng nแปฏa, ฤรกng trแบฃi nghiแปm lแบฏm nhan mแปi ngฦฐแปi"
"Nฤm nรo ฤi Quy Nhฦกn cลฉng phแบฃi ghรฉ nhร hรng hแบฟt, ฤแป ฤn tฦฐฦกi ngon, giรก cแบฃ hแปฃp lรญ khรดng chรฉm giรก nhฦฐ nhแปฏng nฦกi khรกc, bแป thรญch mรณn bรo ngฦฐ bรชn nรy"
"Mรฌnh vร ngฦฐแปi yรชu cรณ book mแปt bรn vรo buแปi tแปi, bรn nรy ngoรi trแปi nha, ฤแป ฤn ngon cแปng vแปi view ฤแบนp, ฤรบng lร mแปt buแปi tแปi hoรn hแบฃo ฤแปi vแปi tแปฅi mรฌnh"
"Nhร hรng rแบฅt ฤแบนp, sang trแปng cรณ cแบฃnh biแปn hoรng hรดn"
"ฤแป ฤn ngon, rแบฅt hแปฃp vแปi khรกch du lแปch, phแปฅc vแปฅ tแปt, thรขn thiแปn"
"Haฬi saฬn tฦฐฦกi ngon, giaฬ caฬ oke, caฬch phuฬฃc vuฬฃ chuyรชn nghiรชฬฃp. Nhรขn viรชn xinh xฤฬn :), miฬnh seฬ gheฬ tiรชฬp vaฬo ฤฦกฬฃt sau khi hรชฬt diฬฃch !"
"ฤแบฟn Quy Nhฦกn mร khรดng ฤn hแบฃi sแบฃn thรฌ lร mแปt thiแบฟu xรณt rแบฅt lแปn, tแบกi nhร hรng hแบงu nhฦฐ cรณ ฤแปง hแบฟt cรกc mรณn hแบฃi sแบฃn tแปซ bรฌnh dรขn ฤแบฟn cao cแบฅp, ฤแป xuแบฅt mแปi ngฦฐแปi nรชn ฤแบฟn"
"Nhร hรng rแบฅt ฤรดng khรกch vรo khoแบฃng trฦฐa 12h - 13h, cho nรชn gแปi ฤแบทt bรn trฦฐแปc khi ฤแบฟn, ฤรด ฤn ngon, ฤแป ฤn lรชn nhanh"
"Nhร hรng ฤa dแบกng cรกc mรณn hแบฃi sแบฃn, nhแบญu lai rai hay cho gia ฤรฌnh ฤแปu cรณ, mแปt ฤiแปm ฤแบฟn hoรn hแบฃo khi ฤแบฟn Quy Nhฦกn"
"Nฤm trฦฐแปc ฤรฃ ghรฉ Hoรng Thao, nฤm nay mรฌnh lแบกi ฤแบฟn nแปฏa, hแบฃi sแบฃn vแบซn ngon nhฦฐ ngรy nรo, giรก vแบซn vแบญy, mแปi ngฦฐแปi nรชn ฤแบฟn nhร hรng nแบฟu cรณ dแปp ghรฉ Quy Nhฦกn nhฦฐ mรฌnh nhรฉ"
ฤn tแบกi nhร hรng Hoรng Thao luรดn cรณ Hแบฃi sแบฃn tฦฐฦกi sแปng  vร cรณ view biแปn vร kiแบฟn trรบc nhร hรng tuyแปt vแปi๐ฏPhแปฅc vแปฅ chu ฤรกo vร rแบฅt nhanh nhแบนn. Mรณn ฤn thรฌ tuyแปt vแปi ฤแบทc biแปt lร nฦฐแปc chแบฅm y bรi. Phฦฐฦกng tiแปn ฤฦฐa ฤรณn ฤรบng giแป giแบฅc . Luรดn cรณ mแบฅy anh hฦฐแปng dแบซn viรชn nhiแปt tรฌnh
"Quyแบฟt ฤแปnh chแปn nhร hรng vรฌ mรฌnh thแบฅy quรก ฤแบนp, ฤแป ฤn แป ฤรขy tฦฐฦกi, chแบฟ biแบฟn vแปซa miแปng, nhรขn viรชn lแป phรฉp"
"Nhร hรng sang trแปng, view ฤแบนp, hแบฃi sแบฃn tฦฐฦกi ngon, nhรขn viรชn phแปฅc vแปฅ lแปch sแปฑ, giรก cแบฃ khรก hแปฃp lรฝ. Recommended !"
"ฤแป ฤn cแปฑc tฦฐฦกi ngon, mแปi thแปฉ ฤแปu tuyแปt vแปi, mแปt chuyแบฟn du lแปch tuyแปt vแปi, mแปi ngฦฐแปi nรชn ฤแบฟn ฤรขy thแปญ ฤi"
"View nhร hรng hฦฐแปng biแปn ฤแบนp, nhแบฅt lร buแปi chiแปu"
"Mรฌnh ghรฉ nhร hรng nhแป thแบฅy trรชn facebook, ฤแบฟn ฤรขy khรดng thแบฅt vแปng chรบt nรo, hแบฃi sแบฃn cรฒn sแปng ฤฦฐแปฃc lแปฑa chแปn trแปฑc tiแบฟp luรดn, order nhanh gแปn, nhรขn viรชn ฤฦฐแปฃc traning tแปt, 1 ฤiแปm cแปng lแปn ฤรณ lร nhร hรng rแบฅt ฤแบนp, phแบฃi nรณi lร nhร hรng biแปn ฤแบนp nhแบฅt tแปซ trฦฐแปc ฤแบฟn nay mร mรฌnh biแบฟt"
"Khรดng gian quรกn ฤแบนp, rแปng rรฃi vร thoรกng mรกt. Nhรขn viรชn thรขn thiแปn, lรชn mรณn nhanh. Mรณn ฤn ngonnn"
"View ngay biแปn nรชn khรก ฤแบนp, ฤแป ฤn แปn, khรดng cรณ gรฌ ฤแบทc sแบฏc cho lแบฏm, phแปฅc vแปฅ แปn, cรณ xe trung chuyแปn ฤฦฐa vแป lแบกi bรฃi xe"
"Nhร hรng cรณ view biแปn rแบฅt ฤแบนp, ฤแป ฤn tฦฐฦกi ngon, gia ฤรฌnh mรฌnh rแบฅt hรi lรฒng, hแบนn lแบงn sau"
"Tรดi vแปซa kแบฟt thรบc chuyแบฟn du lแปch Quy Nhฦกn cแปงa mรฌnh, bแปฏa ฤn tแบกi Hoรng Thao lร hรดm du lแปch cuแปi cรนng, vร ฤรขy cลฉng lร trแบฃi nghiแปm khiแบฟn tรดi nhแป nhแบฅt, nhร hรng rแบฅt ฤแบนp, nhรขn viรชn nhiแปt tรฌnh, vร quan trแปng lร ฤแป ฤn rแบฅt ngon, giรก cแบฃ phแบฃi chฤng, nแบฟu cรณ cฦก hแปi quay lแบกi Quy Nhฦกn lแบงn nแปฏa, tรดi nhแบฅt ฤแปnh sแบฝ ghรฉ nhร hรng"
"Mรฌnh cรณ ฤแบทt mแปt bรn vรo tแปi vร yรชu cแบงu decor bรn tiแปc theo phong cรกch tรขy, nhร hรng khรดng lรm mรฌnh thแบฅt vแปng khi mแปi thแปฉ ฤแปu ฤฦฐแปฃc chแปnh chu tแปซ trong ra ngoรi, cแบฃm ฦกn nhร hรng ฤรฃ mang ฤแบฟn mแปt buแปi tแปi แบฅm cรบng cho mรฌnh vร ngฦฐแปi thรขn"
"Mรฌnh lร khรกch du lแปch ฤแบฟn Quy Nhฦกn vร phรขn vรขn giแปฏa vรด vรn cรกc ฤแปa ฤiแปm ฤn hแบฃi sแบฃn vร cuแปi cรนng quyแบฟt ฤแปnh chแปn Hoรng Thao, ฤรบng lร ngoรi mong ฤแปฃi cแปงa mรฌnh, hแบฃi sแบฃn แป ฤรขy rแบฅt tฦฐฦกi ngon, giรก cแบฃ hแปฃp lรญ, nhรขn viรชn phแปฅc vแปฅ tแปt, view biแปn rแบฅt ฤแบนp"
"Ai du lแปch Quy Nhฦกn thรฌ nรชn ฤn tแบกi nhร hรng nรy, ฤแป ฤn tฦฐฦกi ngon, cแบฃnh ฤแบนp, nhรขn viรชn phแปฅc vแปฅ nhiแปt tรฌnh"
"Hแบฃi sแบฃn tฦฐฦกi sแปng ฤฦฐแปฃc chแบฟ biแบฟn xuแบฅt sแบฏc, phแปฅc vแปฅ thรฌ nhiแปt tรฌnh, dแป thฦฐฦกng ฤรบng vแปi tรชn gแปi nhร hรng"
"Nhaฬ haฬng coฬ khรดng gian saฬฃch seฬ, hฦฐฬu tiฬnh, รขฬm cuฬng, nhรขn viรชn vui veฬ, nhiรชฬฃt tiฬnh, lรชn moฬn nhanh, thฦฐฬc ฤn ngon"
Design & view: nhฦฐ Santorini luรดn. ฤn xong tha hแป sแปgn แบฃo :)))Thแปฉc ฤn: cแปฑc tฦฐฦกi & trang trรญ bแบฏt mแบฏt
"Nhรขn viรชn thรขn thiรชn, phแปฅc vแปฅ tแปt, cรกc em ฤแบฟn bรn dแปn sแบกch thฦฐแปng xuyรชn, ฤแป ฤn khรก ngon"
"View ฤแบนp, ฤแปa ฤiแปm lรฝ tฦฐแปng ฤรณn hoรng hรดn, nhรขn viรชn nhiแปt tรฌnh (nhฦฐg hฦกi non nghแป). Giรก cao cแบฅp"
"cแบฃ nhร mรฌnh bแป ghiแปn mรณn tรดm hรนm sแปt bฦก cแปงa nhร hรng, tรดm ฤฦฐแปฃc chแบฟ biแบฟn nhฦฐng vแบซn giแปฏ ฤฦฐแปฃc vแป ngแปt cแปงa ฤแป biแปn chแปฉng tแป ฤแป rแบฅt tฦฐฦกi"
"Rแบฅt hแปฃp khแบฉu vi cแปงa mรฌnh, mแบฅy bแบกn nhรขn viรชn thรขn thiแปn, hแบงu nhฦฐ mรณn hแบฃi sแบฃn nรo cลฉng cรณ, mแปt ฤiแปm ฤรกng ฤแบฟn khi du lแปch Quy Nhฦกn"
"ฤแป ฤn ngon, vแป trรญ thรฌ tuyแปt vแปi, ฤn hay nhแบญu ฤแปu ok"
"Thรญch nhแบฅt lร dแปch vแปฅ ฤฦฐa ฤรณn tแบญn nฦกi cแปงa nhร hรng, nhรขn viรชn nhiแปt tรฌnh vร thแปฉc ฤn ngon"
"Cฦกm chiรชn cรก mแบทn ngon, ฤแบทc biแปn nhร hรng cรณ tรดm sรบ biแปn lรm sashimi ฤn sแปng cลฉng ngon"
"Giรก cแบฃ phแบฃi chฤng, mรณn gรฌ cลฉng tฦฐฦกi, cรณ dแปch vแปฅ ฤฦฐa ฤรณn khรกch tแบญn nฦกi"
"Mรณn ฤn lรชn khรก nhanh, giรก ฤฦฐแปฃc niรชm yแบฟt sแบตn, khรดng chรฉm giรก nhฦฐ nhiแปu nฦกi khรกc, ฤแป ฤn tฦฐฦกi ngon"
"Mรฌnh ฤn thแบฅy ฤแป tฦฐฦกi, ngon vร khรก rแบป. Cแบฃ nhร phแปฅc vแปฅ nรชn khรก thรขn thiแปn."
"Giรก แปn, khรกch du lแปch ฤแบฟn ฤn rแบฅt ฤรดng, ฤแป tฦฐฦกi ngon, giรก ฤฦฐแปฃc niรชm yรชn sแบตn"
"ฤรบng lร ngon nhฦฐ lแปi ฤแปn, khรกch ฤรดng nhฦฐng ฤแป ฤn lรชn nhanh mแปt cรกch bแบฅt ngแป"
"View ฤแบนp, phลฉc vแปฅ แปn nhฦฐng แป biแปn mร ฤแป biแปn ฤแบฏt hฦกn so vแปi ฤn ฤแป biแปn trรชn miแปn nรบi"
"Thแปt tรดm hรนm ฤn dai, ngแปt, gแปi rong biแปn ฤn ngon, khรดng bแป tanh, lแบซu cรก mรบ ฤn no nรช vแปi 4 ngฦฐแปi"
"Nhร hรng kiแบฟn trรบc ฤแปc ฤรกo, ฤแปi diแปn biแปn, dแปch vแปฅ tแปt, nhรขn viรชn phแปฅc vแปฅ nhanh lแบน, hแบฃi sแบฃn tฦฐฦกi sแปng, chแบฟ biแบฟn rแบฅt ngon. cho hแบณn 10ฤ"
"ฤรกng ฤแป trแบฃi nghiแปm khi ฤแบฟn Quy Nhฦกn, ฤแป ฤn ngon, giรก cแบฃ hแปฃp lรญ, nhรขn viรชn thรขn thiแปn"
"Quรกn siรชu ฤรดng, ฤฦฐแปฃc chแปn hแบฃi sแบฃn tฦฐฦกi sแปng tแบกi bแป kรญnh, nhรขn viรชn lรชn mรณn nhanh"
"Giรก cแบฃ tฦฐฦกng ฤแปi hแปฃp lรญ, nhรขn viรชn cแปฑc kรฌ nhiแปt tรฌnh, hแบฃi sแบฃn ฤa dแบกng, chแบฟ biแบฟn ngon"
Giรก cao hฦกn cรกc quรกn bรฌnh dรขn nhฦฐng chแบฅt lฦฐแปฃng mang lแบกi xแปฉng ฤรกng vแปi sแป tiแปn
"Giรก cแบฃ quรก แปn ฤแปi vแปi khรกch du lแปch, khรดng gian ฤแบนp, ฤแป ฤn ngon"
"Cลฉng k rรต lแบฏm nhฦฐng cรณ vแบป ฤแป ฤn hฦกi รญt xรญu รก. Cty mรฌnh ฤi ฤรดng ngฦฐแปi. Thแบฅy xรญu lร hแบฟt ฤแป ฤแป ฤn, trung bรฌnh lร bรn 6. Gแปi ฤแป ฤn thรชm nhฦฐ dฦฐa chuแปt, rau ฤn kรจm cลฉng hฦกi lรขu xรญu xรญu nรจ. Bรน lแบกi quรกn view ฤแบนp, nhรขn viรชn nhiแปt tรฌnh, cรก tฦฐฦกi ngon"
Mรณn ฤn ngon hแปฃp khแบฉu vแป vแปi mรฌnh. Phแปฅc vแปฅ cลฉng rแบฅt chu ฤรกo tแบญn tรฌnh. Sแบฝ ghรฉ quรกn vรo lแบงn sau nhรฉ!
Quรกn cรณ view ฤแบนp. Giรก khรก แปn phรน hแปฃp vแปi khรกch vแปi du lแปch hฦกn khรกch ฤแปa phฦฐฦกng
"Gแปi 3 con cรก mแบทt quแปท hแบฅp thรฌ cรณ 1 con lรm thiแบฟu cแบฃ nแปญa con, phแบฃn แบฃnh vแปi quแบฃn lรฝ thรฌ chแป xin lแปi vร ฤแปng รฝ khรดng tรญnh tiแปn con cรก nรy.Tuy nhiรชn khi tรญnh tiแปn thรฌ giแบฃm 1tr tiแปn cรก nhฦฐng tรญnh tiแปn ฤฤฉa thแปt ba chแป rang thรnh 140k (5 ฤฤฉa 800k), trแปฉng ฤรบc thแปt 170k (2 ฤฤฉa 340k)Cรกc bรกc cho e hแปi ฤฤฉa trแปฉng ฤรบc thแปt cho trแบป con chแป nรo bรกn 170k nhฦฐ chแป nรy ko?"
ฤแป ฤn cลฉng tแบกm ฤฦฐแปฃc view biแปn ok giรก cแบฃ thรฌ k rรต rรng hแปi bแบฟp thรฌ 1 giรก cรฒn nhร hรng tรญnh tiแปn 1 giรก khรกc
"Nhaฬ haฬng ฤeฬฃp, haฬi saฬn tฦฐฦกi sรดฬng, ฤรขฬu bรชฬp chรชฬ biรชฬn thฦฐฬc ฤn ngon."
"ฤn tฦฐฦกi ngon. Quรกn phแปฅ vแปฅ chu ฤรกo, thuแบญn lแปฃi khรกch ฤoรn hoแบทc gia ฤรฌnh lแปn."
"Quรกn ngon, giรก แปn, phแปฅc vแปฅ cรณ thแป nhanh hฦกn. Cรณ xe ฤฦฐa vแป FLC miแปn phรญ."
"Cแบฃnh ฤแบนp, khรดng gian sang trแปng, ฤแป ฤn tฦฐฦกi ngon, rแบฅt ฤรกng trแบฃi nghiแปm nha cรกc bแบกn"
"Nhร hรng sแบกch sแบฝ, khรดng gian sang trแปng, giรก cแบฃ hแปฃp lรญ, nhรขn viรชn rแบฅt nhiแปt tรฌnh."
"View ฤแบนp, ฤแป ฤn ngon, giรก hแปฃp lรฝ, nhรขn viรชn nhiแปt tรฌnh. Lแบงn sau sแบฝ ghรฉ nแปฏa."
"Coฬ View biรชฬn ฤแบนp. Giรก reฬ, ฤรดฬ ฤn ngon, thรญch hแปฃp tiแปc ฤรดng ngฦฐแปi!"
"Nhร hรng nhiแปu mรณn khรก lแบก, ฤแป ฤn cลฉng tฦฐฦกi, tรดi rแบฅt hรi lรฒng"
"Lรชn mรณn bao nhanh, ฤn no nรช mร hแบฟt cรณ 3 triแปu thรดi (nhร mรฌnh 9 ngฦฐแปi)"
"ฤแป ฤn ngon, thรกi ฤแป phแปฅc vแปฅ nhiแปt tรฌnh  vui vแบป."
"Mรฌnh cรณ gแปi lแบฉu hแบฃi sแบฃn, ฤn rแบฅt ngon mร quรชn tรชn mแบฅt, sแบฝ lแบกi ฤแบฟn khi cรณ dแปp"
Quรกn thiแบฟt kแบฟ ฤแบนp nhแบฅt lร tรดng mรu sฦกn xanh trแบฏng
"ฤแป ฤn ngon ,  rแบฝ   phแปฅc vแปฅ lรบc ฤรดng khรกch cรฒn chแบญm"
"View biแปn xinh cแปฑc, hแบฃi sแบฃn tฦฐฦกi, giรก cแบฃ hแปฃp lรฝ, phแปฅc vแปฅ tแบญn tรฌnh nha"
"Ghรฉ ฤn vรo giแปฏa trฦฐa nhฦฐng khรกch rแบฅt ฤรดng, ฤแป ฤn ngon, giรก cรก phแบฃi chฤng"
"View ฤแบนp, nhรขn viรชn tแบญn tรฌnh + lแปch sแปฑGiรก vร mรณn ฤn OK"
"Nhร hรng ฤแบนp, sang trแปng, ฤแป ฤn tฦฐฦกi ngon"
"Mรณn ฤn ngon , view ฤแบนp , giรก cแบฃ hแปฃp lรฝ , xe ฤฦฐa ฤรณn free  thuแบญn tiแปn"
"Nhรขn viรชn nhiแปt tรฌnh, cung cรกch phแปฅc vแปฅ chuyรชn nghiแปp, ฤแป ฤn tฦฐฦกi ngon"
"Hแบฃi sแบฃn tแบกi nhร hรng cแปฑc tฦฐฦกi ngon, nhรขn viรชn ngoan, lแป phรฉp"
"Du lแปch Quy Nhฦกn thรฌ nรชn ฤแบฟn nhร hรng nรy, ngon bแป rแบป"
"Mรณn ฤn tฦฐฦกi ngon, phแปฅc vแปฅ lรชn mรณn rแบฅt nhanh, 5 sao"
"Quรกn lแปn nhฦฐng Hแบฃi sแบฃn ko tฦฐฦกi, ฤแป ฤn khรดng ngon."
"View ฤแบนp xuแบฅt sแบฏc, hแบฃi sแบฃn tฦฐฦกi ngon, dรn nhรขn viรชn phแปฅc vแปฅ chu ฤรกo, nhanh nhแบนn, trแบป ฤแบนp. Nhร hรng sแบกch sแบฝ, cรณ xe ฤฦฐa ฤรณn ฤi vร vแป tแบกi home."
"Hฦกi xa thรnh phแป nhฦฐng hแบฃi sแบฃn tฦฐฦกi ngon, view chiแปu ฤแบนp."
"Hแบฃi sแบฃn tฦฐฦกi sแปng, chแบฟ biแบฟn ngon , sแบกch sแบฝ thoรกng mรกt.. phแปฅc vแปฅ tแปt."
"Phแปฅc vแปฅ nhanh lแบน, hแบฃi sแบฃn ฤa dแบกng vร ฤแบทc biแปt giรก cแบฃ rแบฅt hแปฃp lรญ"
"ฤn rแบฅt ngon, ฤแบทc biแปt lร แปc hฦฐฦกng, mรฌnh gแปi tแบญn 3 dฤฉa"
"ฤแป tฦฐฦกi, giรก cแบฃ แปn, khรกch du lแปch nรชn ฤแบฟn ฤรขy"
"Ngon, ฤแบนp, mรณn แปc len xรo dแปซa ngon tuyแปt"
"Tuyแปt vแปi, mรณn ฤn ngon miแปng, hแบฃi sแบฃn tฦฐฦกi rรณi, giรก phแบฃi chฤng"
"View ฤแบนp, chแปง quรกn thรขn thiแปn, ฤแป ฤn tฦฐฦกi, giรก hแปฃp lรฝ"
ฤแบงu bแบฟp nhร hรng hoรng thao nแบฅu rแบฅt ngon vร trang trรญ ฤแบนp
Giรก ok. Hแบฃi sแบฃn tฦฐฦกi. Thรญch nhแบฅt mรณn hรo vร tรดm nฦฐแปng
"Ghแบน tฦฐฦกi, ngon. Cรกc hแบฃi sแบฃn khรกc cลฉng rแบฅt ngon, sแบกch sแบฝ!"
"Nhร hรng gรขn FLC, du lแปch nghแป dฦฐแปกng แป ฤรณ nรชn ghรฉ qua tแบกm ฤn thรฌ ngon bแบฅt ngแป, ฤแป tฦฐฦกi ฤรบng chแบฅt biแปn QN, view thoรกng mรกt. ฤi chฦกi biรชn thรฌ ฤn hแบฃi sแบฃn lร tuyแปt nhแบฅt rแปi. cho 5 sao"
"ฤแป ฤn ngon, view ฤแบนp, dแปch vแปฅ tแบญn tรฌnh. Rแบฅt ok luรดn nha mแปi ngฦฐแปi."
"Quรกn hแบฃi sแบฃn ngon, phแปฅc vแปฅ chu ฤรกo, lแปch sแปฑ"
"View thรฌ ฤแบนp, nhฦฐng thแปฉc ฤn thรฌ khรดng ngon, giรก cao hฦกn nhแปฏng chแป khรกc"
"ฤแป ฤn tฦฐฦกi ngon, ฤแบนp mแบฏt, chแป ngแปi cลฉng thoรกng mรกt. Cรณ cฦก hแปi thรฌ quay lแบกi"
"Rแบฅt thรญch ฤn แป ฤรขy, mรณn ฤn mang ฤแบญm hฦฐฦกng vแป biแปn khฦกi, ฤแป ฤn tฦฐฦกi mแปi nhฦฐ vแปซa ฤฦฐแปฃc ฤแบฃo trรชn lแปญa nรณng. Quแบฃ thแบญt tuyแปt vแปi !"
Khรดng gian sแปng แบฃo tuyแปt vแปi. Mรณn ฤn hแบฃi sแบฃn tฦฐฦกi ngon.
1 khรดng gian tรดฬt. phuฬฃc vuฬฃ chuyรชn nghiรชฬฃp. tรดi thiฬch phong caฬch ฤoฬ
"Mรณn ngon, nhรขn viรชn phแปฅc vแปฅ nhanh - lแปch sแปฑ."
Tuyแปt vแปi ! Khรณ diแปn tแบฃ nแบฟu khรดng trแบฃi nghiแปm thแปฑc tแบฟ
"Thแบญt tuyแปt vแปi vแปi khรดng gian lรฃng mแบกn, hแบฃi sแบฃn tฦฐฦกi sแปng!"
Quรกn ฤแป ฤn ngon view ฤแบนp ฤi hแบนn hรฒ hay hแปp gia ฤรฌnh lร tuyแปt vแปi luรดn
"ฤแป ฤn ngon, view ฤแบนp, biแปn xanh vร cรณ thแป ngแบฏm hoรng hรดn dแป dรng."
"Mรฌnh rแบฅt thรญch biแปn nรชn mรฌnh quyแบฟt ฤแปnh ฤi ฤแบฟn ฤรขy vร chao รดi.. Hแบฃi sแบฃn แป ฤรขy thรฌ tฦฐฦกi ngon, view rแบฅt thฦก mแปng vร cรณ thแป ngแบฏm hoรng hรดn tแบฏt nแบฏng nแปฏa. Thรญchhh."
"View ฤแบนp, decor quรก แปn so vแปi mแบทt bแบฑng nhร hรng chung tแบกi Quy Nhฦกn. Thแปฉc ฤn 4 sao thรดi nhฦฐng cรกi view quรก ฤแบนp nรชn cho 5 sao :D"
"View biแปn cแปฑc sแปn, hแบฃi sแบฃn cแปฑc ngon luรดn รญ แบก. Mรฌnh sแบฝ quay trแป lแบกi sau khi tรฌnh hรฌnh dแปch แปn ฤแปnh. ฤรกnh giรก 5 sao. Xแปฉng ฤรกng ฤแป ghรฉ trแบฃi nghiแปm 1 lแบงn vร nhiแปu nhiแปu lแบงn nแปฏa ๐๐๐"
"Ai แป Quy Nhฦกn thรฌ phแบฃi tแปi nฦกi nรy. Hแบฃi sแบฃn tฦฐฦกi sแบกch, ngon, view cแปฑc kแปณ xinh xแบปo mร tแปi chiแปu cรฒn cรณ thแป ngแบฏm hoรng hรดn nแปฏa ฤรณ."
Ngon hแบฃi sแบฃn ngon tฦฐฦกi sแปng ngay cแบกnh bรชn bแบฟp cรณ thแป lแปฑa vร chแปn. Xink ฤแบนp tuyแปt vแปi
"ฤแป ฤn ngon, hแบฃi sแบฃn tฦฐฦกi. thoรกng mรกt phong cแบฃnh ฤแบนp"
Nhร hรng phแบฃi nรณi lร cรณ view ngแบฏm hoรng hรดn siรชu ฤแบนp luรดn ฤรณ mแปi ngฦฐแปi. Gรฌ chแปฉ ngแปi ฤรขy ฤn r ngแบฏm hoรng hรดn thรฌ nhแบฅt ๐
"Mรฌnh thรญch ฤn hแบฃi sแบฃn แป ฤรขy lแบฏm :))) Vแปซa tฦฐฦกi, vแปซa ngon, ฤแปง cรกc loแบกi. ฤแบทc biแปt view biแปn nแปฏa cรng mรช"
"View ฤแบนp, thแปฉc ฤn ngon, mแปt nฦกi cแปฑc kรฌ thรญch hแปฃp ฤแป hแบนn hรฒ."
"May mแบฏn khi du lแปch Kแปณ Co -Eo Giรณ mร lแบกi tรฌm ฤฦฐแปฃc nhร hรng hแบฃi sแบฃn sแบฃn nhฦฐ thแบฟ nรy, ta nรณi ฤรฃ cรกi nฦฐ"
View khรก ฤแบนp. Nแบฟu cรณ cฦก hแปi mรฌnh sแบฝ ghรฉ ฤแบฟn thรชm nhiแปu lแบงn nแปฏa ๐
"Hแบฃi sแบฃn siรชu siรชuu ngon, tฦฐฦกi sแปng .... View ฤแบนp, sแปng แบฃo tแปt, ngแบฏm hoรng hรดn trรชn biแปn chill lแบฏm nhรฉ ๐๐"
"Haฬi saฬn tฦฐฦกi ngon, giaฬ caฬ oke, caฬch phuฬฃc vuฬฃ chuyรชn nghiรชฬฃp"
"Hแบฃi sแบฃn tฦฐฦกi, ngon, view xinh vร thรญch hแปฃp ฤแป ngแบฏm hoรng hแปn."
"ฤแป ฤn cแปฑc kรฌ tฦฐฦกi  ngon, view sแปng แบฃo cแปฑc xแปn"
Thฦฐแปng thแปฉc hแบฃi sแบฃn vร ngแบฏm hoรng hรดn trรชn biแปn cรนng gia ฤรฌnh thแบญt tuyแปt vแปi!
"Phแปฅc vแปฅ nhiแปt tรฌnh, giรก cแบฃ hแปฃp lรฝ vร ฤแบทc biแปt lร chแบฅt lฦฐแปฃng tuyแปt vแปi.."
Mแปi ngฦฐแปi nรชn tแปi ฤรขy ฤn thแปญ nha. ฤแป ฤn ngon lแบฏm!
"Hแบฃi sแบฃn chแบฅt lฦฐแปฃng, tฦฐฦกi. Giรก cแบฃ hแปฃp lรฝ, phแปฅc vแปฅ nhiแปt tรฌnh !!"
"Quรก chแบฅt lฦฐแปฃng, quรก ngon. Khรดng cรฒn tแปซ nรo diแปn tแบฃ nแปi quรก tuyแปt vแปi"
"Nhร hรng ฤแบนp, vแป trรญ sรกt biแปn, thoรกng mรกt"
"Nhร hรng ven sรดng, bแป trรญ nhรฌn chuyรชn nghiแปp, phแปฅc vแปฅ cลฉng tแบกm ฤฦฐแปฃc. Thแบญt ra khรดng thแป yรชu cแบงu giแปng nhฦฐ trong SG ฤฦฐแปฃc.Nhฦฐng do vแป trรญ ven sรดng, cรณ mรนi nฦฐแปc  sรดng thum thแปงm do Thแปงy triแปu xuแปng, muแปn ngแปi ven sรดng cho mรกt cลฉng khรณ."
"Rแปng rรฃi, nhiแปu chแป ฤแบญu xe, ฤแป ฤn ngon, nรชn chแปn view bแป sรดng"
Nhร hรng nรy theo mรฌnh thรฌ...- ฤแบนp- mรกt- thoรกng- sแบกch- rแบป- ngon... NHแบคT แป QUY NHฦN
Ngon giรก cแบฃ hแปฃp lรฝ nhiแปu mรณn ngon.Phแปฅc vแปฅ nhanh chu ฤรกo Niแปm nแป
"Nhร hรng ฤแบนp, lแปng giรณ, mรกt mแบป vร ฤn thรฌ tuyแปt vแปi.:)"
"Nhร hรng ฤฦฐแปฃc ฤแบงu tฦฐ xรขy dแปฑng lแบกi. View ฤแบนp, ngay cแบงu HรThanh. Cรกc mรณn ฤn ok. Phแปฅc vแปฅ nhanh nhแบนn, thรขn thiแปn."
"ฤแป ฤn cลฉng khรก ngon , thรกi ฤแป phแปฅc vแปฅ nhรขn viรชn rแบฅt nhiแปt tรฌnh chu ฤรกo ."
"Nhร hรng sแบกch sแบฝ, ฤแบนp. ฤแป ฤn ngon, mแปฉc giรก phรน hแปฃp cho khรกch du lแปch"
"nhร hรng ฤแบนp vแปi nhแปฏng mรณn ฤn ฤแบทc sแบฃn cแปงa Quy Nhฦกn, ฤแปa ฤiแปm bรชn dรฒng sรดng hแบฅp dแบซn"
"Nhร hรng rแปng, thoรกng mรกt, sแปฉc chแปฉa 1000 thแปฑc khรกch, cรณ nฦกi ฤแป รด tรด thoแบฃi mรกi."
"ฤแป ฤn ngon,khรดng gian ฤแบนp vร rแปng rรฃi,sแบกch sแบฝ"
"Mแบทt bแบฑng ฤแบนp, thoรกng, thรญch hแปฃp khรกch du lแปch theo ฤoรn. Giรก bรฌnh dรขn."
"Chแบฅt lฦฐแปฃng khรดng tแปt, khu vแปฑc ฤang thi cรดng cแบงu vฦฐแปฃt nรชn khรณ ฤi lแบกi."
khung cแบฃnh tแบกm ฤc nhฦฐng ฤแป ฤn ko ngon lแบฏm
Nha hang co nhieu phong canh dep toi rat thich.
"Quรกn sแบกch sแบฝ, thแปฉc ฤn ngon. Cรกc em phแปฅc vแปฅ rแบฅt nhiแปt tรฌnh vร lแป phรฉp. ฤแบทc biแปt thรญch mรณn lแบฉu sแปฉa vร mรณn tรดm rong biแปn. Giรก cแบฃ hแปฃp lรฝ vร cรณ phแบงn rแบป hฦกn 1 chรบt so vแปi cรกc quรกn xung quanh."
"Mรณn ฤn ngon, nhรขn viรชn nhanh, nhiแปt tรฌnh. Nhiแปu khรกch ฤoรn nรชn khรกch lแบป nรชn ฤแบฟn sแปm, trฦฐa trc 11h30, chiแปu trc 17h30 thic mแปi ฤc phแปฅc vแปฅ tแปt nhแบฅt"
"Mแปฑc vร tรดm ฤแปu rแบฅt tฦฐฦกi nแบฟu nhฦฐ ฤn luแปc, hแบฅp vร nฦฐแปng. Cรฒn lแบกi cรกc mรณn khรกc nhฦฐ cรก kho thรฌ rแบฅt tแป. Cรณ thแป do thแปi ฤiแปm dแปch bแปnh รญt khรกch nรชn chแบฅt lฦฐแปฃng khรดng ฤฦฐแปฃc tแปt. Hแบฃi sแบฃn thรฌ ok tฦฐฦกi, giรก cแบฃ vแปซa phแบฃi"
"ฤแป ฤn ngon, nรชn ghรฉ thแปญ khi ghรฉ QN. Quรกn  แป ฤแปi diแปn lแปi ฤi bแป ra eo giรณ( Mรฌnh ฤi 2 ngฦฐแปi ฤn bรบn sแปฉa vร bรกnh xรจo no cฤng bแปฅng:v)"
"Ram tรดm siรชu ngon, giรฒn rแปฅm vร mแปm แบฉm bรชn trong, khรดng bแป cแปฉng. Ngon nhแบฅt trong cรกc quรกn mรฌnh ฤn. Cรณ vรi mรณn khรกc thรฌ ฤn cลฉng bth, khรดng cรณ gรฌ ฤแบทc biแปt. Phแปฅc vแปฅ rแบฅt nhanh."
Quรกn ฤแปi chแปง hay sao แบฅy mร thแปฉc ฤn vร hแบฃi sแบฃn khรดng cรฒn ngon nhฦฐ 3 nฤm trฦฐแปc
"Nhร hรng hแบฃi sแบฃn lแปn tแบกi khu vแปฑc Eo Giรณ, thแปฑc ฤฦกn rแบฅt ฤa dแบกng, giรก rแบป hฦกn nhiแปu so vแปi cรกc nhร hรng trung tรขm, nhรขn viรชn thรขn thiแปn vร nhanh nhแบนn."
"ฤแป ฤn chแบฟ biแบฟn ngon, trรฌnh bรy ฤแบนp mแบฏt.Mแบฅy bแบกn nhรขn viรชn rแบฅt nhiแปt tรฌnh tฦฐ vแบฅn mรณn ฤn.Giรก cแบฃ hแปฃp lรฝ.Nhร hรng rแปng rรฃi vร rแบฅt ฤรดng khรกch."
"Nhร hรng liรชn kแบฟt vแปi tour ฤi ra bรฃi tแบฏm Kแปณ Co bแบฑng ฤฦฐแปng thแปงy (bแบฏt ฤแบงu tแปซ bรฃi cฦฐ dรขn ฤรกnh cรก), kแบฟ bรชnh cแปng ( thu phรญ) Eo Giรณ."
"Quรกn ฤn cรณ dแปch vแปฅ ฤฦฐa ฤรณn khรกch nghแป แป FLC. ฤแป ฤn tฦฐฦกi ngon, giรก cลฉng khรดng quรก ฤแบฏt. Nhรขn viรชn quรกn phแปฅc vแปฅ nhiแปt tรฌnh. Mแปi ngฦฐแปi lฦฐu รฝ nแบฟu ฤi ฤoรn ฤรดng thรฌ nรชn ฤแบทt bรn trฦฐแปc ฤแป khรดng phแบฃi ฤแปฃi."
"Nhร hรng rแบฅt lแปch sแปฑ, ฤแป ฤn rแบฅt ngon - tฦฐฦกi vร giรก cแบฃ thรฌ rแบฅt phแบฃi chฤng (hรดm qua mรฌnh ฤn tรดm sรบ 950/kg cรฒn tรดm hรนm bรดng 1tr9/kg) nhรฉ! Nhรขn viรชn tฦฐ vแบฅn nhiแปt tรฌnh vร rแบฅt vui vแบป! ^^ rแบฅt thuแบญn tiแปn cho cรกc bแบกn แป FLC Quy Nhฦกn, vรฌ cรณ xe ฤฦฐa ฤรณn, chแป cแบงn alo lร nhร hรng ฤฦฐa xe vรo FLC ฤรณn ra, sau khi ฤn xong ฤฦฐa vรo lแบกi nhรฉ!Cรณ dแปp nhแบฅt ฤแปnh mรฌnh sแบฝ trแป lแบกi!"
"Hแบฃi sแบฃn tฦฐฦกi, giรก rแบฅt hแปฃp lรฝ, nแบฅu ngon, phแปฅc vแปฅ chu ฤรกo.Lแบกi cรณ cแบฃ xe ฤฦฐa ฤรณn ฤแบฟn nhร hรng mแปi chu ฤรกo."
"Cรณ xe ฤฦฐa ฤรณn, hแบฃi sแบฃn tฦฐฦกi sแปng, giรก cแบฃ phแบฃi chฤng โฃ๏ธโฃ๏ธโฃ๏ธ"
"ฤn liรชn tแปฅc แป ฤรขy mแบฅy bแปฏa! Thแปฑc phแบฉm tฦฐฦกi, chแบฟ biแบฟn ngon, nhรขn viรชn nhiแปt tรฌnh, รด chแปง vui tรญnh. Bรn ghแบฟ sแบกch sแบฝ, khรดng gian mรกt mแบป."
"Nhร hรng mแปi xรขy dแปฑng xong, 2 tแบงng hiแปn ฤแบกi, nแบฑm ngay cแบกnh bรฃi xe Eo Giรณ. Nแบฟu แป FLC thรฌ bแบกn cรณ thแป gแปi ฤiแปn cho nhร hรng ฤแป hแป ฤฦฐa xe ฤiแปn tแปi ฤรณn."
"Hแบฃi sแบฃn tฦฐฦกi, giรก hแปฃp lรฝ, nhฦฐng nhiแปu mรณn chแบฟ biแบฟn hฦกi lรขu vร nแบฅu quรก kแปน nรชn nghรชu, vแบนm xanh bแป teo lแบกi"
"Giรก cแบฃ hแปฃp lรฝ, ฤแป ฤn ngon. Phรฒng ฤn lแปch sแปฑ cรณ mรกy lแบกnh. Nhร hรnh Cรณ xe ฤฦฐa ฤรณn miแปn phรญ tแบกi FLC"
ฤแปc quแบฃng cรกo thแบฅy ฤแปa ฤiแปm tแปt. Nhฦฐng thแปฑc tแบฟ ko ฤฦฐแปฃc nhฦฐ quแบฃng cรกo. Mรณn ฤ khรดng phong phรบ. Chแบฅt lฦฐแปฃng ko ngon... giรก cแบฃ cลฉng khรดng rแบป
Quรกn phแปฅc vแปฅ khรดng chuyรชn nghiแปp. Gแปi 5 mรณn tแปซ 11h30 ฤแบฟn 13h30 mแปi mang lรชn ฤc 02 mรณn.
Quรกn ฤแป tฦฐฦกi ngon. Mรณn bแบกn ko thแป bแป qua lร salad rong nho vร lแบฉu sแปฉ nghe
"ฤแป hแบฃi sแบฃn tฦฐฦกi, chแบฟ biแบฟn rแบฅt ngon ! quรกn trang trรญ Decor ฤแบนp, phแปฅc vแปฅ nhiแปt tรฌnh, sแบฝ quay lแบกi lแบงn sau khi cรณ dแปp"
Nhร hรng nรy nแบฑm ngay eo giรณHแบฃi sแบฃn ฤa dแบกngฤแบทc biแปt แปc แป ฤรขy rแบฅt ngon nhรฉ
"Hแบฃi sแบฃn tฦฐฦกi. Chแบฟ biแบฟn nhanh, Giรก cแบฃ rรต rรng, hแปฃp lรฝ. Nแบฑm ngay lแปi vรo Eo Giรณ, tiแปn tham quan."
"Hแบฃi sแบฃn tฦฐฦกi, nแบฅu ฤn ngon, giรก cแบฃ hแปฃp lรฝ, phแปฅc vแปฅ thรขn thiแปn"
"ฤแป ฤn ngon, giรก cแบฃ bรฌnh dรขn, cรณ xe ฤฦฐa ฤรณn miแปn phรญ tแปซ FLC"
"Nhร hรng nแปi bแบญt nhแบฅt tแบกi Nhฦกn Lรฝ, kแบฟ bรชn ฤแปa danh Eo Giรณ. Thiแบฟt kแบฟ khรก hiแปn ฤแบกi vแปi kแบฟt cแบฅu chรญnh lร khung sฦฐแปn sแบฏt sฦกn ฤen.Khรกch chแปง yแบฟu ฤแบฟn tแปซ khu khรกch sแบกn FLC Quy Nhฦกn. Hแบฃi sแบฃn khรก phong phรบ, tฦฐฦกi sแปng..."
"Gแบงn khu Eo giรณ nรชn khรก tiแปn.ฤแป ฤn tฦฐฦกi ngon, nhฦฐng cรกch phแปฅc vแปฅ chฦฐa ฤฦฐแปฃc chuyรชn nghiแปp: ฤแบทt bรn trฦฐแปc, nhร hรng chแบฅp nhแบญn rแปi hแปงy mร khรดng bรกo lแบกi gรฌ..."
"Cรณ xe รด tรด xแบฟp thรชm ghแบฟ cho khรกch hรng ngแปi ฤแป ฤรณn, trแบฃ khรกch tแปซ khรกch sแบกn  TLC, nhรขn viรชn phแปฅc vแปฅ khรกch hรng nhiแปt tรฌnh"
ฤแป ฤn hแบฃi sแบฃn khรก ngon. Quรกn sแบกch sแบฝ nhแบฅt trong khu vแปฑc. Phแปฅc vแปฅ khรก nhanh
"Chแบฅt lฦฐแปฃng phแปฅc vแปฅ tแปt - quรก chuแบฉn, mรฌnh xin nฦฐแปng ฤแป riรชng cแปงa mรฌnh mang theo vแบซn nhiแปt tรฌnh lรm, xin thรชm ฤรก nแปฏa vรฌ cลฉng ฤรชm rแปi k biแบฟt lรm gรฌ, rแบฅt nhiแปt tรฌnh review 5 sao ฤรกng"
"ฤแป ฤn vแปซa miแปng, tฦฐฦกi ngon, giรก hแปฃp lรฝ. Cรณ xe ฤฦฐa ฤรณn FLC."
"Nhร hรng rแปng, thoรกng mรกt, cรณ ghแบฟ ฤn dแบทm cho trแบป em, ฤแป ฤn phong phรบ, giรก chแบฅp nhแบญn ฤฦฐแปฃc. Phแปฅc vแปฅ nhanh chรณng, nhiแปt tรฌnh"
"Hแบฃi sแบฃn tฦฐฦกi ngon, giรก cแบฃ hแปฃp lรฝ, cรณ xe ฤฦฐa ฤรณn phแปฅc vแปฅ tแบญn tรฌnh."
"Gแปi con tรดm hรนm 7 lแบกng lรm nฦฐแปng vร gแปi, cรฒn lแบกi nแบฅu chรกo. Phแปฅc vแปฅ bรช ra chรกn luรดn"
"So vแปi cรกc quรกn khรกc, quรกn phแปฅc vแปฅ nhanh nhแบนn, chแบฅt lฦฐแปฃng ฤฦฐแปฃc..."
Tour 360k/ ngฦฐแปi. Nhรณm mรฌnh ฤi 6 ngฦฐแปi. ฤแป ฤn ngon. Cรกc anh chแป nhรขn viรชn vร bรกc chแปง quรกn rแบฅt nhiแปt tรฌnh vร chu ฤรกo. Lแบงn sau nแบฟu cรณ dแปp ฤi lแบกi mรฌnh sแบฝ quรกn nแปฏa ๐
"Hแบฃi sแบฃn tฦฐฦกi sแปng,nhร hรng ngay trฦฐแปc cแปng eo giรณ"
Quรกn ฤn ฤc. Khรก mแบฏc. Hแบฃi sแบฃn k tฦฐฦกi lแบฏm. Cรณ xe ฤฦฐa ฤรณn FLC. Thรกi ฤแป nhรขn viรชn tแปt
Hรดm nay ghรฉ lแบกi sau 1 nฤm. Quรกn bรi trรญ khรดng ฤแบนp. Khรดng gian chแบญtNรณng.Thแปฉc ฤn ฤฦฐแปฃc
"Nhiแปu quรกn hแบฃi sแบฃn แป ฤรขy rแบฅt ngon trong ฤรณ cรณ nhร hรng hฦฐแปng dฦฐฦกng vแปi giรก cแบฃ vร chi phรญ hแปฃp lรฝ, nแบฑm ngay bรฃi biแปn eo giรณ lร mแปt ฤiแปm tham quan chแปฅp hรฌnh rแบฅt ฤแบนp rแบฅt hot vรo thแปi ฤiแปm nรy"
"Quan sach sแบฝ , ฤn ฤฦฐแปฃc , chแปง quรกn vui vแบป"
"Quรกn sแบกch sแบฝ, cรณ bรฃi ฤแป xe รด tรด rแปng rรฃi. ฤแป ฤn giรก nรชn ฤแป rแบป hฦกn 1 chรบt thรฌ sแบฝ cรณ nhiแปu khรกch hฦกn. Thแปฑc tรฌnh thรฌ hฦกi ฤแบฏt so vแปi cรกc vรนng biแปn khรกc"
"ฤแป ฤn cแปฑc ngon, mรฌnh ฤแบทc biแปt thรญch chรกo tรดm hรนm, mแปฑc 1 nแบฏng nฦฐแปng, cรฒn lแบฉu sแปฉa nฦฐแปc lรจo thรฌ nhแบฅt ฤแปnh phแบฃi thแปญ nha. Giรก hแปฃp lรฝ."
"Nhรณm 6 ngฦฐแปi lแปn (u35 vร u70), 2 trแบป em 12 thรกng tuแปi ฤi ฤn tแปi ngรy 03.11.2019. Xe 16 chแป ฤฦฐa ฤรณn miแปn phรญ 2 chiแปu tแปซ FLC qua nhร hรng. Cรกc bแบกn phแปฅc vแปฅ nhiแปt tรฌnh (cho cแบฃ ngฦฐแปi lแปn vร cho trแบป em). Cรณ ghแบฟ ngแปi cho trแบป nhแป. ฤแป ฤn ngon miแปng. Giรก tแบงm 200k/ngฦฐแปi."
Gแบงn khu du lแปch Eo GรญoChแปฅp choแบนt ฤรฃ rแปi vรo ฤnHแบฃi sแบฃn tฦฐฦกi ngon
"ฤแป ฤn ngon, nhฦฐng giรก ko biแบฟt cรณ gแปฃp lรฝ ko?"
"Quรกn nhiแปt tรฌnh. ฤฦฐa ฤรณn FLC miแปn phรญ. ฤแป ฤn ngon, giรก rแบป. Quรกn cรณ ฤiแปu hรฒa nhฦฐng buแปi trฦฐa vแบซn hฦกi nรณng.Nรชn thแปญ tour Kรฌ Co + ngแบฏm san hรด + 1 bแปฏa ฤn (trฦฐa hoแบทc tแปi) giรก 380k. Thแปฑc ฤฦกn nhiแปu mรณn ฤn no, bรฃi biแปn vร san hรด cแปฑc ฤแบนp. Tแบฏm แป bรฃi Kรฌ Co ngแบฏm cรก bฦกi ngay bรชn cแบกnh."
Giรก cลฉng ko quรก mแบฏc. Thแปฉc ฤn แปn. Cลฉng ko quรก ฤแบทc sแบฏc nแบฟu so vแปi giรก tiแปn.Cฦกm chiรชn hแบฃi sแบฃn mร toรn cฦกm ko ๐
"ฤแป hแบฃi sแบฃn rแบฅt tฦฐฦกi ngon, giรก cแบฃ phแบฃi chฤng. Nhรขn viรชn phแปฅc vแปฅ nhanh. รng chแปง quรกn rแบฅt thรขn thiแปn, tแปt bแปฅng vร chรขn thแบญt. ฤiแปm cแปng lร nhร hรng cรณ phรฒng mรกy lแบกnh (thแปญ hรฌnh dรนng ฤn uแปng khi ngoรi trแปi nแบฏng 37 ฤแป mแปi thแบฅy cรกi ฦฐu ฤiแปm nรy cรณ รฝ nghฤฉ thแบฟ nรo). Nhร hรng cho xe vรo tแบญn chแป แป ฤรณn ra ฤn rแปi lแบกi ฤฦฐa vแป. Bรi trรญ thรฌ chแป tแบงm 3 sao so vแปi cรกc ฤiแปm ฤแบฟn du lแปch lแปn (cho tแปi thแปi ฤiแปm nรy thรฌ nhร hรng vแปi bรi trรญ cแปก 4-5 sao chฦฐa thแบฅy cรณ แป biแปn Quy Nhฦกn) nhฦฐng hแบฃi sแบฃn vร thรกi ฤแป phแปฅc vแปฅ thรฌ khรดng khรกc gรฌ 5 sao."
"Sau khi test thแปญ 2 hรng khรกc do lรกi xe giแปi thiแปu vร rแปi lren GG tรฌm ra Hฦฐแปng Dฦฐฦกng thรฌ mรฌnh khแบณng ฤแปnh luรดn, Hฦฐฦกng Dฦฐฦกng lรm ฤแป ฤn ngon nhแบฅt vร vแป sinh nhแบฅt Eo Giรณ. Cรกc bแบกn cแปฉ vรo thแบณng ฤรณ mร ฤn ฤแปก mแบฅt 2 bแปฏa test แป hรng khรกc nhฦฐ mรฌnh. Mแปt sแป mรณn ngon nhฦฐ: thแปt rang tรดm, canh chua ngao mรนng tฦกi, canh chua cรก mรบ, cรก gรกy nฦฐแปng cuแปn bรกnh trรกng, rau muแปng xรo mรณng tay, tรดm cua cรก ghแบน, แปc... ฤแปu ngon. Giรก cแบฃ phแบฃi chฤng, dแปch vแปฅ tแปt. Mแบฅy anh chแป bรกn trรกi cรขy vร sinh tแป cลฉng cแปฑc dแป mแบฟn vร giรก rแบป ฤแป ngon."
"Quรกn ngay Eo Giรณ, cรณ dแปch vแปฅ ฤฦฐa ฤรณn khรกch tแปซ FLC, giao thแปฉc ฤn tแบกi sแบฃng khรกch sแบกn. Nhรขn viรชn phแปฅc vแปฅ nhiแปt tรฌnh, vui tรญnh. Giรก cแบฃ hแปฃp lรฝ."
Quรกn ngon trong khu Nhฦกn Lรฝ. Set cฦกm gia ฤรฌnh ฤแป ฤn khรก lร แปn. Khแบฉu phแบงn cลฉng tฦฐฦกng ฤแปi nhiแปu.
"Quรกn gแบงn eo giรณ. Tham quan chแปฅp chแบนp ghรฉ ฤn. Hแบฃi sแบฃn ngon. Nฦฐแปc chแบฅm hแบฃi sแบฃn rแบฅt ngon. Mรณn khuyen ฤn lร cรกc mon แปc sรฒ mแปก hรnh, sแปฉa nฦฐแปc lรจo. Cรณ xe ฤฦฐa ฤรณn nแบฟu bแบกn แป flc"
Chแปง quรกn nhiแปt tรฌnh giรก cแบฃ ok. ฤรฃ hai lแบงn ฤn uog แป ฤรขy nรขu nฦฐแปng rแบฅt ngon
"Mรฌnh แป Flc, hแบงu hแบฟt cรกc quan แป khu vแปฑc eo giรณ ฤแปu cรณ xe ฤฦฐa ฤรณn flc. Cung ฤc khรกch sแบกn giแปi thiแปu nhiแปu quรกn, nhฦฐng mรฌnh thแบฅy ฤn แป ฤรขy ok nhแบฅt. ฤแป ฤn chแบฟ biแบฟn hฦกp khแบฉu vแป, hแบฃi sแบฃn tฦฐฦกi ngon, cฦก sแป vแบญt chแบฅt tแปt, sach sแบฝ, nhan vien nhanh nhแบนn, nhiแปu mรณn mรฌnh thแบฅy rแบป. Tรดm hรนm lฦกn 1.2 kg chแป cรณ 1tr6.Recommend"
"Quรกn hแบฃi san tฦฐฦกi , chแบฟ biแบฟn ngon , nhiแปu mรณn hแบฃi sแบฃn lแบก: vรบ nรng cรกc loแบกi แปc.. lแบซu sแปฉa siรชu ngon cรณ cแบฃ cฦกm canh chua chรกo tรดm bฤm cลฉng ngon bรฉ nhร mรฌnh rแบฅt thรญch.  Phแปฅc vแปฅ chu ฤoรก . Cรณ xe ฤฦฐa ฤรณn free nแบฟu bแบกn แป FLC .... Nhร mรฌnh แป 3 ngรy flc ฤn cแบฃ 5 bแปฏa tแบกi nhร hรng... Mแปi ngฦฐแปi rแบฅt nhiแปt tรฌnh vร dแป thฦฐฦกng. Nรณi chung rแบฅt ฦฐng"
"Hแบฃi sแบฃn nhร Hรng Hฦฐแปng Dฦฐฦกng tฦฐฦกi ngon  giรก hแปฃp lรฝ  nv nhiแปt tรฌnh chu ฤรกo, nhร hรng cรณ xe ฤฦฐa ฤรณn miแปn phรญ ko cแบงn biแบฟt ฤn nhiแปu hay รญt. Rแบฅt ฦฐng รฝ"
"Mua tour ฤi ฤaฬo Kyฬ Co & ngฤฬm san hรด 3 350k/1 ng luรดn ฤn trฦฐa, nรชฬu k ฤn thiฬ veฬ ฤi taฬu chiฬ 180k/1 ng.Thฦฐฬฃc ฤฦกn khaฬ phong phuฬ:1. รฬc, 3  4 loaฬฃi , mรดฬi loaฬฃi 2 hoฤฬฃc 3 con.2. Baฬo ngฦฐ (6 con nhoฬ, nฦฐฦกฬng mฦกฬ haฬnh)3. Cฦกm chiรชn haฬi saฬn4. Mฦฐฬฃc hรขฬp (mฦฐฬฃc tฦฐฦกi)5. Canh rong biรชฬn6. Lรขฬu Caฬ ( rรดฬ rau khaฬ tฦฐฦกi, xรชฬp ฤeฬฃp mฤฬt)Phรขฬn 2 ng ฤn, ฤn no cฤng troฬn lun.ฦฏu"
ฤแป ฤn tฦฐฦกi ngon sแบกch sแบฝ. Rแบฅt nhiแปt tรฌnh ฤฦฐa ฤรณn phแปฅc vแปฅ. 2 lแบงn ฤแบฟn quy nhฦกn ฤแปu dแบซn ฤoรn vร ngฦฐแปi thรขn vรo ฤn. Thแบฟt kแบฟ khรก แปn so vแปi mแบทt bแบฑng chung. Vแป trรญ thuแบญn lแปฃi vรฌ nhรฌn ฤc ra eo giรณ. Rแบฅt ฦฐng nฦกi nรy
"Giรก cแบฃ vร ฤแป ฤn Ok, mรฌnh ฤรกnh giรก rแบฅt cao thรกi ฤแป phแปฅc vแปฅ cแปงa nhร hรng. ฤoรn mรฌnh cรณ ngฦฐแปi say xe nรชn ko ฤi xe 16 chแป mร yc ฤi xe ฤiแปn. Nhฦฐng xe ฤiแปn chแป ฤฦฐแปฃc dแปซng ฤรณn trแบฃ khรกch ngoรi cแปng chรo FLC cรกch khu ks 2 km. Mรฌnh chแบฅp nhแบญn ฤi vแป ฤแบฟn ฤรณ. Vแบญy mร nhร hรng ko nhแปฏng chแป xe ฤiแปn ฤแบฟn cแปng mร cรฒn cho xe otรด khรกc ฤรณn nแปi chuyแบฟn ฤแป cรณ thแป ฤฦฐa gia ฤรฌnh mรฌnh vรo tแบญn sแบฃnh ks. Rแบฅt tแบญn tรขm"
"Quรกn ฤn ฤแปa ฤiแปm ฤแบนp, ฤแป ฤn trung bรฌnh khรก, nแบฅu khรดng ngon lแบฏm, sแป lฦฐแปฃng dแปn khแบฉu phแบงn hฦกi รญt, khรดng ฤแบงy ฤแบทn. Giรก cแบฃ trung bรฌnh."
"ฤแป ฤn ngon, sแบกch sแบฝ. Chแป chแปง nhiแปt tรฌnh. Lรบc vแป nhรณm cรณ ฤแปฉa แปm chแป chแปง cho thuแปc uรดanh vร cho mฦฐแปฃn phรฒng khรกch nแบฑm nghแป.Quรกn ฤแปi diแปn vแปi Eo Giรณ (giรก vรฉ Eo Giรณ 25.000k)"
Nhร hรng ฤแบนp nhแบฅt khu. ฤแป ฤn tฦฐฦกi ngon chแบฅt lฦฐแปฃng cao. Phรน hแปฃp vแปi gia ฤรฌnh. แบคn แบฎuongj nhแบฅt mรณn ram cuแปn cแบฃi. Anh nhiแปu ko chรกn
Chแป nรy ฤแป ฤn ngon. Lแบงn sau du lแปch qua mรฌnh lแบกi ghรฉ.
"Sแบกch, ฤแบนp....cรฒn ฤang ฤแปฃi mรณn nรชn chฦฐa biแบฟt cรณ ngon khg โบ๏ธ"
Trฦฐoc ฤรขy khรดng biแบฟt thแบฟ nรo bรขy giแป ngรy 22/7/2018 ฤn tรดm so huyแบฟt mแปฑc cฦกm canh 200.000 โซ/ngฦฐแปi bรกt canh cua biแปn 1 con canh rau mung tฦกi 200.000d
"ฤแป ฤn ฤฦฐแปฃc,anh chแปง nhiแปt tรฌnh chu ฤรกo, nhฦฐng nv phแปฅc vแปฅ chแบญm vs ฤแป hแบฟt cลฉng k bรกo kh chแป ฤแบฟn lรบc hแปi mแปi bแบฃo."
"Mรฌnh lร khรกch hรng quen, ฤแปฃi rแปi cรณ ghรฉ quรกn, thแบฅy quรกn sแปฏa lแบกi dแป thฦฐฦกng, bแบฅt ngแป. Hแบฃi sแบฃn thi vแบซn tฦฐฦกi ngon mร giรก theo mรฌnh lร แปn."
"Mรณn ฤn ko cรณ gรฌ ฤแบทc sแบฏc hแบฟt,nguyรชn liแปu cรณ tฦฐฦกi vร cลฉng cรณ ฤรดng lแบกnh.NH rแปng rรฃi thoรกng vร sแบกch sแบฝ,ฤแปi xแปญ vแปi Lx hฦกi tแป"
"ฤแป ฤn tฦฐฦกi ngon. Giรก hแปฃp lรฝ. Cแบฃ nhร mรฌnh 6 ngฦฐแปi ฤn mแปฑc แปc, lแบซu ghe.... Hแบฟt cรณ 1tr"
"Mแปi ngฦฐแปi chฦฐa thแปญ thรฌ nรชn thแปญ ฤi แบก , quรกn ngon vร nhiแปt tรฌnh , rแบป vร vแปซa miแปng -))"
"Quรกn rแบฅt ฤแบนp, khรดng gian thoรกng , rแบฅt sang trแปng nhฦฐng mร giรก rแบฅt bรฌnh dรขn ,Quรกn cรณ xe ฤฦฐa ฤรณn tแปซ khu flc ฤแป phแปฅc vแปฅ thแปฉc ฤn, ngoรi ra cรฒn lรm tour ฤแป phแปฅc vแปฅ du lแปch ฤแบฃo kแปณ co, eo giรณ ...Nhรขn viรชn ฤรกng yรชu , dแป thฦฐฦกng , ...Ngoรi ra quรกn cรฒn cรณ 1 sแบกp trรกi cรขy phรญa dแปฉoi rแบฅt tฦฐฦกi ngon vร bแป rแบป ^^Thแปฑc sแปฑ mรฌnh ฤรฃ rแบฅt vui khi cรณ trแบฃi nghiแปm du lแปch tแบกi ฤรขy !"
"Rแบฅt hรi lรฒng . Quรกn rแปng rรฃi . View ฤแบนp , nv nhiแปt tรฌnh , ฤแป ฤn ngon vร tฦฐฦกi .. cรณ cฦก hแปi sแบฝ quay lแบกi แปงng hแป quรกn"
"Nhร hรng sแบกch sแบฝ, nแบฅu ngon. Giรก cลฉng ko quรก mแบฏc. Chแบฏc lร nhร hรng ฤฦฐแปฃc nhแบฅt แป Eo giรณ"
"quรกn ฤn nรy cลฉng tแบกm ฤc mร giรก cao hฦกi cao ฤn cฦกm 4 ngฦฐแปi bรฌnh thฦฐแปng thรดi hแบฟt 500k, mแปi ngฦฐแปi nรชn hแปi giรก trฦฐแปc khi ฤn nhรฉ"
"แป ฤรขy mรณn mแปฑc hแบฅp ngon, mแปt sแป mรณn khรกc mรฌnh thแบฅy bรฌnh thฦฐแปng, ฤฦฐแปฃc cรกi nhรขn viรชn rแบฅt nhiแปt tรฌnh :v"
ฤแป ฤn tฦฐฦกi vร nแบฅu rแบฅt ngon. Nhiแปu lรบc khรกch khรก ฤรดng. Nhรขn viรชn phแปฅc vu rแบฅt nhiแปt tรฌnh.
"Khรดng cรณ sแปฑ lแปฑa chแปn, mรณn ฤn trung bรฌnh khรก nhฦฐng phong cรกch phแปฅc vแปฅ thiแบฟu chuyรชn nghiแปp mang ฤแบฟn cแบฃm giรกc ฤn cแปฉ nhฦฐ bแป ฤแบฅm vรo cแป hแปng!"
Gแบงn flc resort. Nhร hรng sแบกch sแบฝ thแปฉc ฤn ngon. Nรชn thฦฐแปng thแปฉc bรกnh xรจo tรดm nhแบฃy
"ฤแป ฤn cลฉng ฤฦฐแปฃc, cรณ xe ฤฦฐa ฤรณn, giรก cแบฃ phแบฃi chฤng."
"mรฌnh vแปซa ฤแบฟn ฤn tแบกi quรกn nรy,vรo quรกn thรฌ mรกt mแบป,sแบกch sแบฝ,ฤแป ฤn cลฉng khรก ngon( ngoแบกi trแปซ mรณn canh chua chแบฃ cรก thรฌ quรก chรกn) nhฦฐng ฤแบฟn lรบc gแปi mรณn thรฌ ฤแปฃi ฤแบฟn 30โ mแปi cรณ dรน chแป gแปi 3 mรณn ฤฦกn giแบฃn ฤn vแปi cฦกm,gแปi nv thรฌ dรน giฦก tay vแบซy,gแปi nv nhรฌn thแบฅy vแบซn lรm ngฦก,nhฦฐ ko nhรฌn thแบฅy. tรญnh tiแปn thรฌ sai tรนm lum,thรชm mรณn mร mรฌnh ko gแปi nhฦฐ 2 ฤฤฉa cฦกm chiรชn ,khฤn lแบกnh ko dรนng tรญnh,bรกnh ฤa cลฉng dรนng 2 tรญnh 3...tรญnh ฤแบฟn lแบงn thแปฉ 3 mแปi ฤรบng. kแปณ vแปng vรฌ thแบฅy nhiแปu ng ฤรกnh giรก tแปt nhฦฐng ฤแบฟn nhร mรฌnh thรฌ lแบกi thแบฅt vแปng :(("
Chแบฅt lฦฐแปฃng phแปฅc vแปฅ tแปt .hแบฃi sแบฃn ฤรบng chแบฅt bแบฃn ฤแปa rแบฅt ngon. Tรดi rแบฅt thรญch
"Nhร hรng thรฌ lแปn lรm ฤn thรฌ am binh, gแปi tรดm sแปng nhฦฐng ฤรชm ra thรฌ tรดm  chแบฟt,ฤรฃ  vแบญy cรฒn thiแบฟu cรขn nแปฏa, ko ฤแบฟn chแป nรy"
Nhร hรng rแบฅt thoรกng mรกt sแบกch sแบฝ ฤแป ฤn tฦฐฦกi sแปng chแบฟ biแบฟn rแบฅt ngon.
"Chแปง quรกn nhiแปt tรฌnh, nhรขn viรชn phแปฅc vแปฅ tแปt, giรก cแบฃ hแปฃp lรฝ, mแปt sแป mรณn theo mรนa."
Giรก cแบฃ phแบฃi chฤng. Nhรขn viรชn nhiแปt tรฌnh. Mรณn gแปi แปc rau cau chรขn vแปt ฤn rแบฅt ngon. Hแบฃi sแบฃn tฦฐฦกi. (Y)
ฤแป ฤn tแบกm แปn. Giรก phรน hแปฃp.Chฦฐa chuyรชn nghiแปp lแบฏm trong cรกch phแปฅc vแปฅ
"Chแบฟ biแบฟn ngon hฦกn cรกc chแป khรกc, ฤแบทc sแบฃn tฦฐฦกng, giรก แปn!"
"Quรกn ฤn hแบฃi sแบฃn giรก hแปฃp lรฝ, ngon, cรณ xe ฤฦฐa ฤรณn khรกch tแบกi FLC Quy Nhฦกn."
"hai san tuoi song ,lua chon tan tay ,nhin thay tan mat ,nhung chu hai san dang boi loi ,nhan vien nhiet tinh vui ve ,phuc vu qua chu dao,"
"ฤn 3 ฤรชm liรชn tแปฅc, dแปch vแปฅ quรก kรฉm.Ngรy 1: nhแบกc sแปng rแบฅt แปn.Ngรy 2 & 3: quรกn ko quan tรขm ฤแบฟn khรกch.Not recommended."
ฤแป ฤn thรฌ dแปก vแปi nhแบญn viรชn phแปฅc vแปฅ chฦฐa nghiแปt tรฌnh nรณi chung lร sแบฝ mรฃi mรฃi ko cรณ lแบงn thแปฉ hai
ฤแป ฤn ngon. Giรก rแบฅt hแปฃp lรฝ. Chแป khoแบฃng 250K/ngฦฐแปi mร ฤn thoแบฃi mรกi
"Nhร hรng cรณ nhiแปu mรณn ฤn hแบฃi sแบฃn ngon, dแปch vแปฅ tแปt nhiแปt tรฌnh"
"Quรกn dแป thฦฐฦกng lแบฏm , mแปi ngฦฐแปi chฦฐa thแปญ thรฌ thแปญ ฤi nhรฉ , rแบป vร chu ฤรกo -))"
"ฤuoc ban gioi thieu ฤแบฟn quan, ฤรบng thรขt quรกn ฤแป an ngon, chแปง quรกn vร nhรขn vien ฤรชu rแบฅt dแป thฦฐฦกng. Trieu like"
"Quรกn phแปฅc vแปฅ khรก nhiแปt tรฌnh, รดng chแปง quรกn vui tรญnh, thแปฉc ฤn ngon vร giรก hแปฃp lรฝ !"
Giรก cแบฃ vแปซa phแบฃi. ฤแป ฤn ngon. Phรฒng vip lรกt gแบกch hoa nแปฏa lร ฤแบนp
"Thแปฑc phแบฉm ngon vร rแบป. Thรกi ฤแป phแปฅc vแปฅ tแปt, cรณ chแป ฤแป xe thuแบญn lแปฃi"
"Quรกn phแปฅc vแปฅ แปn ฤแปnh, ฤแป ฤn ngon vร rแบป... liรชn kแบฟt dแปch vแปฅ khรกc cลฉng tแปt... OK"
"Quรกn ฤn rแบฅt ngon, nhรขn viรชn phแปฅc vแปฅ rแบฅt chu ฤรกo,lแบงn sau chแบฏc chแบฏn quay lแบกi."
"Mรณn tรดm sรบ sแปt me, chรกo bรo ngฦฐ cแปงa nhร hรng Hฦฐแปng Dฦฐฦกng lร nhแบฅt"
"Lแปch sแปฑ, giรก vแปซa phแบฃi, phแปฅc vแปฅ nhanh, cรณ xe ฤฦฐa ฤรณn miแปn phรญ ฤแบฟn FLC"
"Quรกn nรณi chung nแบฅu ฤn tแบกm ฤฦฐแปฃc, ฤฦฐแปฃc cรกi nhรขn viรชn vร chแปง quรกn rแบฅt thรขn thiแปn"
ฤรด ฤn OK. ฤuoc ฤiแปm cแปng lร quan tuy ฤรดng nhฦฐng phแปฅc vแปฅ rแบฅt nhanh vร nhiแปt tinh
ฤn ฤฦฐแปฃc. Khรดng rแบป lแบฏm nhฦฐng rแบป hฦกn trong FLC Quy Nhฦกn. Cรณ xe ฤฦฐa ฤรณn tแปซ FLC Quy Nhฦกn ra quรกn ฤn uแปng.
"Hแปi thรกng 8 mรฌnh cรณ แป Flc Quy Nhฦกn, cรณ ghรฉ 1 vรi quรกn hแบฃi sแบฃn แป ฤรขy, cแบฃm nhแบญn quan nay lร ok nhแบฅt. Cรณ dแปp sแบฝ ghรฉ lแบกi"
"Hแบฃi sแบฃn tฦฐฦกi, phแปฅc vแปฅ nhiแปt tรฌnh ฤแบทc biแปt lร bแบกn trai tรชn Ninh tฦฐ vแบฅn ฤn bao nhiรชu lร vแปซa ฤแปง. Sแบฝ quay lแบกi"
"ฤi du lแปch cรนng cty ฤฦฐแปฃc ฤi ฤn แป ฤรขy, ฤแป phแปฅc vแปฅ hฦกi chแบญm vร ฤแป ฤn ko mแบฅy ฤแบทc sแบฏc."
"Quรกn ngon, giรก rแบฅt hแปฃp lรฝ, nhรขn viรชn nhiแปt tรฌnh, nรณi chuyแปn dแป thฦฐฦกng !!"
"Giรก แปn, ฤแป ฤn ฤn ฤฦฐแปฃc, khรกch du lแปch nรชn ghรฉ"
"Gแปi mรณn nhanh,nhรขn viรชn phแปฅc vแปฅ nhiแปt tรฌnh,thรขn thiแปn.quรกn sแบกch sแบฝ"
"ฤแป ฤn ngon, tฦฐฦกi, rแบป. Sแบฝ quay lแบกi nแบฟu cรณ dแปp"
"Quรกn hแบฃi sแบฃn cลฉng khรก ok, giรก cแบฃ vแปซa phแบฃi, hแบฃi sแบฃn tฦฐฦกi nhiแปu loแบกi."
Giad tฦฐฦกng ฤฦฐฦกng cรกc nhร hรng lรขn cแบญn. Cฦก sแป vแบญt chแบฅt vฦฐแปฃt trแปi. Sแบกch sแบฝ.
"Chแบฅt lฦฐแปฃng, giรก cแบฃ tแปt, rแบป hฦกn khoแบฃng 25% trong Quy Nhฦกn"
"Quaฬn phuฬฃc vuฬฃ chu ฤaฬo. Mรดฬi tฦฐฦกi ngon, giaฬ hฦกฬฃp lyฬ."
แบจm thแปฑc phong phรบ vร ฤa dแบกng. Nhรขn viรชn nhiแปt tรฌnh
Wan rat dep.phuc vu tot gia ca rat binh dan.dac biet hai san rat tuoi.minh va ban be rat hai long khi ghe huong duong wan.moi nguoi neu co di du lich nhon lรฝ ki co nho ghe huong duong wanHen hรจ nรy minh se ghรฉ wan tiep
"Nhร hรng chแบญm, lรm ฤn quรก kรฉm. ฤแป ฤn lรชn chแบญm. cฦกm rau mang trฦฐแปc. trรกnh xa luรดn.."
"ฤแป an ngon. Mรณn cฦกm mรณn hแบฃi san ฤแปu ngon , hop khau vแป cua minh."
"ฤn tแปซ thแปi cรฒn sฦก khai,chแบฅt lฦฐแปฃng tuy cรณ giแบฃm bแปt nhฦฐng vแบซn khรก แปn vแป nguyรชn liแปu. Khรดng gian hiแปn ฤแบกi bแบฏt mแบฏt"
Tแบกm แปn. Chแบฅt lฦฐแปฃng trung bรฌnh... Cรณ lแบป ฤรขy lร chแป tแปt nhแบฅt แป khu vแปฑc nรy nรชn...chแปu thรดi chแปฉ biแบฟt sao giแป.
Hai sแบฃn tฦฐฦกi. Chแบฟ biแบฟn ngon. Nรชn ฤn lแบซu sแปฉa. Cรก gรกy nฦฐแปng.
quaฬn ฤn phong caฬnh ฤeฬฃp. moฬn ฤn ngon..
"Ngon, phแปฅc vแปฅ nhiแปt tรฌnh cรณ xe ฤฦฐa ฤรณn vแป flc"
"Nhร hรng rแปng rรฃi,ฤแป hแบฃi sแบฃn tฦฐฦกi ฤa dแบกng,giรก hแปฃp lรฝ"
"Quรกn to, rแปng, ฤแป ฤn khรดng ngon. Giรก vแปซa phแบฃi"
ฤแป ngon nhฦฐng ko rแบป. Cรณ xe ฤiแปn ฤฦฐa ฤรณn tแบกi FLC
"Lรm nhanh gแปn, ฤแป tฦฐฦกi vร ngon, quรกn sแบกch sแบฝ"
"Quรกn ฤแบนp, nแบฅu ngon. Nรชn cรณ thรชm ฤiแปu hoร"
"Quรกn rแปng, sแบกch sแบฝ, ฤแป ฤn ngon nhฦฐng lรn hฦกi chแบญm"
ฤแป ฤn tฦฐฦกi ngon. mon bรo ngฦฐ mo hanh rat ngon
Dแป mร cรฒn chแบทt chรฉm.Quรกn nรy nรณi mแปt ฤฦฐแปng tรญnh tiแปn mแปt nแบปo.
Gแปi mแบฅy mon cแบฃm giรกc ฤรชu tuoi ngon. Nhรขn vien cung nhiet tinh de thuong
"ฤแป ฤn k ngon ,phแปฅc vแปฅ k nhiet tรฌnh,k muแปn quay lแบกi lแบงn 2"
Quan ฤแบนp va sแบกch sแบฝ thแปฑc ฤn tฦฐฦกi sแปng giรก hแปฃp phรน hแปฃp
Tแบกm แปn nhฦฐng khแบฉu vแป ko hแปp lแบฏm cho dรขn miแปn tรขy.
"Thแปฉc ฤn ngon, nhฦฐng phแปฅc vแปฅ chแป ฤฦฐแปฃc 2 sao."
"Ngon, nhiแปt tรฌnh, cรณ xe tแปซ flc ฤแบฟn ฤรณn miแปn phรญ"
"buรดn bรกn ko ฤรบng sแปฑ thแบญt,ฤแป mรฌnh chแปn nhฦฐng ฤem ra thรฌ khรกc"
"Quรกn khรก แปn, mรณn ฤn ฤฦฐแปฃc, giรก khรดng ฤแบฏt."
"khรดng gian ฤแบนp,ฤแป ฤn ngon,nhรขn viรชn phแปฅc vแปฅ dแป thฦฐฦกng"
Quรกn trang trรญ hiแปn ฤแบกi vร ฤแบนp nhแบฅt khu vแปฑc eo giรณ
"Giรก phแบฃi chฤng,nhรขn viรชn dแป thฦฐฦกng,ฤแป ฤn แปn."
"Khuyรชn mแปi ngฦฐแปi ฤi nรชn book tour khi ra ngoรi kรฌ co eo giรณ theo lแปch trรฌnh bรชn nhร hรng sแบฝ tiแปn hฦกn vร tiแบฟt kiแปm chi phรญGiรก 350k / ngฦฐแปi ( gแปm cano, hฦฐแปng dแบซn ฤแปa phฦฐฦกng, ฤn trฦฐa theo tour, vรฉ vรo cแปng Kแปณ Co, Eo giรณ, รกo phao vs kรญnh lแบทn แบก)Nhฦฐng khi ฤi lแบทn ngแบฏm san hรด thรฌ hฦกi bแบฅt tiแปn vรฌ khรดng ฤฦฐแปฃc xuแปng ngแบฏm vรฌ hรฒn sแบนo sรขu khi xuแปng cแบงn cรณ nv theo thรฌ phแบฃi thuรช bรฌnh oxi 500k 600k gรฌ ฤรณCรฒn leo thuyแปn thรบng ฤแป xem thรฌ 50k / ng chรจo chรจo vรi cรกi rแปi vรo( ai chฦฐa thแบฅy san hรด nรชn ฤi thuyแปn thรบng ngแบฏm cรกi vรo cรฒn ai lแบทn ngแบฏm rแปi k nรชn ฤi tแปn tiแปn phรญ )Vแป ฤn uแปng nhร hรng bแบฃo nam tแบกm แปn cรณ cรกc mรณn nhฦฐ hรฌnh , nhรขn viรชn dแป thฦฐฦกng , xe ฤฦฐa ฤรณn vร thuyแปn cลฉng okGiรก rแบปKhuyรชn nรชn ฤi bรชn nรy"
"ฤแป ฤn ngon, cรฒn tฦฐฦกi sแปng, nhร hรng thoรกng mรกt rแปng rรฃi, cรณ sรขn vฦฐแปn, nhรขn viรชn phแปฅc vแปฅ dแป thฦฐฦกngCรณ nฦฐแปc tแบฏm trรกng sau khi tแบฏm biแปn tแบกi bรจCรณ tour Kแปณ Co, Eo giรณ rแบฅt tuyแปt cรณ cano ฤi qua ฤแบฃoCรณ ngฦฐแปi hฦฐแปng dแบซn ฤแปa phฦฐฦกng"
"Thแบญt sแปฑ rแบฅt ฦฐng ,tiแบฟc lร chแป cรณ 5*nแบฟu hรดng sแบฝ 7 8* lun ,nhรขn viรชn nhiแปt tรฌnh ,cรกc mรณn ฤn ngon hแปฃp khแบฉu vแป khรกch bแบฏc ,nam  giรก cแบฃ hแปฃp lรฝVรo FLC 3 ngรy chแป thรญch ฤn mแปi chแป ฤรขy ๐โฅ๏ธโฅ๏ธ"
"ฤฦฐแปฃc ngฦฐแปi quen giแปi thiแปu , nรชn thแปญ ghรฉ qua ฤรขy 1 lแบงn . Cแปฑc kแปณ ฦฐng รฝ . Hแบฃi sแบฃn rแบฅt tฦฐฦกi , chแบฟ biแบฟn ngon , giรก cแบฃ lแบกi quรก rแบป so vแปi nhแปฏng ฤแปa ฤiแปm khรกc . Mแบฅy bแบกn phแปฅc vแปฅ nhiแปt tรฌnh , thรขn thiแปn . Sแบฝ cรฒn quay lแบกi ฤรขy nแปฏa nha"
Cรกm ฦกn nhร hรng Bแบฃo Nam ฤรฃ cho tรดi trแบฃi nghiแปm mแปt chuyแบฟn du lแปch vแป biแปn ฤแบฃo kแปณ co ฤแบงy lรฝ thรบ.song sแปng cรนng vแปi ฤรณ cho chรบng tรดi thฦฐแปng thแปฉc nhแปฏng mรณn hแบฃi sแบฃn tฦฐฦกi sแปng thแบญt lร ngon.
"Nhร hรng dแป chแปu, thแปฉc ฤn ngon, nhรขn viรชn nhiแปt tรฌnh vร thรขn thiแปn , giรก cแบฃ hแปฃp lรฝ ! Sแบฝ quay lแบกi ! Cรกm ฦกn nhร hรng !"
"Cรณ dแปch vแปฅ xe ฤฦฐa ฤรณn sรขn bay. Thรกi ฤแป nhรฃ nhแบทn, thรขn thiแปn, lแบงn sau sแบฝ ghรฉ nhร hรng thฦฐแปng thแปฉc hแบฃi sแบฃn"
"Khรดng gian ฤแบนp, hฦฐฦกng vแป cลฉng rแบฅt ngon giรก cแบฃ thรฌ phแบฃi chฤng. Nguyรชn liแปu tฦฐฦกi sแปng, khi nรo mรณn ฤn bแบฏt ฤแบงu nแบฅu thรฌ thแปฑc phแบฉm mแปi ฤฦฐแปฃc bแบฏt sแปng ฤแป chแบฟ biแบฟn. Mแปt ฤแปa ฤiแปm rแบฅt thรญch hแปฃp ฤแป trแบฃi nghiแปm cรนng gia ฤรฌnh vรo cuแปi tuแบงn hay cรกc kรฌ nghแป. Sแบฝ giแปi thiแปu cho bแบกn bรจ vร quay trแป lแบกi vรo 1 dแปp gแบงn nhแบฅt."
"Khรดng gian thoรกng mรกt, sแบกch sแบฝ. Hแบฃi sแบฃn tฦฐฦกi sแปng. Phแปฅc vแปฅ chu ฤรกo. Cรณ dแปp nhแบฅt ฤแปnh sแบฝ ghรฉ quรกn 1 lแบงn nแปฏa."
"Khi den quan dang sua chua, nen it khach va cung it mon anTuy nhien quan lam mon cung rat ngon, tuoi song, gia cung hop ly (nhung hoi cao 1 ti so voi nhung quan khac).Goi mon nhanh chong, phuc vu, xe dua don nhanh chong, nhiet tinh."
"Mรณn ฤฦกn giแบฃn nhฦฐng ฤฦฐแปฃc cรกi tฦฐฦกi ngon. Giรก tฦฐฦกng ฤฦฐฦกng cรกc quรกn hแบฃi sแบฃn lแปn แป Saigon nhฦฐng cลฉng khรก cแบกnh tranh. Nรชn ghรฉ ngang khi ฤแบฟn Kแปณ Co, Quy Nhฦกn"
"ฤแป ฤn tฦฐฦกi hoแบทc chแปn sแบตn, ฤi tour Kแปณ Co cรณ sแบตn cano ^^, nhร hรng thoรกng mรกt, sแบกch sแบฝ, view rแปng rรฃiฤiแปm ฤแบฟn khi ghรฉ FLC"
"Nhร Hรng Khรดng Chแป Phแปฅc Vแปฅ ฤn Uแปng Hแบฃi Sแบฃn , Cรฒn Tแป Chแปฉc Rแบฅt Nhiแปu Tour Trรฃi Nghiแปm Thรบ Vแป ๐๐๐"
Ngon bแป rแบป giรก cแบฃ hแปฃp lรฝ... Phแปฅc vแปฅ รขn cแบงn chu ฤรกo...
"Nhร hรng rแปng rรฃi , phแปฅc vแปฅ tแปt . Nแบฟu cรณ dแปp gแบทp lแบกi Nhร Hรng Bแบฃo Nam"
"ฤแป ฤn ngon, phแปฅc vแปฅ ok, giรก hแปฃp lรญ, cรณ ฤฦฐa ฤรณn free tแปi FLC."
Quan sach sแบฝ phuc vแปฅ chu ฤรกo nhฦฐng hฦกi chแบญm
Trแบกm dแปซng chรขn ฤแป chuyแปn tiแบฟp ฤi tour ฤแบฃo Kแปณ Co
"Quรกn ฤn sแบกch sแบฝ, thoรกng mรกt! ฤแป ฤn hฦกi รญt mรณn!"
"ฤแป ฤn hแปฃp khแบฉu vแป mรฌnh, ฤa dแบกng, nhแบฅt lร cรฒn sแปng trong bแป, ฤแป mรฌnh cรณ thแป lแปฑa chแปn, kรจm theo ฤi tour Kแปณ Co, cรณ xe lแปn cho ฤoรn mรฌnhNhร hรng rแปng, view thoรกng mรกt, sแบกch sแบฝLแบงn sau sแบฝ ghรฉ vร giแปi thiแปuMแปt ฤiแปm ฤแบฟn thรบ vแป gแบงn FLC"
"Cรณ xe ฤฦฐa ฤรณn tแปซ FLC, ฤiแปu nรy rแบฅt tแปt. ฤแป ฤn rแบฅt ngon vร giรก cแบฃ hแปฃp lรฝ. Quรกn rแปng thoรกng mรกt nรณi chung lร hแปฃp lรฝ. Tuyแปt vแปi"
Ngon. ฤแป ฤn rแบฅt hแปฃp vฦกi khแบฉu vแป. Hแบฃi sแบฃn tฦฐฦกi. Phแปฅc vแปฅ tแปt. Nhร hรng thoรกng mรกt sแบกch sแบฝ. Mรฌnh ฤรกnh giรก cao vแป nhร hรng. Lแบงn sau mรฌnh sแบฝ ghรฉ.
"ฤแป ฤn ฤa dแบกng, phong phรบ, ฤแปnh lฦฐแปฃng nhiแปu, gแบงn khu LFC vร eo giรณ, cรณ xe ฤฦฐa ฤรณn miแปn phรญ vร ฤi tour kแปณ co cรณ cano lฦฐแปt sแปngQuรก tuyแปt"
Nhร hรng view ฤแบนp thoรกn mรกt ฤแป ฤn tฦฐแปi sแปng ฤn rแบฅt vแปซa miแปng nhแบฅt ฤแปnh lแบงn sau sแบฝ ghรฉ nแปฏa โค๏ธ
"ฤoฬฬ aฬn cuฬa quaฬn raฬฬt ngon , nhaฬn vieฬn phuฬฃc vuฬฃ toฬฬt , khoฬng gian nhaฬ haฬng roฬฃฬng raฬi . Coฬ diฬฃp seฬ gheฬ quรกn moฬฃฬt laฬฬn nuฬฬa"
"ฤรดฬ ฤn cuฬa quaฬn rรขฬt ngon , khรดng gian nhaฬ haฬng saฬฃch seฬ vaฬ rรดฬฃng raฬi . Seฬ uฬng hรดฬฃ lรขฬn nฦฐฬa khi quay laฬฃi nฦกi ฤรขy ๐"
CHแบคT LฦฏแปขNG UY TรN TRรCH NHIแปM HแปขP TรNH ฤแบT Lร...
"Thiแบฟu chuyรชn nghiแปp, cรณ dแบฅu hiแปu lแปซa khรกch. ฤแบทt trฦฐแปc 2kg Tรดm sรบ vร mแปt sแป mรณn khรกc nhฦฐng khi ฤแบฟn thรฌ Tรดm ฤรฃ ฤฦฐแปฃc nฦฐแปng trฦฐแปc, ฤn thรฌ toรn tรดm long ฤแบงu. Cฦกm thรฌ 2 hรดm ฤแปu sแปng, ฤแป tฦฐฦกi thรฌ รญt, phแปฅc vแปฅ thรฌ chแบญm vร thiแบฟu chuyรชn nghiแปp. Tรณm lแบกi, rแบฅt chแปp giแบญt, k bao giแป quay lแบกi."
"Dแป! CแปฐC Dแป! PHแปคC Vแปค THรI ฤแป! BรN TOUR MแบฎC KHรNG ฤรNG TIแปN. Mแปi ngฦฐแปi nรชn kรชu xe xuแปng thแบณng chแป mua vรฉ vรด Kรฌ Co khรดng nรชn mua tour แป ฤรขy. Vรฉ vรo Kรฌ Co chแป 180/ng แป ฤรขy ko ฤn trฦฐa lร 250k cรณ ฤn lร 450k. ฤแป ฤn trฦฐa cแปฑc dแป, khรดng no, khรดng cho chแปn mรณn mร รกp ฤแบทt sแบตn, cลฉng ko cho xem trฦฐแปc menu, thรกi ฤแป nhรขn viรชn lรฒi lรตm. Dรน ฤรฃ bรกo trฦฐแปc 20' nhฦฐng lรชn ฤแบฟn nฦกi vแบซn phแบฃi ngแปi ฤแปฃi rแบฅt lรขu."
Cแบฃm ฦกn nhร hรng ฤรฃ cho ฤoรn vร gia ฤรฌnh ngon hแบฃi sแบฃn tฦฐฦกi. Bรกc nhร hรng thแบญt nhiแปt tรฌnh. Nhรขn viรชn chu ฤรกo. Tรi xแบฟ xe nhร hรng nhiแปt tรฌnh. Tรดi แป flc ฤn uแปng hแบฃi sแบฃn tแบกi nhร hรng 3lแบงn cแบฃm thแบฅy ok ๐ .
Nhร hรng view vฦฐแปn thoรกng mรกt hแบฃi sแบฃn tฦฐฦกi sแปng rแบฅt ngon mร giรก cแบฃ rแบฅt phแบฃi chฤng
"Nhร hรng cรณ xe ฤฦฐa ฤรณn free tแปซ FLC ra ฤแบฟn nhร hรng vร khแปฉ hแปi cแบฃ lฦฐแปฃt vแป , giรก cแบฃ niรชm yแบฟt rรต rรng . nhร bแบฟp chแบฟ biแบฟn ฤแป ฤn cลฉng rแบฅt hแปฃp khแบฉu vแป . Good"
ฤแป ฤn ok. Nhฦฐng xแบฟp lรชn ฤฤฉa lรจo tรจo. Khiแบฟn khรกch cรณ cแบฃm giรกc hฦกi hแปฅt hแบซng. Mรฌnh nghฤฉ nhร hรng cรณ thแป nรขng giรก ฤฤฉa bแบกch tuแปc nฦฐแปng tแปซ 110k lรชn 150k sau ฤรณ lรm ฤแบงy ฤแบทn mแบฏt hฦกn xรญu. Khรกch ฤแปก thแบฅy kแปณ.
"Tiฬnh cฦกฬ ฤi du liฬฃch Kyฬ co - Eo gioฬ tรดi ฤaฬ gheฬ ฤn taฬฃi nhaฬ haฬng Baฬo Nam , ฤรดฬ ฤn haฬi saฬn ฦกฬ ฤรขy tฦฐฦกi sรดฬng , chuฬ nhiรชฬฃt tiฬnh vaฬ nhรขn viรชn thรขn thiรชฬฃn . Tรดi thรขฬy giaฬ cuฬng phuฬ hฦกฬฃp so vฦกฬi ฦกฬ ฤรขy . Caฬc baฬฃn nรชn gheฬ ฤn thฦฐฬ khi du liฬฃch bรชn Nhฦกn Lyฬ"
"ฤแป ฤn rแบฅt ngon, phแปฅc vแปฅ rแบฅt tแปt, giรก cแบฃ phแบฃi chฤng, cรณ xe ฤฦฐa ฤรณn free tแปซ FLc ra Nhร Hรng ฤn"
Cแบฃm ฦกn nhร hang Bแบฃo Nam ฤรฃ cho gia ฤรฌnh mรฌnh 1 bลฉa ฤn thแบญt ngoan miแปng. Nhรขn viรชn nhiแปt tรฌnh vร rแบฅt chu ฤรกo. Gia ฤรฌnh e tแปซ ngฦฐแปi khรณ chแปu nhแบฅt cลฉng rแบฅt long vแป cรกch phแปฅc vแปฅ. CแบขM ฦN NHร HรNG NHIแปU
ฤแป ฤn rแบฅt ngon vร tฦฐฦกi giรก cแบฃ hแปฃp lรญ ngon bแป rแบป
"Nhร hรng rแปng rรฃi , phแปฅc vแปฅ rแบฅt tแปt , giรก cแบฃ phแบฃi chฤng . Cรณ xe ฤฦฐa ฤรณn miแปn phรญ tแปซ FLC vแป nhร hรng"
Nhร hรng ฤn Ngon vร nhanh gแปnCแบฃm ฦกn nhร hรng Bแบฃo nam cho mรฌnh ฤn 1 buแปi thแบญt lร ngon miแปng
"Nhร hรng view vฦฐแปn thoรกng mรกt hแบฃi sแบฃn tฦฐฦกi ngon , giรก cแบฃ phแบฃi chฤng ."
Rแบฅt lร good. ฤแป ฤn ngon giรก cแบฃ phแบฃi chฤng
ฤแป ฤn ngon khรดng gian thoรกng mรกt sแบกch sแบฝ nhรขn viรชn phแปฅc vแปฅ nghiแปt tรฌnh ai tแปi kแปณ co nรชn tแปi quรกn bแบฃo nam lร ok nhแบฅt
ฤฦฐแปฃc ฤn lแบฉu ghแบน แป ฤรขy quแบฃ lร mแปt ฤiแปu may mแบฏn ฤแปi vแปi mรฌnh. ฤแบฟn nhร hรng vรo ban ฤรชm ฤฦฐแปฃc ngฦฐแปi yรชu tรกch ghแบน cho ฤn lรฃng mแบกn lแบฏm luรดn. Khรดng gian rแปng rรฃi cรณ chรฒi riรชng nแปฏa. Nhแบฅt ฤแปnh sแบฝ ghรฉ lแบกi lแบงn nแปฏa <3
"Quรกn rแปng thoรกng, dแปch vแปฅ cano tแปt, cรณ xe ฤiแปn ฤฦฐa ฤรณn. Anh chแปง cรณ vแบป quen biแบฟt rแปng nรชn ฤi ฤรขu cลฉng ฤฦฐแปฃc sฤp xแบฟp thoแบฃi mรกi hฦกn.ฤแป ฤn ngon, nhฦฐng hฦกi รญt mรณn"
"Nhร hรng view vฦฐแปn thoรกng mรกt hแบฃi sแบฃn tฦฐฦกi ngon, giรก cแบฃ phแบฃi chฤng"
"Hแบฃi sแบฃn tฦฐฦกi ngon,nhรขn viรชn phแปฅc vแปฅ trฦฐ vแบฅn tour nhiแปt tรฌnh chu ฤรกo,cรณ dแปp sแบฝ quay lแบกi แปงng hแป nhร hรng"
Nhร hรng bรกn nhiแปu hแบฃi sแบฃn tฦฐฦกi sแปng ngon vร phแปฅc vแปฅ rแบฅt chuyรชn nghiแปp โค
"แบคn tฦฐแปฃng ฤแบงu tiรชn cแปงa quรกn lร sแบกch + ฤแบนp , khรดng khรญ thoรกng ฤรฃng sang trแปng . Thแปฉc ฤn ฤฦฐแปฃc chแบฟ biแบฟn kฤฉ vแปซa miแปng, nguyรชn liแปu tฦฐฦกi sแปng thแปฑc khรกch cรณ thแป quan sรกt. Lรm vรi ly bia vแปi bแบกn bรจ sau buแปi ฤi chฦกi biแปn ฤรบng lร tuyแปt vแปi !"
Thรกi ฤแป phแปฅc vแปฅ RแบคT Tแป! Combo phแบงn ฤn cho khรกch tour vรด cรนng ฤแบฏt ฤแป vร mรณn ฤn thแบญm chรญ dแป ฤแบฟn mแปฉc khรณ nuแปt.
"Dแปch vแปฅ du lแปch Kแปณ Co - Eo Giรณ, ฤn uแปng. Hแบฃi sแบฃn tฦฐฦกi ngon nhแบฅt trong cรกc nhร lรm du lแปch bรฃi Kแปณ Co. Cรณ xe ฤฦฐa vแป khรกch sแบกn miแปn phรญ."
Nhร hรng  hแบฃi sแบฃn  tฦฐฦกi  sแปng ฤn rแบฅt ngon .giรก cแบฃ hแปฃp lรฝ. Nhรขn viรชn phแปฅc  vแปฅ nhiแปt  tรฌnh chแบฅt lฦฐแปฃng ok
"ฤแป ฤn ngon, nv phแปฅc vแปฅ tแปt, nhiแปt tรฌnh, cรณ dแปp ฤแบฟn Quy Nhฦกn lแบงn nแปฏa mรฌnh sแบฝ liรชn hแป cรกc bแบกn โค"
"Gia ฤรฌnh mรฌnh nghฤฉ dฦฐแปกng flc 3 ngรy ฤiแปu sแปฏ dแปฅng ฤn uแปng แป nhร hรng bแบฃo nam,hแบฃi sแบฃn ฤa dแบกng,cรณ xe ฤฦฐa ฤรณn tแปซ flc ra nhร hรng ฤn xong ฤv chแป vแป miแปn phรญ,phแปฅc Nou chung lร quรก chu ฤรกo vร nhiแปt tรฌnh"
"Nhร hรng cรณ sรขn vฦฐแปn thoรกng mรกt , gia ฤรฌnh mรฌnh แป FLC vร liรชn lแบกc trแปฑc tiแบฟp cho anh chแปง nhร hรng thรฌ tแบงm khoแบฃng 5p sau lร ฤรฃ cรณ xe vรo tแบญn sแบฃnh ฤรณn gia ฤรฌnh mรฌnh ฤi ra nhร hรng dรนng hแบฃi sแบฃn , anh chแปง thรขn thiแปn vร cรฒn nhiแปt tรฌnh tฦฐ vแบฅn cรกc tour cho gia ฤรฌnh mรฌnh , hรจ nฤm sau nhแบฅt ฤแปnh sแบฝ ghรฉ nhร hรng ฤแป ฤi tour biแปn ฤแบฃo ๐๐๐"
"Nแบฑm gแบงn FLC Qui Nhฦกn, chแปง yแบฟu bรกn cho khรกch du lแปch nghแป แป FLC. Giรก cแบฃ khรก hแปฃp lรฝ. Phแปฅc vแปฅ nhiแปt tรฌnh. Nhฦฐng ฤแป ฤn vร ฤแป uแปng khรดng ฤa dแบกng. Toรn bแป nhร hรng trรดng khรก nhแบฟch nhรกc"
"Phแปฅc vแปฅ tแปt, tแบญn tรฌnh chu ฤรกo, mรณn ฤn ngon mร lแบกi rแบป nแปฏa. Nhรขn viรชn tฦฐ vแบฅn nhiแปt tรฌnh, nแบฟu cรณ cฦก hแปi sแบฝ ghรฉ lแบกi lแบงn sau. ฤรกnh giรก 5 sao."
"Hแบฃi sแบฃn rแบฅt tฦฐฦกi vร ngon  , nhร hรng rแปng rรฃi thoรกng mรกt , phแปฅc vแปฅ rแบฅt tแปt"
"Nhร hรng thฦฐฦกng hiแปu tแบกi lรng chรi tแปซ nhแปฏng nฤm cรฒn lร miแปn cรกt vรng hoan sฦก, cho ฤแบฟn nay vแบซn giแปฏ ฤฦฐแปฃc cรกc mรณn ฤn truyแปn thแปng tแปซ lรng chรi vร giรก cแบฃ hแปฃp lรฝ! Rแบฅt tuyแปt vแปi khi bแบกn ฤแบฟn Nhร Hรng Bแบฃo Nam,thuแปc Thรดn lรฝ lฦฐฦกng Xรฃ Nhฦกn lรฝ."
"Hแบฃi sแบฃn tฦฐฦกi sแปng ngon ,hแปฃp khแบฉu vแป ,nhรขn viรชn phแปฅc vแปฅ chu ฤรกo ,cรณ dแปp sแบฝ ghรฉ lแบงn nแปฏa"
Nhร hรng view ฤแบนp thoรกng mรกt . ฤแป ฤn tฦฐฦกi sแปng ngon 10 ฤiแปm
Nhร hรng nรy . ko ngoรi mong ฤแปฃi ฤn uแปng hแบฃi sแบฃn tฦฐฦกi dv tแปt . riรชng tรดi tรดi thรญch nhแบฅt sแปฑ nhiแปt tรฌnh cแปงa nhร hรng bแบฃo nam . ฤn uแปng ok
"Tแบกm ฤฦฐแปฃc, chแปง yแบฟu ฤi kแปณ co tham quan bรฃi biแปn. Nhร hรng nรy kd dแปch vแปฅ ca nรด ฤฦฐa khรกch ฤแบฟn kแปณ co vร vแป lแบกi Nhฦกn Lรฝ. Giรก tแบกm ฤc ko rแบป"
Nhร hรng bแบฃo nam cรกch phแปฅc vแปฅ tแปtHแบฃi sแบฃn tuoi ngon vแปi ฤแปi ngลฉ nhรขn viรชnTแปt ... ฤแปi ngลฉ ฤแบงu bแบฟp chuyรชn nghiแปp chแบฟ biแบฟn nhแปฏng mรณn ฤn ngon ฤแป phแปฅc vแปฅ. Tรดi sแบฝ giแปi thiแปu cรดng ty vร bแบกn bรจ ngฦฐแปi thรขn tรดi ฤแบฟn nhร hรng bแบฃo nam
"Rแบฅt chuyรชn nghiแปp,ฤฦฐa ฤรณn khรกch tแบกi FLC miแปn phรญ,nhร hรng thoรกng mรกt ฤแป ฤn sแปng bฦกi tแบกi hแป cho mรฌnh chแปn."
"mรฌnh ฤi cแบฃ gia ฤรฌnh, nhร hรng phแปฅc vแปฅ chu ฤรกo, mรฌnh ฤi luรดn tour 300k/ ngฦฐแปi, chฦกi thแปa thรญch, ฤn no nรช luรดn, mแป chuyแบฟn kแปณ co thแบญt thรบ vแป"
"Hแบฃi sแบฃn tฦฐฦกi ngon. Mรฌnh gแปi mรณn cua ฤรก, ฤn ฤรบng ngon. Phแปฅc vแปฅ dแป thฦฐฦกng."
"ฤแป ฤn Hแบฃi Sแบฃn tฦฐฦกi sแปng,giรก cแบฃ hแปฃp lรญ chแบฅt lฦฐแปฃng dแปch vแปฅ tแปt,chแปง quรกn tฦฐ vแบฅn nhiแปt tรฌnh..."
"Phแบฃi cรดng nhแบญn lร quรก tuyแปt vแปi. Gia ฤรฌnh mรฌnh tแปซ Nghแป An vรo ฤรขy du lแปch, tรฌnh cแป biแบฟt nhร hรng nรy qua mแบกng. ฤแป ฤn thรฌ khแปi nรณi, quรก ngon, mแบทc dรน lร dรขn tแปnh khรกc ฤแบฟn nhฦฐng khรดng hแป bแป รฉp giรก mร cรฒn phแปฅc vแปฅ rแบฅt nhiแปt tรฌnh. Quรก tuyแปt"
"Nhร hรng sรขn vฦฐแปn thoรกng mรกt - hแบฃi sแบฃn ฤแบทc biแปt tฦฐฦกi ngon - giรก cแบฃ niรชm yแบฟt nรชn dแป lแปฑa chแปn , 5* nhรฉ"
"Quรกn phแปฅc vแปฅ tuor kรฌ co vร eo giรณ cแปฑc kแปณ chu ฤรกo..ฤแบทc biแปt tรดi thแบฅy hแบฃi sแบฃn แป ฤรขy tฦฐฦกi sแปng vร ฤa dแบกng,,ngon rแบป..Nhรขn viรชn cลฉng thรขn thiแปn.Nฤm sau nhแบฅt ฤแปnh tรดi sแบฝ ghรฉ lแบกi nฦกi ฤรขy"
"Hแบฃi sแบฃn tฦฐฦกi ngon,nhiแปu loแบกi cho mรฌnh chแปn,phแปฅc vแปฅ rแบฅt nhiแปt tรฌnh,cรณ xe ฤฦฐa ฤรณn miแปn phรญ rแบฅt thรญch hแปฃp cho khรกch nghฤฉ dฦฐแปกng แป flc"
Hแบฃi sแบฃn quรก tฦฐฦกi ngon . Dรn nhรขn viรชn nhiแปt tรฌnh . Ngon . Rแบป . Dแปch vแปฅ tour du lแปch tแปt . Khรดng gian thoรกng vร sแบกch sแบฝ
"nhร hรng phแปฅc vแปฅ ฤแปง cรกc loแบกi hแบฃi sแบฃn, thรญch nhแบฅt mรณn hรu nฦฐแปng phomai, chแบนp...chแบนp, nghฤฉ lแบกi cรฒn thรจm."
ฤn giรก hฦกi cao vรฌ khu vแปฑc nรy quรก รญt Nhร hรng lแบกi mแบฅt tiแปn ฤi tแบฏc xi tแปซ flc ra mแบฅt 50k
Phแบฃi trแป lแบกi nฦกi ฤรขy vร dรnh nhiแปu thแปi gian hฦกn cho แบฉm thแปฑc
