"Thiáº¿t káº¿ khÃ´ng tiá»‡n nghi, trong phÃ²ng khÃ´ng cÃ³ 1 cÃ¡i gháº¿ Ä‘á»ƒ ngá»“i lÃ m viá»‡c trong khi bÃ n thÃ¬ ráº¥t rá»™ng =))..Há»“ bÆ¡i lÃ  cÃ¡i hÃ i hÆ°á»›c nháº¥t: Ráº¥t nhá» chá»‰ phÃ¹ há»£p cho tráº» em cÆ¡ mÃ  hÃ i á»Ÿ chá»— hai khung giá» Ä‘áº¹p nháº¥t lÃ  tá»‘i vÃ  sÃ¡ng Ä‘á»ƒ chÆ¡i thÃ¬ tá»‘i bÆ¡m nÆ°á»›c biá»ƒn ra sÃ¡ng bÆ¡m nÆ°á»›c biá»ƒn vÃ o =)) khÃ¡ch chá»‰ biáº¿t Æ¡ ká»³ láº¡ haa.BÃ£i biá»ƒn: sáº¡ch nhÆ°ng nhá» thÃ´ng vá»›i lÃ ng chÃ i bÃªn cáº¡nh, má»i ngÆ°á»i sang lÃ ng chÃ i cáº©n tháº­n bá»‹ chÃ©m nha. MÃ¬nh Äƒn 2 ngÃ y á»Ÿ tp Quy NhÆ¡ khÃ´ng há»i giÃ¡ mÃ  khÃ´ng láº§n nÃ o bá»‹ chÃ©m, tin ráº±ng á»Ÿ BÃ¬nh Äá»‹nh má»i ngÆ°á»i lÃ m du lá»‹ch chuyÃªn nghiá»‡p, ngÃ y cuá»‘i Äƒn á»Ÿ lÃ ng chÃ i bá»‹ chÃ©m :(.Phá»¥c vá»¥:.MÃ¬nh vá»«a tá»›i nhÃ¢n viÃªn ráº¥t chuyÃªn nghiá»‡p lÃºc checkin..Chá»‰ duy nháº¥t Ä‘iá»ƒm tráº¡m máº¥t lÃ²ng Ä‘Ã³ lÃ  báº¡n lÃ¡i xe Ä‘iá»‡n lÃ m rÆ¡i vali cá»§a hai vá»£ chá»“ng, thÃ´i thÃ¬ Ä‘en xÆ°á»›c tÃ½ váº­y cÆ¡ mÃ  ngá»“i chá» cÃ¢u xin lá»—i mÃ£i khÃ´ng tháº¥y :(. (Vali mÃ¬nh bá»‹ vÄƒng tá»« xe Ä‘iá»‡n xuá»“ng sÃ n vÃ  bá»‹ xÆ°á»›c háº¿t má»™t máº·t nhÃ© a cay tháº­t )."
"Thoáº£i mÃ¡i, Ä‘áº¹p, biá»ƒn khu vá»±c nÃ y táº¯m Ä‘Æ°á»£c nhÆ°ng ko trong báº±ng khu Trung LÆ°Æ¡ng, resort cáº§n bá»‘ trÃ­ thÃªm xe Ä‘iá»‡n Ä‘Æ°a Ä‘Ã³n khÃ¡ch tá»« phÃ²ng ra sáº£nh vÃ  cÃ¡c khu vá»±c khÃ¡c vÃ¬ chá» xe hÆ¡i lÃ¢u. Ä‚n sÃ¡ng hÆ¡i Ã­t mÃ³n so vá»›i quy mÃ´ 4 sao cá»§a resort, há»§ tiáº¿u gÃ  ráº¥t ngon"
"Khu resort vá»«a váº·n xinh Ä‘áº¹p sÃ¡t bá» biá»ƒn bÃ£i Sáº¿p cÃ¡ch trung tÃ¢m Quy NhÆ¡n táº§m 10km. Cáº£nh quan Ä‘áº¹p, ráº¥t gáº§n gÅ©i thiÃªn nhiÃªnâ€¦ PhÃ²ng bangalou rá»™ng rÃ£i , Ä‘iá»u hoÃ  mÃ¡t, Ä‘á»“ hÆ¡i cÅ© nhÆ°ng má»™t bÆ°á»›c chÃ¢n lÃ  xuá»‘ng bÃ£i cÃ¡t biá»ƒn. Biá»ƒn xanh, nhÃ¬n ra hÃ²n ngang, bá» cÃ¡t vÃ ng nhÆ°ng bÃ£i khÃ¡ dá»‘c vÃ  gáº§n cÃ¡c má»m Ä‘Ã¡ nÃªn táº¯m biá»ƒn cáº§n Ä‘á»ƒ Ã½. SÃ¡t cáº¡nh bÃªn máº·t sau trÃªn bá» biá»ƒn lÃ  má»™t sá»‘ hÃ ng Äƒn háº£i sáº£n cá»§a dÃ¢n, thÆ°á»ng báº§y bÃ¡n vÃ o chiá»u tá»‘i. Tuy nhiÃªn Ä‘á»“ Äƒn khÃ´ng Ä‘áº·c sáº¯t vÃ  Ä‘áº¯t Ä‘á». NgoÃ i ra khu vÆ°c nÃ y khÃ´ng cÃ³ nhiá»u tá»¥ Ä‘iá»ƒm Äƒn chÆ¡i nÃªn báº¡n nÃªn náº¿u báº¡n muá»‘n Äƒn chÆ¡i thÃ¬ báº¯t xe ra thÃ nh phá»‘"
"Resort náº±m á»Ÿ khu 1,Ghá»nh RÃ¡ng, cÃ¡ch trung tÃ¢m khoáº£ng 10 cÃ¢y..Æ¯u Ä‘iá»ƒm: 1 máº·t lÃ  biá»ƒn, 1 máº·t nÃºi khÃ¡ Ä‘áº¹p. Khu tiáº¿p Ä‘Ã³n vÃ  chá»— Äƒn sÃ¡ng khÃ¡ lÃ  chill. Resort nhiá»u cÃ¢y xanh, ráº¥t mÃ¡t máº», Ä‘áº·c biá»‡t cÃ³ 1 há»“ sÃºng khÃ¡ Ä‘áº¹p..NhÆ°á»£c Ä‘iá»ƒm: phÃ²ng bÃ©, nhÃ  vá»‡ sinh quÃ¡ cháº­t, mÃ¹i hÃ´i. PhÃ²ng cÃ¡ch Ã¢m kÃ©m. PhÃ²ng kÃ­nh, kÃ©o rÃ¨m thÃ¬ tá»‘i, má»Ÿ rÃ¨m thÃ¬ mn nhÃ¬n háº¿t vÃ o phÃ²ng. Khu bá»ƒ bÆ¡i báº©n, nhiá»u sáº¡n dÆ°á»›i Ä‘Ã¡y. Biá»ƒn cÃ³ nhiá»u Ä‘Ã¡ táº£ng, Ä‘Æ°á»ng dáº«n ra biá»ƒn khÃ´ng sáº¡ch sáº½, chá»‰ cÃ³ máº¥y cÃ¡i gháº¿ ngá»“i Ä‘á»ƒ Ä‘á»“ Ä‘áº·t chÃªnh vÃªnh. Äá»“ Äƒn sÃ¡ng Ã­t mÃ³n. Muá»‘n vÃ o tp chÆ¡i cÅ©ng ngáº¡i vÃ¬ Ä‘Æ°á»ng Ä‘Ã¨o khÃ¡ tá»‘i.Náº¿u cÃ³ cÆ¡ há»™i, mÃ¬nh sáº½ chá»n khu khÃ¡c rá»™ng rÃ£i, sáº¡ch sáº½ vÃ  Ä‘áº¹p hÆ¡n lÃ  resort nÃ y"
"PhÃ²ng nghá»‰ tÆ°Æ¡ng Ä‘á»‘i, dá»n phÃ²ng sáº¡ch, Ä‘á»“ dÃ¹ng cÅ©. CÃ³ bÃ¡nh Ã­t chÃ o Ä‘Ã³n trong phÃ²ng Sáº£nh tiáº¿p tÃ¢n nÃ³ng, khÃ´ng cÃ³ thá»©c uá»‘ng chÃ o Ä‘Ã³n táº¡i sáº£nh. Bufffet sÃ¡ng Ã­t mÃ³n, cháº¥t lÆ°á»£ng táº¡m á»•n. Náº¿u chá»n Äƒn tá»‘i táº¡i nhÃ  hÃ ng Ä‘áº·t set Äƒn ráº¥t ngon, nÃªn lá»±a chá»n! NhÃ¢n viÃªn ráº¥t nhiá»‡t tÃ¬nh!"
Resort hÆ¡i nhá». Xa trung tÃ¢m thÃ nh phá»‘ . HÆ¡i buá»“n . Buffe Ã­t mÃ³n. MÃ¬nh thuÃª hÆ°á»›ng á»Ÿ sÃ¢n nhÆ°ng nháº­n phÃ²ng k á»©ng Ã½ Ä‘á»•i view lotus á»•n hÆ¡n . PhÃ²ng hÆ¡i cÅ© nhÆ°ng á»•n . NhÃ¢n viÃªn nhiá»‡t tÃ¬nh vÃ  dá»… thÆ°Æ¡ng
"Resort Ä‘áº¹p, ngay sÃ¡t bÃ£i biá»ƒn, nhiá»u cÃ¢y xanh, Ä‘Æ°á»£c cáº¯t tá»‰a chá»‰n chu, Ä‘áº¹p sang cháº£nh, cÃ³ nhiá»u vá»‹ trÃ­ ngáº¯m biá»ƒn ráº¥t chill, sá»‘ng áº£o cÅ©ng khÃ¡ Ä‘áº¹p.Sáº£nh lá»… tÃ¢n vÃ  nhÃ  hÃ ng GiÃ¡ Ä‘áº·c biá»‡t tá»‘t so vá»›i vá»‹ trÃ­, cÆ¡ sá»Ÿ váº­t cháº¥t cá»§a resort..Äiá»ƒm trá»« cá»§a Resort theo mÃ¬nh lÃ  phÃ²ng hÆ¡i nhá» nhÆ° phÃ²ng khÃ¡ch sáº¡n, nhÃ  vs quÃ¡ sÃ¡t chá»— á»Ÿ nÃªn ko thá»±c sá»± sáº¡ch, vÃ  thÆ¡m tho. Resort cÅ©ng hÆ¡i xa thÃ nh phá»‘ nÃªn ko tiá»‡n vÃ o Tp Äƒn chÆ¡i láº¯m. ThÃ­ch há»£p nghá»‰ dÆ°á»¡ng hÆ¡n"
"Resort cÃ³ há»“ bÆ¡i nhá», bÃ£i biá»ƒn khÃ³ táº¯m vÃ¬ cÃ³ nhiá»u Ä‘Ã¡ vÃ  sÃ³ng lá»›n, phÃ²ng á»‘c ok..NhÃ  hÃ ng náº¥u khÃ¡ ngon nhÆ°ng giÃ¡ khÃ¡ cao"
"PhÃ²ng view vÆ°á»n , táº§ng 2 cá»­a ráº¥t khÃ³ má»Ÿ , kÃ©t sáº¯t há»ng , ga gá»‘i hÃ´i , táº§ng 1 khÃ´ng xÃ i Ä‘Æ°á»£c tivi do Ä‘Æ°á»ng truyá»n há»ng ,  phÆ°Æ¡ng tiá»‡n xe di chuyá»ƒn trong resort kÃªu nhÆ° cÃ´ng nÃ´ng leo dá»‘c , mÃ¹i dáº§u khÃ©t láº¹t , bÃ£i cÃ¡t ra biá»ƒn báº©n , há»“ hÆ¡i khÃ¡ nhá» , Äƒn sÃ¡ng bÃ¬nh thÆ°á»ng . Sáº½ khÃ´ng quay láº¡i láº§n 2"
"Cháº¥t lÆ°á»£ng phÃ¹ há»£p vá»›i giÃ¡ cáº£, thÃ­ch há»£p cho gia Ä‘Ã¬nh nhÃ³m báº¡n Ä‘i nghÄ© dÆ°á»¡ng.Gáº§n bÃ£i xáº¿p, bÃ£i biá»ƒn sáº¡ch, cÃ³ há»“ bÆ¡i nÆ°á»›c nÃ³ng. KhÃ´ng gian nhiá»u cÃ¢y xanh, tiá»‡n nghi trong phÃ²ng vá»«a Ä‘á»§, ráº¥t Ä‘Ã¡ng tiá»n"
"PhÃ²ng á»‘c trung bÃ¬nh, bá»ƒ bÆ¡i nÃ´ng, háº¹p vÃ  khÃ³ bÆ¡i (gá»i lÃ  bá»ƒ váº§y thÃ¬ há»£p lÃ½ hÆ¡n), nhÃ¢n viÃªn chu Ä‘Ã¡o, nhiá»‡t tÃ¬nh, giÃ¡ cáº£ pháº£i chÄƒng, bÃ£i biá»ƒn hÆ¡i nhiá»u sÃ², gáº§n má»™t sá»‘ quÃ¡n chÃ i nÃªn khÃ¡ nhiá»u lá»±a chá»n vá» áº©m thá»±c"
"PhÃ²ng á»‘c ok, cÃ³ bÃ£i táº¯m riÃªng, cÃ³ bá»ƒ bÆ¡i.HÆ¡i xa trung tÃ¢m nÃªn Ä‘i láº¡i hÆ¡i báº¥t tiá»‡n.Äá»“ Äƒn táº¡i rs tÆ°Æ¡i ngon"
"Má»›i sá»­a nhÆ°ng bá»‘ trÃ­ trong phÃ²ng táº¯m/vá»‡ sinh hÆ¡i dá»Ÿ. Ai Ä‘á»i lá»— thoÃ¡t nÆ°á»›c nhÃ  táº¯m láº¡i náº±m phÃ­a bá»“n cáº§u, lÃ m cho nÆ°á»›c lÃªnh lÃ¡ng suá»‘t cáº£ ngÃ y. Ngáº¡c nhiÃªn lÃ  KS nÃ y váº«n cÃ²n dÃ¹ng chÃ¬a khÃ³a thÆ°á»ng, thay vÃ¬ khÃ³a tá»«. Æ¯u Ä‘iá»ƒm lÃ  cÃ³ view thÃ nh phá»‘ vÃ  biá»ƒn."
"Vá»‹ trÃ­ hÆ¡i xa trung tÃ¢m. Máº¡ng kÃ©m, tivi kÃ©m. Táº§ng 3 pháº£i Ä‘i bá»™ khÃ¡ váº¥t váº£. á»” Ä‘iá»‡n thÃ¬ bá»‹ giÆ°á»ng che háº¿t, Ä‘iá»u hÃ²a pháº£ tháº³ng vÃ o ngÆ°á»i. NhÃ¢n viÃªn chÆ°a nhiá»‡t tÃ¬nh láº¯m."
"NhÃ¢n viÃªn nhiá»‡t tÃ¬nh, cáº£nh quan Ä‘áº¹p, bá»ƒ bÆ¡i ráº¥t Ok, má»—i tá»™i phÃ²ng ngá»§ hÆ¡i cÅ© cÅ©.."
"PhÃ²ng hÆ¡i cÅ©,dá»‹ch vá»¥ khÃ¡ á»•n.vá»‹ trÃ­ bÃ£i táº¯m ko dc Ä‘áº¹p cÃ³ nhiá»u Ä‘Ã¡"
"ğŸ’¥ğŸ‡-li CASA MARINA QUY NHÆ N.Giai Ä‘oáº¡n lÆ°u trÃº: 16/2/2022-31/3/2022.- Deluxe Garden View.+ : 1,050,000/Ä‘Ãªm.- Deluxe Pool View.+ : 1,250,000/Ä‘Ãªm.- Deluxe sea view ( Triple ).+ : 1,900,000/Ä‘Ãªm.- Luxury Sea view.+ : 1,450,000/Ä‘Ãªm.- Bungalow ocean front.+ : 2,150,000/Ä‘Ãªm.- Princess Nam Phuong.( 03 bedrooms and living room ).+ : 5,450,000/Ä‘Ãªm.ğ“ğ¢ğÌ‚Ìğ© ğ­ğ®Ì£ğœ ğ¬ğšğ¥ğ ğ¨ğŸğŸ ğ¯ğ¨Ì›Ìğ¢ ğ¦ğ®Ì›Ìğœ ğ ğ¢ğšÌ ğ«ğÌ‰ ğ¤ğ²Ì‰ ğ¥ğ®Ì£ğœ.ğŸ“ŒBAO Gá»’M.âœ…2N1Ä háº¡ng phÃ²ng Deluxe.âœ…Bá»¯a sÃ¡ng thá»‹nh soáº¡n cho 2 khÃ¡ch, vila 6 khÃ¡ch.âœ…TrÃ , cafe, nÆ°á»›c suá»‘i táº¡i phÃ²ng.âœ…BÃ£i biá»ƒn riÃªng ngÃ n gÃ³c sá»‘ng áº£o.âœ…Bá»ƒ bÆ¡i ngoÃ i trá»i.âœ…ToÃ n bá»™ tiá»‡n Ã­ch cÃ³ sáºµn"
"KhÃ´ng gian yÃªn tá»‰nh, thÃ­ch há»£p nghÄ© dÆ°á»¡ng. Ä‚n tá»‘i giÃ¡ cáº£ há»£p lÃ­ ,ráº½, thá»©c Äƒn Ä‘Æ°á»£c cháº¿ biáº¿n tÆ°Æ¡ng Ä‘á»‘i ngon. Buffet sÃ¡ng chÆ°a Ä‘Æ°á»£c phong phÃº..PhÃ²ng nghá»‰ sáº¡ch sáº½, Ä‘áº§y Ä‘á»§ tiá»‡n nghi, hÆ¡i báº¥t tiá»‡n náº¿u á»Ÿ táº§ng trÃªn cÃ¹ng vÃ¬ sau 1 há»“i vui chÆ¡i dÆ°á»›i biá»ƒn mÃ  leo lÃªn ko cÃ³ thang mÃ¡y..CÃ³ xe Ä‘iá»‡n Ä‘Æ°a Ä‘Ã³n 24/24 trong khuÃ´n viÃªn resort."
"Chá»— nÃ y bá»¯a sau pháº£i Ä‘á»•i tÃªn thÃ nh 1 láº§n vÃ  mÃ£i mÃ£i , Ä‘áº¿n 1 láº§n vÃ  mÃ£i mÃ£i khÃ´ng quay láº¡i , phÃ²ng 2tr6/1 Ä‘Ãªm Ä‘Æ°á»£c má»•i cÃ¡i view biá»ƒn cÃ²n phÃ²ng thÃ¬ Ä‘i nháº·t ve chai vá» xÃ¢y dá»±ng toÃ n Ä‘á»“ ráº» tiá»n cháº¯p vÃ¡ , uá»‘ng 1 chai nÆ°á»›c suá»‘i trong bÃ© nhÆ° ngÃ³n tay chÃ©m máº¥y chá»¥c ngÃ n, dá»‹ch vá»¥ thÃ¬ chÃ¡n"
Ã”i khÃ´ng hiá»ƒu tá»± xÆ°ng 4* xong cháº¥t lÆ°á»£ng tá»« phÃ²ng á»‘c tá»‡ cá»±c kÃ¬. Bá»ƒ bÆ¡i thÃ¬ nhÆ° cÃ¡i ao tÃ¹. ChÃ¡n kinh khá»§ng.
Cáº£nh quÃ¡ Ä‘áº¹p luÃ´n. Láº§n sau Ä‘áº¿n quy nhÆ¡n mÃ¬nh váº«n chá»n casa marina resort â™¥ï¸
"PhÃ²ng rá»™ng, bÃ£i táº¯m sáº¡ch, nÆ°á»›c trong, thÃ­ch há»£p nghá»‰ dÆ°á»¡ng táº­n hÆ°á»Ÿng"
View Ä‘áº¹p...phá»¥c vá»¥ tá»‘t chu Ä‘Ã¡o nhiá»‡t tÃ¬nh.. phÃ²ng rá»™ng ráº£i...
"KhÃ¡ tá»‘t, yÃªn tÄ©nh, cÃ³ Ä‘iá»ƒm Äƒn nháº­u sÃ¡t bÃªn, tuy nhiÃªn bÃ£i táº¯m Ä‘Ã¡, sá»i nhiá»u, khÃ´ng tá»‘t cho tráº» em."
"Khung cáº£nh khÃ¡, bÃ£i biá»ƒn nhá», lá»‘i Ä‘i khÃ³ tÃ¬m phÃ²ng, há»“ bÆ¡i bÃ© xÃ­u cho tráº» em bÆ¡i thÃ´i"
"Ráº¥t ráº¥t Ä‘áº¹p, chá»¥p hÃ¬nh sang xá»‹n má»‹n luÃ´n ah"
"LÃºc Ä‘oÃ n mÃ¬nh Ä‘áº¿n nhÃ¢n viÃªn ra má»i nÆ°á»›c ngá»“i chá» xe Ä‘iá»‡n, cáº£ resort cÃ³ 2 3 xe Ä‘iá»‡n gÃ¬ Ä‘Ã³ thÃ¬ pháº£i, chá» khÃ¡ lÃ¢u. PhÃ²ng khÃ¡ cÅ©, so vá»›i giÃ¡ tiá»n thÃ¬ cÃ³ thá»ƒ cháº¥p nháº­n Ä‘Æ°á»£c, cÃ²n Ä‘Ã¡nh giÃ¡ thÃ¬ cháº¯c thuá»™c loáº¡i resort 3 sao. CÃ¡i khÃ¡ buá»“n cÆ°á»i lÃ  khi vá» team mÃ¬nh lÃªn Ä‘á»£i xe ra sÃ¢n bay há»i cÃ³ nÆ°á»›c khÃ´ng thÃ¬ nhÃ¢n viÃªn báº£o 20k/1 cá»‘c ğŸ˜‚. NÆ°á»›c lÃºc Ä‘áº¿n lÃ  nÆ°á»›c checkin. Náº¿u lÃ  doanh nghiá»‡p kinh doanh cÃ³ kinh nghiá»‡m vÃ  hiá»ƒu tÃ¢m lÃ½ khÃ¡ch hÃ ng thÃ¬ cÃ¡i chuyá»‡n â€œvui lÃ²ng khÃ¡ch Ä‘áº¿n vá»«a lÃ²ng khÃ¡ch Ä‘iâ€ lÃ  viá»‡c tá»‘i thiá»ƒu."
"Äiá»ƒm tá»‘t (+):.- Chá»— Ä‘á»ƒ xe rá»™ng rÃ£i, lá»‘i vÃ o dá»… Ä‘i, thá»ai mÃ¡i.- Báº¡n nhÃ¢n viÃªn lá»… tÃ¢n nhiá»‡t tÃ¬nh, nháº¹ nhÃ ng, sáº£nh Ä‘Ã³n rá»™ng rÃ£i, lung linh..- PhÃ²ng rá»™ng rÃ£i, váº­t dá»¥ng Ä‘áº§y Ä‘á»§, tá»§ Ä‘á»“ mÃ³c khoÃ¡, kÃ©t sáº¯t, sáº¥y tÃ³c, Ä‘á»“ dÃ¹ng vá»‡ sinh, khÄƒn, khÄƒn giáº¥y khÃ¡ dÆ° dáº£ cho 2 ngÆ°á»i..- View cÄƒn Luxury ráº¥t Ä‘áº¹p, bÃ£i biá»ƒn sÃ³ng khÃ´ng máº¡nh, Ãªm Ã¡i dá»‹u dÃ ng..- Äá»“ Äƒn sÃ¡ng khÃ´ng nhiá»u mÃ³n nhÆ°ng gá»n gÃ ng sáº¡ch sáº½, vá»«a Ä‘á»§, hÆ°Æ¡ng vá»‹ vá»«a miá»‡ng. GÃ³c ngá»“i khÃ¡ rá»™ng rÃ£i trong mÃ¡i che vÃ  ngoÃ i trá»i.- CÃ¡c báº¡n phá»¥c vá»¥ khÃ¡ nhiá»‡t tÃ¬nh nhÆ°ng Ã­t cÆ°á»i..Äiá»ƒm khÃ´ng tá»‘t (-):.- Báº¡n an ninh táº¡i cá»•ng há»i hÆ¡i trá»‘ng khÃ´ng, khÃ´ng cÃ³ láº¥y ná»¥ cÆ°á»i..- Báº¡n bellman lÃ¡i xe Ä‘iá»‡n báº¥t lá»‹ch sá»±, nÃ³i chuyá»‡n vá»›i khÃ¡ch kiá»ƒu Ä‘uá»•i khÃ¡ch..- CÃ¡i xe Ä‘iá»‡n mÃ  kÃªu nhÆ° mÃ¡y cÃ y.- VÃ²i táº¯m bá»‹ gÃ£y á»‘ng cháº£y nÆ°á»›c, vÃ²i rá»­a táº¡i bá»“n cáº§u bá»‹ cháº£y nÆ°á»›c lÃ m dÆ°á»›i chÃ¢n bá»“n cáº§u luÃ´n Æ°á»›t vÃ  má»c rÃªu."
"Casa Marina cÃ³ Ä‘á»™i ngÅ© nhÃ¢n viÃªn ráº¥t nhiá»‡t tÃ¬nh nhÆ°ng hÆ¡i Ã­t cÆ°á»i 1 xÃ­u. ğŸ˜…ğŸ˜…..KhÃ´ng gian xanh láº¯m vá»›i khoáº£ng 100 cÃ¢y dá»«a. :))).MÃ¹a váº¯ng khÃ¡ch thÃ¬ pháº£i nÃªn bar cáº¡nh bá»ƒ bÆ¡i hÃ¬nh nhÆ° khÃ´ng má»Ÿ ngÃ y trong tuáº§n. Tá»‘i thá»© 7 thÃ¬ cÃ³. ğŸ˜‚ğŸ˜‚.Menu Ä‘á»“ Äƒn hÆ¡i sai chÃ­nh táº£/eng má»™t chÃºt (mÃ¬nh hay soi. ğŸ˜…).LÃºc mÃ¬nh tá»›i check in thÃ¬ báº¡n lá»… tÃ¢n cháº¯c láº¡nh nÃªn khÃ´ng cÃ³ máº·c Ä‘á»“ng phá»¥c. LÃºc sau thÃ¬ cÃ³ thÃ¬ pháº£i. :v NhÆ°ng táº¡i suy nghÄ© cá»§a mÃ¬nh lÃ  resort thÃ¬ luÃ´n pháº£i máº·c Ä‘á»“ng phá»¥c chá»© nhá»‰!? ğŸ˜…..CÃ¡i tivi trong phÃ²ng mÃ¬nh há»ng cÃ¡p lÃªn há»ng xuá»‘ng nÃªn tá»‘i thÃ¬ cÃ³ nháº­n Ä‘Æ°á»£c viá»‡c gá»£i Ã½ sang phÃ²ng khÃ¡c xem tivi ngá»§ mÃ  khÃ´ng cáº§n chuyá»ƒn Ä‘á»“ sang. MÃ¬nh tháº¥y phÃ­ ghÃª, phÃ²ng trá»‘ng sao k up grade cho khÃ¡ch Ä‘á»ƒ cÃ³ thÃªm nhiá»u review cháº¥t. ğŸ˜… Giá» pháº£i Ä‘Æ°a mÃ¬nh 2 phÃ²ng tá»•ng Ä‘áº¯t hÆ¡n cáº£ 1 phÃ²ng xá»‹n nháº¥t cá»§a resort. ğŸ˜‚ğŸ˜‚..Buá»•i sÃ¡ng khi mÃ¬nh xuá»‘ng bÆ¡i, ráº¥t may máº¯n gáº·p Ä‘á»™i ngÅ© hÃ¡i dá»«a ğŸ¤£ğŸ¤£ğŸ¤£ğŸ¤£ğŸ¤£. Má»i ngÆ°á»i cho mÃ¬nh uá»‘ng dá»«a vÃ  Äƒn miá»…n phÃ­ ná»¯a chá»©. ğŸ¥° ğŸ˜‚ YÃªu ghÃª ahihi ğŸ¥°..Casa Marina cÃ³ chá»— chÆ¡i bia rá»™ng. Bá»ƒ bÆ¡i áº¥m, sáº¡ch. NÃªn bÆ¡i sÃ¡ng hoáº·c chiá»u thÃ¬ bÆ¡i sá»›m cho váº¯ng nha. :))) MÃ¬nh thÃ¬ bÆ¡i cáº£ ngÃ y vÃ  khÃ´ng sá»£ Ä‘en...Náº±m á»Ÿ BÃ£i Xáº¿p nÃªn ráº¥t yÃªn tÄ©nh, cá»±c phÃ¹ há»£p Ä‘á»ƒ nghá»‰ dÆ°á»¡ng nha. Chá»‰ cÃ³ cÃ¡i Ä‘i taxi ra sÃ¢n bay hÆ¡i máº¯c vÃ¬ ráº¥t xa."
"Resort náº±m xa trung tÃ¢m thÃ nh phá»‘ . Thiáº¿t káº¿ ráº¥t Ä‘áº¹p vÃ  thÃ¢n thiá»‡n , hoa , cá» xanh mÆ°á»›t kháº¯p nÆ¡i . Há»“ bÆ¡i tuy nhá» nhÆ°ng sáº¡ch vÃ  Ä‘áº¹p . Äiá»ƒm trá»« :.- mÃ¬nh á»Ÿ Ä‘Ã¢y 3 Ä‘Ãªm nhÆ°ng Ä‘á»u khÃ´ng cÃ³ xe miá»…n phÃ­ Ä‘Æ°a vÃ o trung tÃ¢m thÃ nh phá»‘ , pháº£i tá»± Ä‘i taxi ngoÃ i , má»—i chiá»u háº¿t táº§m hÆ¡n 300.000 ..- GiÃ¡ phÃ²ng náº¿u khÃ´ng Ä‘Æ°á»£c giáº£m giÃ¡ 70% , 80% thÃ¬ lÃ  cao náº¿u tÃ­nh theo máº·t báº±ng chung cá»§a cÃ¡c resort ..- buá»•i sÃ¡ng gá»i Ä‘iá»‡n thoáº¡i yÃªu cáº§u xe Ä‘iá»‡n ná»™i bá»™ xuá»‘ng chá»Ÿ nhÃ³m mÃ¬nh xuá»‘ng khu vá»±c lobby Ä‘á»ƒ Äƒn sÃ¡ng nhÆ°ng Ä‘á»£i miá»‡t mÃ i váº«n khÃ´ng tháº¥y , cuá»‘i cÃ¹ng nhÃ³m mÃ¬nh pháº£i Ä‘i bá»™ lÃªn . ( khoáº£ng 9 giá» , ngÃ y thá»© hai , khu resort Ä‘ang váº¯ng khÃ¡ch chá»© khÃ´ng pháº£i lÃ  cao Ä‘iá»ƒm hay Ä‘ang Ä‘Ã´ng khÃ¡ch ).Náº¿u cÃ³ gÃ¬ thÃ¬ láº½ ra nhÃ¢n viÃªn nháº­n Ä‘t cÅ©ng nÃªn bÃ¡o Ä‘á»ƒ khÃ¡ch khá»i chá» ..-Bungalow phÃ²ng táº¯m khÃ´ng cÃ³ chá»‘t khÃ³a cá»­a ..*â™¥ cÃ¡c phÃ²ng á»Ÿ Ä‘Ã¢y cÃ¡ch Ã¢m cá»±c ká»³ kÃ©m . CÃ³ thá»ƒ nghe rÃµ tiáº¿ng giÃ³ biá»ƒn hay tiáº¿ng phÃ²ng bungalow bÃªn cáº¡nh ..- tá»‘t nháº¥t Ä‘á»«ng nÃªn mua thÃªm cÃ¡c dá»‹ch vá»¥ khÃ¡c cá»§a resort vÃ¬ vá»«a Ä‘áº¯t vá»«a bá»±c mÃ¬nh vÃ¬ sá»± phÃ¡t sinh chi phÃ­ vÃ´ lÃ½ ( á»Ÿ thÃ¬ ok , mÃ¬nh thÃ­ch thiáº¿t káº¿ bungalow cá»§a nÆ¡i nÃ y ). NhÃ³m cá»§a mÃ¬nh cÃ³ Ä‘áº·t thuÃª xe 7 chá»— cá»§a resort Ä‘i khoáº£ng vÃ i tiáº¿ng tá»« 4 giá» chiá»u Ä‘áº¿n táº§m 9 giá»  tá»‘i , giÃ¡ Ä‘Æ°a ra lÃ  1triá»‡u . Äi Ä‘c má»™t chÃºt  lÃ²ng vÃ²ng trong thÃ nh phá»‘ rá»“i Ä‘i ra Eo GiÃ³ tham quan , Ä‘á»™t nhiÃªn nhÃ¢n viÃªn gá»i Ä‘iá»‡n thoáº¡i thÃ´ng bÃ¡o sáº½ phá»¥ thu 1 triá»‡u ná»¯a lÃ  2 triá»‡u .MÃ  tá»« trung tÃ¢m Qui NhÆ¡n ra Eo GiÃ³ chá»‰ cÃ³ 20 km chá»© khÃ´ng xa láº¯m . NÃ³i thÃªm Ä‘á»ƒ biáº¿t mÃ¬nh thuÃª xe 7 chá»— chá»Ÿ bá»n mÃ¬nh tá»« PhÃº YÃªn ra Quy NhÆ¡n, 100 km mÃ  cÅ©ng chá»‰ 800.000 vnd , trÃªn Ä‘Æ°á»ng Ä‘i cÃ²n dá»«ng uá»‘ng cÃ  phÃª , nghá»‰ ... sau Ä‘Ã³ lÃ¡i xe sáº½ pháº£i cháº¡y ngÆ°á»£c láº¡i PhÃº YÃªn . GiÃ¡ dá»‹ch vá»¥ vÃ  cÃ¡ch nhÃ¢n viÃªn tráº£ treo lÃ m mÃ¬nh tháº¥y ráº¥t ká»³ . Máº¥t vui , máº¥t cáº£m tÃ¬nh . NhÃ³m mÃ¬nh Ä‘Ã£ quyáº¿t Ä‘á»‹nh dá»«ng há»£p Ä‘á»“ng thuÃª xe á»Ÿ ngay Eo GiÃ³ , tá»± báº¯t Taxi khÃ¡c Ä‘i tiáº¿p vÃ  tráº£ cho bÃªn resort 500.000 cho 1 giá» thuÃª xe 7 chá»— ..- NÃªn láº¯p Ä‘áº·t thÃªm khÃ³a cá»­a tá»« bÃªn ngoÃ i cá»­a phÃ­a biá»ƒn cá»§a bungalow , nhÆ° váº­y sáº½ yÃªn tÃ¢m vÃ  thuáº­n tiá»‡n cho ngÆ°á»i á»Ÿ , khi há» muá»‘n xuá»‘ng biá»ƒn táº¯m ( hiá»‡n táº¡i chá»‰ cÃ³ khÃ³a bÃªn trong )."
"NÆ¡i á»Ÿ thoÃ¡ng mÃ¡t, cáº£nh quan Ä‘áº¹p, biá»ƒn sáº¡ch vÃ  mÃ¡t. Duy chá»‰ cÃ³ Wifi thÃ¬ yáº¿u quÃ¡, xem TV kg Ä‘Æ°á»£c, mong khÃ¡ch sáº¡n cáº£i thiá»‡n."
"Khu resort Cas Marina Ä‘áº¹p , cáº£nh quan sinh thÃ¡i trong lÃ nh ! Ráº¥t Ä‘áº¹p , bÃ£i biá»…n xanh sáº¡ch Ä‘áº¹p thiÃªn vá» nhÃ© hoang sÆ¡ , khu resort thÃ­ch há»£p du lá»‹ch nghá»‰ dÆ°á»¡ng , quang cáº£nh trong lÃ nh yÃªn tÄ©nh , ráº¥t tá»‘t !!!"
"- NhÃ¢n viÃªn: 5/5.- Thiáº¿t káº¿: 5/5 (ngÃ n gÃ³c sá»‘ng tháº­t :D).- Dá»‹ch vá»¥: 5/5.- PhÃ²ng: 3/5, bá»‹ muá»—i nhiá»u quÃ¡.- BÃ£i biá»ƒn: vá»«a Ä‘i thÃ¬ ko Ä‘áº¹p, do nhiá»u Ä‘Ã¡ & cÃ³ beton bá»‹ trÃ´i vÃ o ná»¯a..Highly recommended..HÃ¬nh chá»¥p tá»« bungalow beach front."
"Resort cÃ³ bá»ƒ bÆ¡i, bÃ£i biá»ƒn riÃªng, cÆ¡ sá»Ÿ váº­t cháº¥t táº¡m á»•n. CÃ³ phÃ²ng vui chÆ¡i cho ngÆ°á»i lá»›n vÃ  tráº» em. NhÃ  hÃ ng thoÃ¡ng mÃ¡t, Ä‘á»“ Äƒn ngon, giÃ¡ vá»«a pháº£i. Xa thÃ nh phá»‘ nÃªn hÆ¡i báº¥t tiá»‡n."
"Æ¯u Ä‘iá»ƒm:.- Ngay sÃ¡t bÃ£i biá»ƒn, biá»ƒn Ä‘áº¹p.- YÃªn tÄ©nh cho nghá»‰ dÆ°á»¡ng.- NhÃ¢n viÃªn thÃ¢n thiá»‡n, nhiá»‡t tÃ¬nh.- Khu vá»±c sáº£nh + phÃ²ng Äƒn thiáº¿t káº¿ Ä‘áº¹p, láº¡ máº¯t bÃ  khÃ¡ thoÃ¡ng.- Xung quanh cÃ³ cÃ¡c hÃ ng quÃ¡n háº£i sáº£n khÃ¡ ngon vÃ  ráº»..NhÆ°á»£c Ä‘iá»ƒm:.- DÃ£y phÃ²ng deluxe diá»‡n tÃ­ch hÆ¡i bÃ©, cá»­a cÃ¡ch Ã¢m kÃ©m..- Cháº¥t lÆ°á»£ng phÃ²ng chá»‰ xá»©ng Ä‘Ã¡ng táº§m 3 â­ï¸.- Buffet sÃ¡ng Ã­t mÃ³n, cháº¥t lÆ°á»£ng mÃ³n Äƒn bÃ¬nh thÆ°á»ng.- Bá»ƒ bÆ¡i quÃ¡ bÃ©, chá»‰ phÃ¹ há»£p cho tráº» con váº§y.- Xe di chuyá»ƒn trong resort cháº¥t lÆ°á»£ng kÃ©m, nÃªn thay báº±ng xe Ä‘iá»‡n.- HÆ¡i xa trung tÃ¢m thÃ nh phá»‘ (10km)"
"PhÃ²ng khÃ¡ nhá», há»“ bÆ¡i thÃ¬ ráº¥t nhá» lun @@..Äáº·c biá»‡t dá»‹ch vá»¥ ráº¥t kÃ©m, ko cÃ³ xe trung chuyá»ƒn ra trung tÃ¢m thÃ nh phá»‘ Quy NhÆ¡n, vÃ  tá»‡ nháº¥t lÃ  ko cÃ³ xe trung chuyá»ƒn ra sÃ¢n bay (háº§u nhÆ° táº¥t cáº£ resort á»Ÿ VN Ä‘á»u cÃ³)..Gá»i hotline thÃ¬ lÃºc cÃ³ ngÆ°á»i lÃºc ko ....KhÃ¡ch Ä‘á»ƒ quÃªn Ä‘á»“ trong phÃ²ng cÅ©ng ko chá»§ Ä‘á»™ng gá»i cho khÃ¡ch, Ä‘á»ƒ khÃ¡ch alo há»i. QUÃ Tá»†."
"Má»i thá»© Ä‘á»u tá»‘t vá»›i cháº¥t lÆ°á»£ng 4* , trá»« cÃ¡i Ä‘iá»u hÃ²a kÃªu ro ro cáº£ ngÃ y + Ä‘á»“ Äƒn máº¥y quÃ¡n lÃ ng chÃ i bÃªn cáº¡nh quÃ¡ cháº·t chÃ©m, khung cáº£nh Ä‘áº¹p, phÃ¹ há»£p nghá»‰ dÆ°á»¡ng, cÃ²n náº¿u Ä‘á»‹nh Ä‘i chÆ¡i thÃ¬ láº¡i cÃ¡ch cÃ¡c Ä‘á»‹a Ä‘iá»ƒm tham quan checkin quÃ¡ xa"
"Gia cáº£ pháº£i chÄƒng, tÃ i xáº¿ nhiá»‡t tÃ¬nh, vui váº» , thÃ´ng tháº¡o"
MÃ¬nh gá»i resort nÃ y lÃ  má»™t nÆ¡i yÃªn bÃ¬nh xinh xáº¯n. MÃ¬nh á»Ÿ Bungalow chá»‰ cáº§n má»Ÿ cá»­a phÃ²ng ra thÃ¬ trÆ°á»›c máº·t lÃ  biá»ƒn rá»“i. Biá»ƒn á»Ÿ Ä‘Ã¢y ráº¥t trong sáº¡ch vÃ  Ãªm ráº¥t Ã­t sÃ³ng nÃªn mÃ¬nh háº§u nhÆ° chá»‰ táº¯m biá»ƒn khÃ´ng táº¯m há»“ bÆ¡i luÃ´n.Bungalow khÃ¡ dá»… thÆ°Æ¡ng vÃ  phÃ¹ há»£p cho cÃ¡c cáº·p Ä‘Ã´i chá»‰ cÃ³ Ä‘iá»u lÃ  cÃ¡ch Ã¢m hÆ¡i kÃ©m nÃªn náº¿u cÃ³ 1 group nÃ o tá»• chá»©c vui chÆ¡i trÃªn bÃ£i biá»ƒn thÃ¬ sáº½ khÃ¡ á»“n Ã o. Káº¿ bÃªn Casa lÃ  lÃ ng chÃ i nÃªn viá»‡c qua Äƒn háº£i sáº£n ráº¥t tiá»‡n lá»£i. NhÃ¢n viÃªn cÃ³ báº¡n thÃ¬ ráº¥t dá»… thÆ°Æ¡ng nhÆ°ng cÃ³ báº¡n thÃ¬ khÃ´ng chuyÃªn nghiá»‡p nhÆ° lÃ  cÃ¡c báº¡n nÃ³i chuyá»‡n cÆ°á»i Ä‘Ã¹a khÃ¡ to khi khÃ¡ch Ä‘ang ngá»“i Äƒn trong nhÃ  hÃ ng.
"ÄÃ³n bÃ¬nh minh táº¡i Casa Marina Resort Quy NhÆ¡n..Tá»a láº¡c táº¡i Ghá»nh RÃ¡ng, chá»‰ cÃ¡ch trung tÃ¢m thÃ nh phá»‘ Quy NhÆ¡n khoáº£ng 10km, khu nghá»‰ dÆ°á»¡ng Casa Resort lÃ  Ä‘á»‹a Ä‘iá»ƒm má»›i háº¥p dáº«n mang Ä‘áº­m nÃ©t quyáº¿n rÅ© vá»›i bÃ£i biá»ƒn dÃ i xanh trong ngáº­p trÃ n Ã¡nh náº¯ng."
"áº¤n tÆ°á»£ng Ä‘áº§u tiÃªn khi tá»›i vá»›i resort Ä‘Ã³ lÃ  nhÃ¢n viÃªn lá»… tÃ¢n ráº¥t lá»‹ch sá»± vÃ  má»i mÃ¬nh nÆ°á»›c trÃ  gá»«ng Ä‘á»ƒ tá»‰nh tÃ¡o sau chuyáº¿n bay vÃ  Ä‘i xe má»™t Ä‘oáº¡n dÃ i tá»« sÃ¢n bay vÃ o...Sau khi nháº­n phÃ²ng thÃ¬ mÃ¬nh Ä‘Æ°á»£c nhÃ¢n viÃªn chá»Ÿ vÃ o báº±ng xe Ä‘iá»‡n, tuy nhiÃªn báº¥t lá»£i lÃ  náº¿u khÃ´ng cÃ³ xe Ä‘iá»‡n thÃ¬ báº¡n sáº½ pháº£i Ä‘á»©ng Ä‘á»£i má»™t lÃºc vÃ¬ resort khÃ´ng cÃ³ nhiá»u xe, hoáº·c sáº½ pháº£i Ä‘i bá»™ má»™t Ä‘oáº¡n má»›i tá»›i Ä‘Æ°á»£c phÃ²ng...PhÃ²ng ráº¥t sáº¡ch vÃ  trang trÃ­ Ä‘áº¹p, cá»­a sá»• vÃ  ban cÃ´ng hÆ°á»›ng vÃ o phÃ­a vÆ°á»n cÃ¢y cá»§a resort nÃªn khÃ´ng nhÃ¬n Ä‘Æ°á»£c cáº£nh biá»ƒn. NgoÃ i ra cÃ³ há»“ bÆ¡i vÃ  phÃ²ng gym vÃ  Ä‘Ã£ bao gá»“m bá»¯a Äƒn sÃ¡ng buffet khÃ¡ Ä‘áº§y Ä‘á»§...Äiá»u báº¥t tiá»‡n lÃ  khÃ¡ xa trung tÃ¢m thÃ nh phá»‘ Qui NhÆ¡n nÃªn náº¿u di chuyá»ƒn báº±ng xe hai bÃ¡nh thÃ¬ khÃ¡ lÃ  lÃ¢u vÃ  Ä‘Æ°á»ng dáº±n khÃ³ Ä‘i, mÃ¬nh khuyáº¿n khÃ­ch Ä‘i báº±ng xe 4 bÃ¡nh. MÃ¬nh sáº½ quay láº¡i náº¿u cÃ³ dá»‹p ghÃ© Qui NhÆ¡n trong kÃ¬ nghá»‰ sau nÃ y."
KhÃ´ng gian ráº¥t yÃªn tÄ©nh vÃ  sáº¡ch Ä‘áº¹p. BÃ£i biá»ƒn sáº¡ch nÃªn báº¡n tha há»“ táº¯m. CÃ³ quáº§y bar gáº§n biá»ƒn ráº¥t thuáº­n tiá»‡n
"NÃªn book phÃ²ng cáº¡nh bá»ƒ bÆ¡i, láº§u trÃªn. VÃ  c á»Ÿ 1 Ä‘Ãªm kiá»ƒu tÃ¢m lÃ½ vá»™i vÃ ng thÃ¬ ko cáº£m nháº­n dc háº¿t nhá»¯ng tiá»‡n Ã­ch quanh kv nÃ y. PhÃ¹ há»£p gd vÃ  tráº» nhá», khuÃ´n viÃªn vÆ°á»n, bá»ƒ bÆ¡i, biá»ƒn dá»… quan sÃ¡t, an toÃ n. Nv Ã¢n cáº§n chu Ä‘Ã¡o kiá»ƒu Ä‘Ãºng báº£n cháº¥t dÃ¢n báº£n Ä‘á»‹a lÃ m dá»‹ch vá»¥. Bá»ƒ bÆ¡i, bar nhá» náº±m giá»¯a lÆ°á»n nui ( vÃ¡ch biá»ƒn vÃ  Ä‘Æ°á»ng quá»‘c lá»™) náº±m táº­n hÆ°á»Ÿng khÃ´ng gian nÃ y ráº¥t tuyá»‡t. Ngay bÃ£i biá»ƒn trÆ°á»›c máº¯t cÃ³ luÃ´n cÃ¡c quÃ¡n háº£i sáº£n cá»§a dÃ¢n biá»ƒn ráº», tÆ°Æ¡i, ngon. CÃ³ cáº£ quan bar nÆ¡i KhÃ¡ch tÃ¢y tá»¥ vá» táº­n hÆ°á»Ÿng cs. CÃ³ cáº£ quÃ¡n Ä‘á»“ uá»‘ng Tree ráº¥t Ä‘a dáº¡ng Ä‘á»“ Äƒn, uá»‘ng, ngá»“i cao nhÃ¬n xuá»‘ng nhá»¯ng vÃ¡ch Ä‘Ã¡ biá»ƒn, nhÃ¬n dc ra xa khÆ¡i....Äá»“ Äƒn cÅ©ng Ä‘a dáº¡ng, Ä‘áº§y Ä‘á»§. KhÃ´ng gian thÆ°á»Ÿng thá»©c bá»¯a sÃ¡ng trÃªn cao nhÃ¬n toÃ n cáº£nh bá» biá»ƒn...Tuy nhiÃªn mang ká»³ vá»ng dc táº­n hÆ°á»Ÿng cs cá»§a 1 Ä‘áº³ng cáº¥p vip nhÆ° giá»›i thÆ°á»£ng lÆ°u sang cháº£nh thÃ¬ nÆ¡i Ä‘Ã¢y ko phÃ¹ há»£p..LÃ  1 khu nghá»‰ bÃ¬nh yÃªn, gáº§n gÅ©i thiÃªn nhiÃªn nhÆ°ng Ä‘á»§ tiá»‡n Ã­ch táº­n hÆ°á»Ÿng cs."
"Dá»‹ch vá»¥ nghá»‰ khÃ¡ ok, phÃ²ng rá»™ng rÃ£i, sáº¡ch sáº½, view Ä‘áº¹p. Äiá»ƒm trá»« lÃ  khÃ¡ gáº§n Ä‘Æ°á»ng quá»‘c lá»™ nÃªn hÆ¡i á»“n. Dá»‹ch vá»¥ Äƒn thÃ¬ khÃ¡ Ä‘áº¯t."
"CÃ¡ch trung tÃ¢m thÃ nh phá»‘ Quy NhÆ¡n khoáº£ng 15km, phÃ²ng sáº¡ch Ä‘áº¹p, khung cáº£nh thiÃªn nhiÃªn, yÃªn tÄ©nh bÃ£i biá»ƒn cÃ³ ráº·ng Ä‘Ã¡ ngáº§m cáº§n cáº­n tháº­n khi Ä‘i táº¯m, ngáº¯m cáº£nh tá»« khÃ¡ch sáº¡n ra biá»ƒn ráº¥t Ä‘áº¹p"
"Ok rá»™ng Ä‘áº¹p , bÃ£i táº¯m quÃ¡ Ä‘áº¹p .."
Äá»“ Äƒn quÃ¡ tá»‡ khÃ´ng phÃ¹ há»£p vá»›i giÃ¡ tiá»n nghÄ© sao con gÃ  mÃ  n dá»Ÿ tá»›i ná»—i lÃ m thá»‹t gÃ  cÃ²n cá»• há»ng vá»›i háº¡t lÃºa dÃ­nh vÃ o.KhÃ´ng Ä‘áº¿n láº§n 2
"MÃ¬nh vá»«a á»Ÿ resort nÃ y vá» xong nÃªn cÃ³ Ã­t Ä‘Ã¡nh giÃ¡ vÃ  nxet nhÆ° sau :.+ View Ä‘áº¹p, resort hÆ¡i nhá» nhÆ°ng khÃ¡ thÆ¡ má»™ng..+ NhÃ¢n viÃªn nhiá»‡t tÃ¬nh, lá»… phÃ©p..+ YÃªu cáº§u luÃ´n Ä‘Æ°á»£c Ä‘Ã¡p á»©ng 24/24..+ Resort gáº§n biá»ƒn cÃ¡ch 2,3 bÆ°á»›c chÃ¢n nhÆ°ng sÃ³ng hÆ¡i to..+ Giáº·t á»§i ko tháº¥y ghi trÃªn tá» hÆ°á»›ng dáº«n nhÆ°ng cÃ³ tÃ­nh phÃ­ nha cÃ¡c báº¡n. ÄÆ¡n giÃ¡ tÃ­nh trÃªn/pax..+ Resort khÃ¡ xa thÃ nh phá»‘ ( 13km ) nÃªn Ä‘i láº¡i khÃ¡ báº¥t tiá»‡n vÃ  tá»‘n kÃ©m. ( cÃ³ thá»ƒ thue xe mÃ¡y 200k/24h )..+ CÃ³ tiá»n háºµn á»Ÿ resort, khÃ´ng thÃ¬ cÃ¡c báº¡n nÃªn thuÃª KS á»Ÿ thÃ nh phá»‘ sáº½ tiá»‡n Ä‘i chÆ¡i hÆ¡n."
"CÅ©ng Ä‘áº¹p nhÆ°ng phÃ²ng á»‘c táº§m 4sao thÃ´i. Chá»‰ cÃ³ phÃ²ng Ä‘á»‘i diá»‡n biá»ƒn thÃ¬ ráº¥t Ä‘áº¹p. Ä‚n uá»‘ng khÃ¡ nhiá»u, cafe sá»¯a ráº¥t ngon. CÃ²n nhÃ¢n viÃªn cáº§n training thÃªm..KhÃ¡ xa trung tÃ¢m thÃ nh phá»‘. View Ä‘áº¹p, bÃ£i biá»ƒn hÆ¡i sÃ¢u, há»“ bÆ¡i nhá», nhÆ°ng phong cÃ¡ch Ä‘á»™c Ä‘Ã¡o, phÃ¹ há»£p máº¥y báº¡n nghá»‰ dÆ°á»¡ng chá»¥p hÃ¬nh sá»‘ng áº£o."
"Khu resort cÃ³ View Ä‘áº¹p, bÃ£i táº¯m vá»›i cÃ¡t biá»ƒn tá»± nhiÃªn. Tá»•ng thá»ƒ khu vá»±c cÃ³ 4 building 40 room (má»—i building 10 phÃ²ng), 8 VIP room trá»±c diá»‡n biá»ƒn, 4 VIP room trÃªn cao hÆ°á»›ng biá»ƒn, 1 room lá»›n..LÃ  khu vá»±c vá»‹nh nÃªn Ã­t giÃ³ lá»›n. Buá»•i tá»‘i mÃ¡t nháº¹ nhÃ ng. Tuy nhiÃªn trong khuÃ´n viÃªn Ã­t Ä‘iá»ƒm Ä‘á»ƒ sá»­ dá»¥ng dá»‹ch vá»¥ chá»‰ cÃ³ 01 bá»ƒ táº¯m nÆ°á»›c máº·n vÃ  bÃ£i biá»ƒn, 01 spa nÃªn chá»‰ phÃ¹ há»£p Ä‘á»ƒ nghá»‰ dÆ°á»¡ng Ã­t phÃ¹ há»£p vá»›i cÃ¡c báº¡n thÃ­ch káº¿t há»£p khÃ¡m phÃ¡..GiÃ¡ phÃ²ng táº¡i thá»i Ä‘iá»ƒm tháº¥p nháº¥t lÃ  1,7tr (room cá»§a building 10 phÃ²ng) room trá»±c diá»‡n biá»ƒn vÃ  room trÃªn cao giÃ¡ sáº½ cao hÆ¡n."
"PhÃ²ng má»›i, sáº¡ch sáº½, view biá»ƒn Ä‘áº¹p..Ä‚n sÃ¡ng ko nhiá»u lá»±a chá»n mÃ³n nhÆ°ng cháº¥t lÆ°á»£ng ok..NhÆ°á»£c Ä‘iá»ƒm: hÆ¡i xa TP, má»—i láº§n Ä‘i taxi háº¿t táº§m 250k, bÃ£i táº¯m ko cÃ³ chá»— nghá»‰, ko cÃ³ gá»i dc Ä‘á»“. Bá»ƒ bÆ¡i nÆ°á»›c máº·n nhÆ°ng sÃ n bá»ƒ hÆ¡i rÃ¡p, tráº» con nhÃ  mÃ¬nh táº¯m bá»‹ tráº§y cáº£ Ä‘áº§u gá»‘i."
"PhÃ²ng nghá»‰ ok, gáº§n biá»ƒn, cháº¥t lÆ°á»£ng tá»‘t, nhÆ°ng buá»•i trÆ°a táº¡i khu nhÃ  hÃ ng khÃ¡ nÃ³ng ná»±c vÃ o mÃ¹a hÃ¨! Cáº§n cáº£i thiá»‡n nhÃ©"
"Ks Ä‘áº¹p, phÃ²ng á»‘c rá»™ng rÃ£i. Tuy nhiÃªn phÃ²ng táº¯m ko cÃ³ khoÃ¡, khÃ¡ lÃ  báº¥t tiá»‡n cho gia Ä‘Ã¬nh."
"Táº¡m Ä‘Æ°á»£c. KhÃ´ng chuyÃªn nghiá»‡p. PhÃ²ng Ä‘Æ¡n giáº£n vÃ  thiáº¿t káº¿ chÆ°a há»£p lÃ½. Äiá»ƒm thÃº vá»‹ lÃ  á»Ÿ káº¿ bÃªn lÃ ng chÃ i nhá», dÃ¢n lÃ ng cÃ³ dá»‹ch vá»¥ Äƒn uá»‘ng, ban ngÃ y trong lÃ ng, ban Ä‘Ãªm phá»¥c vá»¥ ngay trÃªn bÃ£i biá»ƒn."
"KhÃ´ng gian Ä‘áº¹p, chá»‰ phá»¥c vá»¥ khÃ¡ch du lá»‹ch Ä‘Æ°á»£c táº¯m há»“ á»Ÿ há»“ bÆ¡i. Bá»¯a sÃ¡ng ngÃ y lá»… hay lÃºc Ä‘Ã´ng khÃ¡ch má»›i cÃ³ buffet cÃ²n láº¡i Ä‘á»u dÃ¹ng mÃ³n"
"Cáº£nh tuy Ä‘áº¹p tuy nhiÃªn dá»‹ch vá»¥ khÃ¡ tá»‡, Ä‘á»“ Äƒn sÃ¡ng Ã­t mÃ³n, Äƒn tá»‘i táº¡i nhÃ  hÃ ng lÃ m Ä‘á»“ máº·n khá»§ng khiáº¿p, nhÃ³m mÃ¬nh vÃ o lÃ ng chÃ i Ä‘á»ƒ Äƒn háº£i sáº£n cÃ³ Ä‘i Ä‘Ã´i dÃ©p Ä‘en cá»§a phÃ²ng xong bá»‹ khÃ¡ch trong lÃ ng chÃ i há» láº¥y nháº§m Ä‘Ã´i Ä‘á»ƒ láº¡i má»™t Ä‘Ã´i y há»‡t cÅ©ng mÃ u Ä‘en. Tuy nhiÃªn resort váº«n báº¯t Ä‘á»n 150k :)"
"BÃ n bi-a quÃ¡ bÃ© , bá»ƒ bÆ¡i tÃ­ hon khÃ´ng Ä‘á»§ chá»— cho mÃ¬nh vÃ  báº¡n bÃ¨, thá»©c Äƒn táº¡m Ä‘Æ°á»£c, phÃ²ng nghá»‰ khÃ¡ ok, náº±m cáº¡nh bá» biá»ƒn nÃªn cáº£nh ráº¥t Ä‘áº¹p, vote má»i ngÆ°á»i nÃªn nghá»‰ á»Ÿ Ä‘Ã¢y"
"KhÃ¡ch sáº¡n má»›i, Ä‘ang xÃ¢y dá»±ng. NhÆ°ng thiáº¿t káº¿ phÃ²ng cháº­t háº¹p, khÃ´ng cÃ³ gháº¿ ngá»“i, khÃ´ng cÃ³ thÃ¹ng rÃ¡c bÃªn ngoÃ i phÃ²ng táº¯m, khÃ´ng cÃ³ nÆ°á»›c suá»‘i miá»…n phÃ­ trong phÃ²ng. PhÃ²ng táº¯m khÃ´ng cÃ³ chá»— treo khÄƒn vÃ  máº¯c Ä‘á»“.  Há»“ bÆ¡i nÆ°á»›c nÃ³ng nhÆ°ng nhá», thiáº¿t káº¿ dá»‘c, dá»… lÃ m trÆ°á»£t chÃ¢n. NhÃ¢n viÃªn thÃ¢n thiá»‡n nhÆ°ng thiáº¿u chuyÃªn nghiá»‡p. BÃ£i biá»ƒn váº«n cÃ²n ngá»•n ngang nhÃ  phao bá» Ä‘i vÃ  rÃ¡c, cháº¯n gáº§n háº¿t lá»‘i ra biá»ƒn. Sáº½ khÃ´ng quay láº¡i."
"View Ä‘áº¹p, biá»ƒn hÆ¡i dá»‘c vÃ  sÃ¢u, phÃ²ng sáº¡ch sáº½, tuy nhiÃªn thiáº¿t káº¿ chÆ°a Ä‘Æ°á»£c tá»‘t vÃ¬ thiáº¿u thÃ´ng giÃ³ cho nhÃ  vá»‡ sinh, Ä‘á»“ Äƒn khÃ´ng ngon."
"Casa marina cÃ³  view Ä‘áº¹p, bÃ£i  biá»ƒn riÃªng sáº¡ch, há»“ bÆ¡i phÃ¡ cÃ¡ch, thá»©c Äƒn ngon vÃ  nhÃ¢n viÃªn  resort phá»¥ vá»¥ chuyÃªn nghiá»‡p, chu Ä‘Ã¡o vÃ  nhiá»‡t tÃ¬nh."
"phong cáº£nh Ä‘áº¹p, phÃ²ng sáº¡ch sáº½, nv nhiá»‡t tÃ¬nh, biá»ƒn Ä‘áº¹p, trong xanh nhÆ°ng hÆ¡i dá»‘c.káº¿ ks cÃ³ vÃ i nhÃ  dÃ¢n bÃ¡n háº£i sáº£n ko cao ,ko ráº»..buffet sÃ¡ng ks táº¡m Ä‘á»±á»£c."
"BÃ£i biá»ƒn Ä‘áº¹p, nhiá»u quÃ¡n Äƒn háº£i sáº£n giÃ¡ ráº». PhÃ²ng vÃ  dá»‹ch vá»¥ táº§m 3 sao lÃ  há»£p lÃ½."
"Tuyá»‡t ,cÃ¡c phÃ²ng rá»™ng sáº¡ch sáº½ ,style Ä‘Æ¡n giáº£n ,tuy nhiÃªn khÃ´ng gian trong phÃ²ng dÆ° thá»«a nhiá»u quÃ¡ , phÃ¹ há»£p vá»›i Ä‘i nghá»‰ dÆ°á»¡ng cÃ¹ng gia Ä‘Ã¬nh ."
"KhÃ¡ch sáº¡n táº¥t Ä‘áº¹p , Ä‘i Äƒn háº£i sáº£n cÅ©ng tiá»‡n , quan ven biá»ƒn bÆ°á»›c vÃ i bÆ°á»›c chÃ¢n lÃ  tÆ¡i"
"KhÃ´ng tháº¥y sá»± thÃ¢n thiá»‡n vÃ  nhiá»‡t tÃ¬nh tá»‘i thiá»ƒu tá»« phÃ­a cÃ¡c nhÃ¢n viÃªn. Bá»ƒ bÆ¡i khÃ´ng sáº¡ch. Gáº§n bÃ£i biá»ƒn, nhÆ°ng bÃ£i biá»ƒn báº©n, do Ä‘Æ°á»ng cá»‘ng Ä‘á»• tháº£i ra, nhÃ  hÃ ng phá»¥c vá»¥ Äƒn ngay táº¡i bÃ£i biá»ƒn..."
"Tá»‘t: nhÃ¢n viÃªn vui váº».ChÆ°a tá»‘t: khÃ´ng nÃ³i trÆ°á»›c vá»¥ cÃ¡c váº¥n Ä‘á» trá»« tiá»n ( do mÃ¬nh chÆ°a Ä‘i resort nÃªn chÆ°a biáº¿t) mang dÃ©p Ä‘á»ƒ Ä‘Ã¢u Ä‘Ã³ trong khuÃ´n viÃªn ráº»ot, lÃºc tráº£ phÃ²ng nhÃ¢n viÃªn há»i mÃ  khÃ´ng Ä‘Æ°á»£c nhÃ£ nháº·n láº¯m nhÆ° mÃ¬nh láº¥y Ã½ (chá»‰ lÃ  Ä‘Ã´i dÃ©p LÃ o thÃ´i) xe Ä‘ang Ä‘á»£i cháº³ng láº» mÃ¬nh Ä‘i xuá»‘ng nÃºi láº¡i Ä‘á»ƒ tÃ¬m dÃ©p, thÃ´i tráº£ 100k cho xong sá»›m, buá»“n gÃ¬ Ä‘Ã¢u, khÃ´ng Ä‘Ã¡ng mÃ  Ä‘á»ƒ máº¥t hÃ¬nh tÆ°á»£ng quÃ¡."
"Äá»“ Äƒn sÃ¡ng chá»‰ dc vÃ i mÃ³n trong menu, kÃªu dÄ©a mÃ¬ bÃ¡c Ä‘áº§u báº¿p lÃ m á»© há»± Äƒn dÄ©a  xong lÃ  khÃ´ng Äƒn dc gÃ¬ thÃªm.BÃ© nhÃ  mÃ¬nh lÃ m báº©n ra giÆ°á»ng, nhÃ  mÃ¬nh Ä‘á»n nháº¹ 1.850.000 Ä‘. Mang ga giÆ°á»ng vá» náº±m luÃ´n.ğŸ˜‚"
"Vá»‹ trÃ­ khÃ´ng quÃ¡ xa trung tÃ¢m, tiá»‡n Ä‘i láº¡i. CÃ³ há»“ bÆ¡i vÃ  khu vá»±c chÆ¡i cho tráº». ThoÃ¡ng mÃ¡t, sáº¡ch sáº½, phá»¥c vá»¥ chu Ä‘Ã¡o."
"Bá»¯a sÃ¡ng nghÃ¨o nÃ n, khÃ´ng phong phÃº, resort váº«n chÆ°a hoÃ n thiá»‡n Ä‘Æ°á»£c. Do xa trung tÃ¢m nÃªn gáº§n Ä‘Ã³ Äƒn uá»‘ng khÃ´ng Ä‘Æ°á»£c thuáº­n tiá»‡n"
QuÃ¡ áº¥n tÆ°á»£ng vá»›i kiá»ƒu thiáº¿t káº¿ mÃ¡i nhÃ  táº¡i lá»… tÃ¢n khÃ¡ch sáº¡n. Veiw biá»ƒn Ä‘áº¹p. Ráº¥t thÃ­ch há»£p Ä‘á»ƒ nghá»‰ ngÆ¡i vÃ  tá»‹nh dÆ°á»¡ng.
HaÌƒy Ä‘ÃªÌn vaÌ€ cuÌ€ng caÌ‰m nhÃ¢Ì£n biÌ€nh minh vaÌ€ hoaÌ€ng hÃ´n taÌ£i CASAMARINA RESORT.
"Resort view Ä‘áº¹p táº¡i Quy NhÆ¡n , nhÃ¢n viÃªn phÃ²ng báº£o vá»‡ khÃ´ng chuyÃªn nghiá»‡p láº¯m"
NhÃ¢n viÃªn nhiá»‡t tÃ¬nh. KhÃ´ng gian Ä‘áº¹p. MÃ¬nh chá»‰ khÃ´ng thÃ­ch tinh dáº§u phÃ²ng mÃ¹i sáº£
PhÃ²ng thÃ¬ cÅ©ng ráº¥t lÃ  ok Ä‘áº§y Ä‘á»§ háº¿t má»i thá»© . Sáº¡ch sáº½ . Viu Ä‘áº¹p . Xa tp nÃªn ráº¥t yÃªn tÄ©nh .
"ChÆ°a nghá»‰ dÆ°á»¡ng táº¡i Ä‘Ã¢y nhÆ°ng Ä‘Ã£ ghÃ© uá»‘ng coffee ngáº¯m cáº£nh, cáº£m giÃ¡c ráº¥t yÃªn bÃ¬nh thanh tá»‹nh. Äá»“ uá»‘ng khÃ´ng ngon láº¯m nhÆ°ng view Ä‘áº¹p vÃ  khÃ´ng khÃ­ trong lÃ nh, nhÃ¢n viÃªn thÃ¢n thiá»‡n dá»… thÆ°Æ¡ng. GiÃ¡ phÃ²ng tá»« 1tr500/1 Ä‘Ãªm."
"View ngáº¯m biá»ƒn cá»±c Ä‘áº¹p. NgÃ y thÃ¬ ngáº¯m cáº£nh bÃ¬nh minh vÃ´ cÃ¹ng lÃ£ng máº¡n. SÃ³ng biá»ƒn nháº¹ , bá» cÃ¡t tráº¯ng yÃªn tÄ©nh. Buá»•i tá»‘i thÃ¬ ngáº¯m trÄƒng, ngáº¯m sao, ngáº¯m thÃ nh phá»‘. GiÃ³ lá»™ng mÃ¡t máº». NhÃ¢n viÃªn thÃ¢n thiá»‡n, nhiá»‡t tÃ¬nh."
"Bouqtique resort, bÃ£i biá»ƒn hÆ¡i dá»‘c, nhÆ°ng Ä‘áº¹p, yÃªn tÄ©nh, khuya vÃ  sÃ¡ng sá»›m cÃ³ tháº» ngáº¯m cáº£nh thuyá»n cÃ¢u Ä‘Ãªm"
View Ä‘áº¹p nhÆ°ng cÃ¡c chÆ°a hoÃ n thiá»‡n háº¿t. NhÃ¢n viÃªn hÆ¡i Ã­t. Thá»©c Äƒn Ä‘c. ThÃ­ch há»£p nghá»‰ dÆ°á»¡ng
"Resort má»›i xÃ¢y sáº¡ch Ä‘áº¹p, nhÃ¢n viÃªn bÃ¬nh thÆ°á»ng, sáº¯p xáº¿p phÃ²ng cho Ä‘oÃ n Ä‘Ã´ng kÃ©m, bá»ƒ bÆ¡i chÆ°a hoáº¡t Ä‘á»™ng Ä‘Æ°á»£c"
"TÃ´i Ä‘áº¡p xe ngang qua,náº¯ng quÃ¡ má»›i xin anh báº£o vá»‡ ngá»“i nghá»‰ á»Ÿ cÃ¡i biá»ƒn hiá»‡u báº±ng Ä‘Ã¡ phÃ­a trÆ°á»›c vÃ¬ chá»— Ä‘Ã³ mÃ¡t,a ta ko cho cÃ²n Ä‘uá»•i nhÆ° Ä‘uá»•i tÃ ,quÃ¡ chÃ¡n vá»›i thÃ¡i Ä‘á»™ cá»§a máº¥y báº¡n báº£o vá»‡"
Resort ráº¥t Ä‘áº¹p. CÃ³ há»“ bÆ¡i vÃ  quáº§y bar hÆ°á»›ng ra biá»ƒn.
"TÃ´i tÆ°á»Ÿng chá»• thÃº vá»‹ láº¯m ai ngá» tÃ´i báº£o con trai Ä‘áº·c 2 phÃ²ng tráº£ tiá»n 1 phÃ²ng 150$ vÃ  khi Ä‘Æ°a cáº£ gia Ä‘Ã¬nh Ä‘áº¿n,khung cáº£nh hoang sÆ¡,ngá»£p ngáº¡t vÃ  ráº¥t tanh mÃ¹i cÃ¡,tÃ´i Ä‘an má»‡t nghe mÃ¹i tanh cuá»‘i cÃ¹ng tÃ´i pháº£i bá» phÃ²ng ko nghá»‰ láº¡i..Láº¡i máº¥t tiá»n phÃ²ng choÃ¡n nuÃ´ng"
"View Ä‘áº¹p, Ä‘á»“ Äƒn ngon nháº¥t lÃ  bÃ¡nh. NhÃ¢n viÃªn nhiá»‡t tÃ¬nh. PhÃ²ng Ä‘áº§y Ä‘á»§ tiá»‡n nghi, thoÃ¡ng mÃ¡t."
"BÃ£i biá»ƒn Ä‘áº¹p, buá»•i chiá»u ngá»“i quÃ¡n Äƒn (cá»§a ngÆ°á»i dÃ¢n Ä‘á»‹a phÆ°Æ¡ng) trÃªn bÃ£i cÃ¡t tháº­t tuyá»‡t"
"Resort Ä‘áº¹p, sáº¡ch sáº½ vÃ  yÃªn tÄ©nh, nhÃ¢n viÃªn phá»¥c vá»¥ tá»‘t"
CÃ²n sÆ¡ khai. Há»“ bÆ¡i ko Ä‘Æ°á»£c sáº¡ch. Cáº£nh quan bÃ¬nh thÆ°á»ng...Äá»“ Äƒn náº¥u OK nhÆ°ng gáº¡o náº¥u láº¡i lÃ  gáº¡o Ná»Ÿ khÃ´ng ngon xÃ­ nÃ o.
"BÃ£i biá»ƒn nhá» thÆ¡ má»™ng, cáº£nh quan Ä‘áº¹p. Gáº§n lÃ ng chÃ i. Gáº§n resort cÃ³ 2 quÃ¡n hÆ°á»›ng biá»ƒn khÃ¡ Ä‘áº¹p."
Phá»¥c vá»¥ tá»‘t. Sá»­ dá»¥ng wc cá»­a  khÃ´ng khÃ³a . HÆ¡i báº¥t tiá»‡n cho gia Ä‘Ã¬nh Ä‘i ba bá»‘n ngÆ°á»i.
"PhÃ²ng á»‘c Ä‘áº¹p, Dá»‹ch vá»¥ tá»‘t, nhÃ¢n viÃªn cá»±c ká»³ nhiá»‡t tÃ¬nh."
"Gáº§n bÃ£i táº¯m cÃ³ lÃ ng chÃ i BÃ£i xÃ©p ,nuÃ´i chÃ³ cháº¡y rong trÃªn bÃ£i báº©n thá»‰u ,nháº¿ch nhÃ¡c"
NÆ¡i nÃ y  ráº¥t Ä‘áº¹p ráº¥t thÃ­ch há»£p cho viá»‡c thÆ° giÃ£n giÃ¡i trÃ­ hoáº·c tá»¥ táº­p liÃªn hoan nhÃ©!
"Ä‘áº¹p, sáº¡ch, thÆ° giÃ£n tá»‘t, Ä‘á»“ Äƒn táº¡m táº¡m, Ä‘á»“ Äƒn ngon hÆ¡n thÃ¬ tá»‘t hÆ¡n, cáº§n kiá»ƒm soÃ¡t muá»—i vÃ  cÃ´n trÃ¹ng"
Äá»“ Äƒn sÃ¡ng ráº¥t ngon.Biá»ƒn ráº¥t Ä‘áº¹p phÃ¹ há»£p cho viá»‡c sá»‘ng áº£o.
Cáº£nh váº­t: 10/10.NhÃ  hÃ ng: 7/10.PhÃ²ng á»Ÿ: 8/10.ÄÃ¡ng tiá»n: 8/10
"View Ä‘áº¹p, phÃ²ng á»‘c rá»™ng rÃ£i, nhÃ¢n viÃªn thÃ¢n thiá»‡n, Ä‘á»“ Äƒn ngon"
"Phong cáº£nh Ä‘áº¹p, phÃ²ng á»Ÿ sáº¡ch sáº½ nhÆ°ng Ä‘á»“ Äƒn khÃ´ng ngon láº¯m"
"NhÃ¢n viÃªn lá»‹ch sá»±, phÃ²ng view Ä‘áº¹p, há»“ bÆ¡i Ä‘áº¹p, Ä‘á»“ Äƒn á»•n."
"ThÃ­ch há»£p nghá»‰ dÆ°á»¡ng, chá»— á»Ÿ cÃ³ view Ä‘áº¹p nhg ná»™i tháº¥t chÆ°a hoÃ n thiá»‡n háº¿t"
View Ä‘áº¹p. LÆ°ng chá»«ng nÃºi. BÃ£i biá»ƒn Ä‘áº¹p. KhÃ¡ch váº¯ng nÃªn k buffet sÃ¡ng.
"KhÃ´ng quÃ¡ sang cháº£nh nhÆ°ng sáº¡ch sáº½ vÃ  xinh xáº¯n, phÃ²ng á»‘c ngÄƒn náº¯p, Ä‘á»“ Äƒn táº¡m á»•n"
NÆ°á»›c uá»‘ng ngon phá»¥c vá»¥ tá»‘t thÃ¢n thiá»‡n view Ä‘áº¹p
Resort vá»›i khá»‘i nhÃ  chÃ­nh Ä‘Æ°á»£c mÃ´ phá»ng tá»« con cÃ¡ Ä‘uá»‘i.
"Äá»“ Äƒn ngon, nhÃ¢n viÃªn thÃ¢n thiá»‡n, relax á»Ÿ Ä‘Ã¢y ráº¥t thoáº£i mÃ¡i ğŸ¥°ğŸ¥°"
Tháº¥y nhÃ  Ä‘áº¹p vÃ o xem thá»­ á»Ÿ Ä‘Æ°á»£c khÃ´ng mÃ  khÃ´ng cho vÃ o =]]]
Resort 4 sao nhÆ°ng cá»±c ká»³ tá»‡. KhÃ´ng báº±ng ks 1 sao. Má»i ngÆ°á»i nÃªn trÃ¡nh sa nhÃ©
"Thiáº¿t káº¿ nhiá»ƒu sáº¯t thÃ©p, chÆ°a tinh táº¿. Bá»ƒ bÆ¡i nhá», Ä‘Ãºng kiá»ƒu cho cÃ³"
"Má»i thá»© á»•n. Trá»« muá»—i, muá»—i quÃ¡ trá»i táº¡i bungalow"
"Nhiá»u háº¡ng má»¥c chÆ°a hoÃ n thiá»‡n, tuy nhiÃªn trong tÆ°Æ¡ng lai gáº§n Ä‘Ã¢y sáº½ lÃ  Ä‘iá»ƒm nghá»‰ dÆ°á»¡ng tuyá»‡t vá»i!"
Äá»“ Äƒn sÃ¡ng dá»¡. Ko gian hÆ¡i nhá» nhÆ°ng Ä‘áº¹p
Ä‚n sÃ¡ng ráº¥t ngon. PhÃ²ng á»‘c Ä‘áº¹p. View Ä‘áº¹p.
1 nÆ¡i nghiÌ‰ ngÆ¡i tÃ´Ìt khi baÌ£n chaÌn sÆ°Ì£ naÌo nhiÃªÌ£t vaÌ€ cÃ¢Ì€n 1 nÆ¡i nghiÌ‰ dÆ°Æ¡Ìƒng thÃ¢Ì£t sÆ°Ì£
Tá»‘t . Ä‘áº¹p phÃ²ng sáº¡ch sáº½.  NhÃ¢n viÃªn nhiá»‡t tÃ¬nh
Äáº¹p. Táº¥t cáº£ cÃ¡c tiá»‡n Ã­ch cá»§a ks Ä‘á»u free
"Äáº¹p, nhÃ¢n viÃªn thÃ¢n thiá»‡n, phÃ¹ há»£p nghá»‰ ngÆ¡i."
HÆ¡i xa trung tÃ¢m nhÆ°ng ráº¥t sáº¡ch Ä‘áº¹p
HÆ¡i xa trung tÃ¢m nhÆ°ng view Ä‘áº¹p.
"View Ä‘áº¹p, giÃ¡ pháº£i chÄƒng, nhÃ¢n viÃªn thÃ¢n thiá»‡n"
"Tuyá»‡t vá»i, khung cáº£nh quÃ¡ Ä‘áº¹p, nhiá»u cÃ¢y xanh"
Ráº¥t Ä‘áº¹p vÃ  tiá»‡n nghi khÃ´ng gian thoÃ¡ng Ä‘Ã£ng
KhÃ¡ á»•n vá» phÃ²ng á»‘c nhÆ°ng cÃ²n thiáº¿u vÃ i dá»‹ch vá»¥.
Cáº£nh Ä‘áº¹p nhÆ°ng thá»©c Äƒn khÃ´ng ngon!
HÃ´Ì€ bÆ¡i nhoÌ‰. ChÃ¢Ìt lÆ°Æ¡Ì£ng thÆ°Ìc Äƒn keÌm. ChaÌn
"BÃ£i biá»ƒn riÃªng, sÃ¡t nÃºi, view tuyá»‡t Ä‘áº¹p."
"BÃ£i biá»ƒn Ä‘áº¹p, nhÃ¢n viÃªn thÃ¢n thiá»‡n"
"Resort Ä‘áº¹p, nhÃ¢n viÃªn dá»… thÆ°Æ¡ng."
"NV nhiá»‡t tÃ¬nh, cáº£nh quan Ä‘áº¹p, ngay sÃ¡t bá» biá»ƒn"
"Cháº¥t lÆ°á»£ng phÃ¹ há»£p, k gian yÃªn tÄ©nh thoáº£i mÃ¡i"
"NhÃ¢n viÃªn thÃ¢n thiá»‡n, resort Ä‘áº¹p,"
"PhÃ²ng sáº¡ch, Ä‘áº¹p, nhÃ¢n viÃªn dá»… thÆ°Æ¡ng."
"Cáº£nh Ä‘áº¹p, tiá»‡n nghi, phá»¥c vá»¥ Ã¢  cáº§n"
Khu nghÄ© dÆ°á»¡ng cÃ³ khung cáº£nh Ä‘áº¹p.
Má»™t chiáº¿c Resort xinh Ä‘áº¹p táº¡i Quy NhÆ¡n ğŸ’™
Wow...bai biet dep lam nha..view rat tuyet
Biá»ƒn sáº¡ch. Cháº¥t lÆ°á»£ng phá»¥c vá»¥ tá»‘t
Äáº¯t vÃ  ná»™i tháº¥t toÃ n Ä‘á»“ thÆ°á»ng.
"HÆ¡i xa trung tÃ¢m, Ä‘i láº¡i báº¥t tiá»‡n"
Äá»‹a Ä‘iá»ƒm Ä‘Ã¡ng Ä‘á»ƒ trÃ£i nghiá»‡m.tuyá»‡t vá»i!
"Táº¥t cáº£ cÃ¡c háº¡ng má»¥c Ä‘Ã£ xuá»‘ng cáº¥p tráº§m trá»ng, sÃ n gá»— khu vá»±c tá»• chá»©c Äƒn uá»‘ng ngoÃ i trá»i thÃ¬ Ä‘Ã£ má»¥c nÃ¡t (mÃ¬nh chÃ­nh lÃ  náº¡n nhÃ¢n bá»‹ sáº­p háº§m ğŸ˜). PhÃ²ng khÃ´ng sáº¡ch sáº½, cÃ³ nhá»‡n vÃ  nhiá»u ruá»“i, Ä‘iá»‡n Ã¡p khÃ´ng á»•n Ä‘á»‹nh, cÃ³ nhiá»u phÃ²ng Ä‘iá»u hÃ²a khÃ´ng cháº¡y ná»•i luÃ´n. NÆ°á»›c á»Ÿ há»“ bÆ¡i thÃ¬ khÃ´ng sáº¡ch, cÃ³ mÃ¹i tanh, cÃ¡c gháº¿ dÃ i thÆ° giÃ£n thÃ¬ gá»— Ä‘Ã£ bá»‹ má»¥c hoáº·c bá»‹ hÆ° há»ng khÃ´ng Ä‘Æ°á»£c sá»­a chá»¯a, nÃ¢ng cáº¥p. Khu vá»±c nhÃ  hÃ ng Äƒn sÃ¡ng thÃ¬ khÃ´ng sáº¡ch sáº½, sÃ n hay máº·t bÃ n ngoÃ i trá»i khÃ´ng Ä‘Æ°á»£c lau chÃ¹i vÃ  cÃ³ nhiá»u ruá»“i. Bá»¯a Äƒn sÃ¡ng quÃ¡ tá»‡, nghÄ© sao má»™t resort giÃ¡ phÃ²ng lÃªn Ä‘áº¿n 2 triá»‡u/phÃ²ng, Ä‘oÃ n mÃ¬nh gáº§n 50 ngÆ°á»i mÃ  resort khÃ´ng lÃ m Ä‘Æ°á»£c bá»¯a buffet, chá»‰ phá»¥c vá»¥ Ä‘Ãºng 4 mÃ³n (bÃºn cháº£ cÃ¡, bÃºn bÃ², má»³ xÃ o vÃ  á»‘p la). HÃ¬nh áº£nh thÃ¬ lung linh chÆ¡ thá»±c táº¿ thÃ¬ resort Ä‘Ã£ xuá»‘ng cáº¥p khÃ´ng Ä‘Æ°á»£c nÃ¢ng cáº¥p vÃ  tu táº¡o thÃªm...tháº¥t vá»ng trÃ n trá»"
"ThÃ¡i Ä‘á»™ nhÃ¢n viÃªn khÃ´ng tá»‘t, dá»‹ch vá»¥ ráº¥t tá»‡, bá»¯a sÃ¡ng khÃ´ng báº±ng quÃ¡n vá»‰a hÃ¨, xÃ¬ dáº§u thÃ¬ háº¿t háº¡n, chá»— ngá»“i báº©n, chá»‰ Ä‘Æ°á»£c bÃ£i biá»ƒn tá»‘t nhÆ°ng láº¡i khÃ´ng cÃ³ nhÃ¢n viÃªn trá»±c"
"LÃ  má»™t nÆ¡i lÃ½ tÆ°á»Ÿng Ä‘á»ƒ nghá»‰ dÆ°á»¡ng , gáº§n gÅ©i vá»›i biá»ƒn vá»›i thiÃªn nhiÃªn, nhÃ  hÃ ng phá»¥c vá»¥ cÃ¡c mÃ³n Äƒn háº£i sáº£n tÆ°Æ¡i sá»‘ng . CÃ¡c báº¡n cá»© Ä‘áº¿n tráº£i nghiá»‡m thá»­."
"ChÃ¡n, biá»ƒn Ä‘Ã¡ khÃ´ng, khÃ´ng thá»ƒ táº¯m Ä‘Æ°á»£c, láº§n Ä‘áº§u tiÃªn tráº£i nghiá»‡m há»“ bÆ¡i xi mÄƒng cÅ©ng khÃ´ng thá»ƒ táº¯m Ä‘Æ°á»£c, nÃ³i chung lÃ  very bad"
"Nháº­n viÃªn phá»¥c vá»¥ chu Ä‘Ã¡o , khung cáº£nh gáº§n gÅ©i vá»›i thiÃªn nhiÃªn phÃ¹ há»£p vá»›i nhá»¯ng báº¡n thÃ­ch hoÃ ng sÆ¡ , khÃ´ng khÃ­ trong lÃ nh nhÆ° mÃ¬nh.."
Accidentally came to this place instead of Bai Xep beach. In and out 20mins but the ticker seller said it had been hours and refused to refund..Äi vÃ o nháº§m cÃ³ 20' mÃ  báº£o lÃ  cáº£ tiáº¿ng Ä‘á»“ng há»“ Ä‘á»ƒ k hoÃ n vÃ©
"BÃ¡n vÃ© 50k cho khÃ¡ch tham quan tuy nhiÃªn khung cáº£nh vÃ  vá»‡ sinh cá»±c kÃ¬ chÃ¡n. Xung quanh toÃ n rÃ¡c vÃ  cÃ¢y leo. Há»“ bÆ¡i dÆ¡, khu vá»±c sÃ¢u 2m40 ko cÃ³ biá»ƒn cáº£nh bÃ¡o. Cáº§n cáº£i thiá»‡n nhiá»u"
"Cháº¥t lÆ°á»£ng khÃ´ng Ä‘Ã¡ng mong Ä‘á»£i, vÃ o cá»•ng tham quan 50k vÃ  khÃ´ng cÃ³ gÃ¬ Ä‘á»ƒ tham quan. Há»“ bÆ¡i thÃ¬ dÆ¡ nÆ°á»›c Ä‘á»¥c láº¯m k cÃ³ vá»‡ sinh há»“. Ai Ä‘i thÃ¬ nÃªn chÃº Ã½ nhÃ©!!!"
"BÃ£i xáº¿p nay cÃ³ chá»— nghÄ© dÆ°á»¡ng tÃªn osix. BÃ¡n vÃ© tham quan 50k/ngÆ°á»i khÃ´ng cÃ³ cáº£nh gÃ¬ Ä‘áº·c sáº¯c, vá»‡ sinh khÃ´ng sáº¡ch sáº½ ráº¥t chÃ¡n. Sáº½ khÃ´ng tá»›i ná»¯a"
"NgoÃ i anh Báº£o vá»‡ thu tiá»n vÃ© cá»•ng xong, khÃ´ng tháº¥y nhÃ¢n viÃªn phá»¥c vá»¥ nÃ o cáº£"
Chá»‰ Ä‘i ngang qua chá»© chÆ°a á»Ÿ láº¡i nÃªn ko cÃ³ gÃ¬ Ä‘á»ƒ nÃ³i
"BÃ£i biá»ƒn Ä‘Ã¡ Ä‘áº¹p, giÃ¡ phÃ²ng/bungalow mÃ¹a dá»‹ch 600k-1tr cho 2 ngÆ°á»i, bÃ¡o gá»“m bá»¯a sÃ¡ng. CÃ³ khu nhÃ  hÃ ng sÃ¡t bÃ£i biá»ƒn. NhÃ¢n viÃªn phá»¥c vá»¥ táº­n tÃ¬nh"
"Quang cáº£nh Resort Ä‘áº¹p,thÃ­ch há»£p chá»¥p sá»‘ng áº£o,cÃ³ há»“ bÆ¡i nÆ°á»›c máº·n lÃ m theo kiá»ƒu ao khÃ¡ thÃº vá»‹..Má»™t vÃ i gÃ³p Ã½ cho nhÃ¢n viÃªn lÃ  dá»n phÃ²ng nÃªn ká»¹ chÃºt hÆ¡i dÆ¡.LÃºc check in má»Ÿ tá»§ láº¡nh cÃ²n cÃ³ 1 chai nÆ°á»›c khÃ¡ch trÆ°á»›c uá»‘ng dang dá»Ÿ ..NhÃ¢n viÃªn nÃªn check ká»¹ nhá»¯ng mÃ³n cÃ³ tÃ­nh phÃ­ trong phÃ²ng Ä‘á»ƒ bÃ¹ vÃ o trÆ°á»›c lÃºc khÃ¡ch check in,vÃ¬ lÃºc vÃ o mÃ¬nh ko há» uá»‘ng 2 chai nÆ°á»›c lá»›n cÃ³ tÃ­nh phÃ­ (chá»‰ uá»‘ng chai nhá» free,2chai/ngÃ y Resort free )váº­y mÃ  lÃºc ra bill cá»™ng thÃªm 2 chai Ä‘Ã³ vÃ o.KhÃ´ng Ä‘Ã¡ng bao nhiÃªu tiá»n mÃ  nÃ³ táº¡o tÃ­nh khÃ´ng chuyÃªn nghiá»‡p cho Resort"
"PhÃ²ng bungalow thÃ¬ ok, view mÃ¬nh chá»n lÃ  view biá»ƒn, nhÆ°ng phÃ²ng cÃ²n sÆ¡ sÃ i, khÃ´ng trÃ , cafe nhÆ° cÃ¡c khÃ¡ch sáº¡n, resort 3-4 sao khÃ¡c. Toilet nÆ°á»›c rá»‰ luÃ´n áº©m Æ°á»›t, Ä‘áº·c biá»‡t nhiá»u kiáº¿n Ä‘á», ká»ƒ cáº£ trÃªn giÆ°á»ng. Cá»© tÆ°á»Ÿng Äƒn sÃ¡ng buffet nhÆ°ng chá»‰ cÃ³ á»‘p la, bÃºn bÃ²...(ko ngon ), vÃ¬ Ã­t khÃ¡ch nÃªn phÃ²ng Äƒn cÅ© ká»¹, Ã  Äƒn sÃ¡ng cung ko tháº¥y má»i nÆ°á»›c, xoay qua láº¡i ko tháº¥y nv Ä‘Ã¢u Ä‘á»ƒ há»i..Resort nÃ y Ä‘Æ°á»£c cÃ¡i nhÃ¢n viÃªn cÅ©ng ok, view Ä‘áº¹p, náº¿u Ä‘Æ°á»£c hoÃ n thiá»‡n thÃªm thÃ¬ sáº½ lÃ  1 sá»± lá»±a chá»n nghá»‰ dÆ°á»¡ng tuyá»‡t vá»i, khÃ´ng pháº£i nhÆ° bÃ¢y giá» !!!..Nice view, quiet, but inside the room still meager: no tea, coffee free like hotel or resort 3-4 star another. Toilet not good with mang thing so old and wet and many ant. No breakfast buffet just fried egg, beefnoodle...(not good too), restaurant very old because not too much customer and No drinks offered . But staffs are fine."
"BÃ£i táº¯m ko Ä‘áº¹p, chá»‰ cÃ³ bá»ƒ bÆ¡i nÆ°á»›c ngá»t cho tráº» em, dá»‹ch vá»¥ cÃ²n háº¡n cháº¿. Äá»“ Äƒn quÃ¡ dá»Ÿ, tÃ´m, má»±c Ä‘Ã´ng láº¡nh, sá»‘ ngÆ°á»i phá»¥c vá»¥ quÃ¡ Ã­t, ngá»“i tá»« 12h Ä‘áº¿n 13h má»›i mang Ä‘á»§ mÃ³n lÃªn, há»i xin thÃªm gia vá»‹ thÃ¬ gáº§n nhÆ° failed, gá»i thÃªm nÆ°á»›c ngá»t cÅ©ng háº¿t."
"NÆ¡i lÃ½ tÆ°á»Ÿng Ä‘á»ƒ nghá»‰ dÆ°á»¡ng, cáº£nh Ä‘áº¹p nhÆ°ng sÃ³ng biá»ƒn hÆ¡i á»“n."
"A good resort and owned  beach in front, and it is far to center of Quy nhÆ¡n, and good for people lá»‹ke to stay with more quiet and close natural..1 khu nghá»‰ dÆ°á»¡ng tá»‘t xa trung tÃ¢m Quy nhÆ¡n, cÃ³ bÃ£i táº¯m riÃªng, thÃ­ch há»£p cho ngÆ°á»i thÃ­ch yÃªn tÄ©nh vÃ  gáº§n vá»›i thiÃªn nhiÃªn."
"LÃ  Ä‘á»‹a Ä‘iá»ƒm tham quan du lá»‹ch vá»›i trang trÃ­ Ä‘áº§y báº¯t máº¯t, cÃ³ 1 chÃºt hoang dÃ£ vá»›i cáº£nh rá»«ng cÃ¢y vÃ  gáº§n biá»ƒn, bÃªn cáº¡nh Ä‘Ã³ cÃ²n cÃ³ nÆ¡i phá»¥c vá»¥ nÆ°á»›c uá»‘ng, cÃ³ há»“ bÆ¡i nÆ°á»›c ngá»t cho báº¡n sau khi táº¯m biá»ƒn, Ä‘áº·t biá»‡t á»Ÿ Ä‘Ã¢y lÃ  nÆ¡i cÃ³ view Ä‘áº¹p cho cÃ¡c báº¡n thÃ­ch tá»± sÆ°á»›ng."
Resort chá»‰ dÃ nh cho khÃ¡ch du lá»‹ch thuÃª phÃ²ng. VÃ© vÃ o cá»•ng 50k 1 ngÆ°á»i lÃ  Ä‘Ãºng nghÄ©a vÃ o cá»•ng nha má»i ngÆ°á»i. BÃªn trong khÃ´ng cÃ³ gÃ¬ háº¿t ak
"ChÆ°a hoÃ n thiá»‡n láº¯m, nhÆ°ng Ä‘á»‹a Ä‘iá»ƒm Ä‘áº¹p vÃ  nhiá»u tiá»m nÄƒng. Náº¿u Ä‘áº§u tÆ° Ä‘Ãºng táº§m thÃ¬ tuyá»‡t vá»i."
BÃ£i táº¯m giÃ¡ cáº£ há»£p lÃ½.Ä‘á»“ Äƒn vÃ  giÃ¡ phÃ²ng Ä‘áº¯t.nÃ³i chung há»£p lÃ½ vá»›i cÃ¡c Ä‘áº¡i gia.bÃ£i táº¯m Ä‘áº¹p cÃ³ Ä‘Ã¡ nÃªn cÃ¡c báº¡n cáº©n tháº­n khong va pháº£i Ä‘Ã¡.
"Khu vá»±c rá»™ng rÃ£i. Nhiá»u dá»‹ch vá»¥ hay nhÆ° táº¯m há»“, cháº¡y mÃ´ tÃ´ nÆ°á»›c, tham quan suá»‘i vÃ ng, Ä‘i cano tham quan hÃ²n ngang, Ä‘á»‘t lá»­a tráº¡i náº¿u cÃ³ nhu cáº§u khi khÃ¡ch á»Ÿ láº¡i qua Ä‘Ãªm. MÃ¹a hÃ¨ thÃ¬ ráº¥t Ä‘Ã´ng khÃ¡ch tá»›i tham quan vÃ  Äƒn uá»‘ng. MÃ¹a láº¡nh nÃªn ráº¥t Ã­t khÃ¡ch nhÆ°ng khÃ´ng cÃ³ khuyáº¿n mÃ£i nÃ o  háº¿t. VÃ o tham quan má»—i ngÆ°á»i 30k nhÃ©, uá»‘ng cafe thÃ¬ tÃ­nh riÃªng... nÆ°á»›c uá»‘ng kg ngon láº¯m, táº¡m Ä‘Æ°á»£c. CÃ³ nhiá»u loáº¡i phÃ²ng cho khÃ¡ch du lá»‹ch á»Ÿ bungalow, motel cÃ³ giÃ¡ khÃ¡c nhau tá»« 1,2 triá»‡u Ä‘áº¿n 2 triá»‡u. NÆ¡i Ä‘Ã¢y Ä‘ang mua Ä‘áº¥t má»Ÿ rá»™ng thÃªm vá» bÃªn pháº£i Ä‘á»ƒ xÃ¢y thÃªm nhiá»u bungalow cho khÃ¡ch á»Ÿ"
Biá»ƒn chá»‰ ngáº¯m chá»© táº¯m khÃ´ng an toÃ n. Máº·c dÃ¹ cÃ³ há»“ tá»± táº¡o Ä‘Æ°a nÆ°á»›c biá»ƒn vÃ o nhÆ°ng ká»¹ thuáº­t Ä‘áº¯p há»“ báº±ng cÃ¡t gÃ¬ mÃ  tráº§y xÆ°á»›t háº¿t da cho ngÆ°á»i bÆ¡i. Tháº­t tá»‡ khi Ä‘Æ°a dá»‹ch vá»¥ vÃ o mÃ  khÃ´ng tráº£i nghiá»‡m trÆ°á»›c. Má»™t láº§n cáº£ gia Ä‘Ã¬nh hÄƒm há»Ÿ vÃ o khi khai trÆ°Æ¡ng vÃ  Ä‘á»“ng lÃ²ng cáº£ nhÃ  chÃºng tÃ´i sáº½ khÃ´ng bao giá» quay láº¡i láº§n hai..Chá»‰ dÃ nh cho nhá»¯ng ai Ä‘áº¿n á»Ÿ trong nhá»¯ng tÃºp nhÃ  mÃ  khÃ´ng quan tÃ¢m Ä‘áº¿n nhá»¯ng tiá»‡n Ã­ch khÃ¡c thÃ¬ háº³n lÃ  ğŸ¤£ğŸ¤£ğŸ¤£
"Chá»— nghá»‰ khu A thÃ¬ ráº¥t ok, nhÆ°ng giÃ¡ phÃ²ng pháº£i tá»« 2 triá»‡u 1 Ä‘Ãªm, cÃ¡c khu khÃ¡c thÃ¬ cx á»•n, 1 triá»‡u hÆ¡n 1 Ä‘Ãªm, cÃ³ há»“ bÆ¡i nÆ°á»›c máº·n ráº¥t tuyá»‡t vá»i"
"Ráº¥t rá»“i tá»‡ ! NhÃ  vá»‡ sinh ráº¥t báº©n, phÃ²ng thÃ¬ giá»‘ng nhÃ  nghÄ© trá» hÆ¡n lÃ  resort , bÃ³ng Ä‘Ã¨n thÃ¬ cÃ¡i cÃ³ cÃ¡i khÃ´ng ! Ráº¥t tá»‡"
"PhuÌ£ vu kÃ©m, maÌt vÃªÌ€ sinh! ThÃ¢Ìy Ä‘Ã´Ì€ nv khÃ´ng tÃ´Ìt!"
Cáº£nh Ä‘áº¹p thÃ­ch há»£p cho cÃ¡c chá»‹ em sá»‘ng áº£o.resort gáº§n biá»ƒn khÃ´ng khÃ­ trong lÃ nh mÃ¡t máº» dá»ƒ chá»‹u.1 tuáº§n lÃ m viá»‡c báº­n rá»™n Ä‘áº§u Ã³c báº¡n cÄƒng tháº³ng cÃ³ thá»ƒ tá»›i resort Ä‘á»ƒ thÆ°á»Ÿng thá»©c cÃ¡ mÃ³n Äƒn cÃ¹ng gia Ä‘Ã¬nh hoáº·c báº¡n bÃ¨..Ráº¥t cáº£m Æ¡n cÃ¡c báº¡n Ä‘Ã£ á»§ng há»™ resort trong thá»i gian qua
KhÃ´ng cÃ³ gÃ¬ Ä‘áº·c biá»‡t..Trang trÃ­ sÆ¡ sÃ i..Cháº¥t lÆ°Æ¡ng dá»‹ch vá»¥ khÃ´ng cao..NhÃ¢n viÃªn thiáº¿u nhiá»‡t tÃ¬nh vÃ  chuyÃªn nghiá»‡p.
"Cáº£nh Ä‘áº¹p, khÃ´ng gian xanh vÃ  yÃªn bÃ¬nh. ThÃ­ch há»£p nghá»‰ dÆ°á»¡ng!"
"BÃ£i biá»ƒn bÃ© táº¹o ( náº¿u khÃ´ng muá»‘n nÃ³i lÃ  khÃ´ng cÃ³). NhÃ¢n viÃªn hÆ¡i bá»‹ cháº­m. Äi láº¡i háº¡n cháº¿. Äá»“ Äƒn Ã­t lá»±a chá»n. Xung quanh khÃ³ mua Ä‘á»“, pháº£i sang lÃ ng chÃ i gáº§n Ä‘áº¥y"
"CÅ©ng Ä‘Æ°á»£c, dá»‹ch nÃªn hÆ¡i Ä‘iÃªu tÃ n"
"Há»“ bÆ¡i láº¡ nhÆ° nhá»¯ng há»‘ cÃ¡t cÃ³ sá»§i bá»t ráº¥t thÃº vá»‹ Ä‘á»ƒ trÃ£i nghiá»‡m. View biá»ƒn ráº¥t Ä‘áº¹p. ThÃ¡c nÆ°á»›c tá»± nhiÃªn cháº£y tá»« nÃºi ra biá»ƒn. VÃ© vÃ o cá»•ng than quan kiÃªm vÃ© bÆ¡i, táº·ng kÃ¨m 1 chai nc suá»‘i nhá»."
"Cáº£nh quan táº¡m Ä‘Æ°á»£c + 1 Ä‘iá»u giÃºp gá»¡ Ä‘iá»ƒm lÃ  NhÃ¢n viÃªn ráº¥t vui váº», nhiá»‡t tÃ¬nh, biáº¿t xá»­ lÃ½ tÃ¬nh huá»‘ng..CÃ²n láº¡i dá»‹ch vun quÃ¡ tá»‡: PhÃ²ng ko Ä‘Æ°á»£c sáº¡ch, trang thiáº¿t bá»‹ sÆ¡ sÃ i, há»“ bÆ¡i bÃ¬nh thÆ°á»ng...LÃºc mÃ¬nh Ä‘i chá»‰ cÃ³ 1 phÃ²ng mÃ¬nh á»Ÿ, tá»‘i báº¿p ko náº¥u mÃ  ko bÃ¡o trÆ°á»›c lÃ m mÃ¬nh suÃ½t chá»‹u Ä‘Ã³i, cÃ¡c e nhÃ¢n viÃªn pháº£i cháº¡y xe Ä‘i mua dÄ©a cÆ¡m háº£i sáº£n vá» Äƒn táº¡m."
"Cháº¥t lÆ°á»£ng phá»¥c vá»¥ kÃ©m, tá»« nhÃ¢n viÃªn  cho Ä‘áº¿n quáº£n lÃ½.."
Báº£o vá»‡ nÃ³i resort chÃ­nh lÃ  bÃ£i táº¯m bÃ£i xÃ©p vÃ  thu tiá»n Ä‘á»ƒ vÃ o cá»­a nhÆ°ng thá»±c táº¿ bÃ£i xÃ©p chÃ­nh thá»©c á»Ÿ cÃ¡ch Ä‘Ã³ 500 m vÃ  miá»…n phÃ­. HÆ¡n ná»¯a bÃ£i táº¯m cá»§a resort cÅ©ng nhá» vÃ  toÃ n Ä‘Ã¡ lÃ  Ä‘Ã¡ nÃªn khÃ´ng táº¯m Ä‘Æ°á»£c.
"PhÃ²ng nghi ok,  cÃ³ sÃ¢n chÆ¡i rá»™ng, chá»‰ tiáº¿c khÃ´ng cÃ³ bÃ£i cÃ¡t táº¯m biá»ƒn."
"NhÃ¢n viÃªn quÃ¡n bar phá»¥c vá»¥ thiáº¿u nhiá»‡t tÃ¬nh, bÃ n gháº¿ báº©n cÅ©ng ko chá»‹u lau"
"GiÃ¡ cáº£ ok, cáº£nh quan ok, phÃ²ng á»‘c nhÃ¢n viÃªn ok, nhÆ°ng chá»— táº¯m hÆ¡i háº¡n cháº¿"
CÆ¡ sá»Ÿ váº­t cháº¥t ko Ä‘Æ°á»£c má»›i láº¯m
NgÃ y lá»… Ä‘Ã´ng nÃªn chÆ°a Ä‘Ã¡nh giÃ¡ dc.
MÃ¡t máº» nhÃ¢n viÃªn phá»¥c vá»¥ ráº¥t nhiá»‡t tÃ¬nh
"Giao diá»‡n má»›i cáº£nh sáº¯c má»›i, checkin, nghá»‰ dÆ°á»¡ng tuyá»‡t vá»i."
NhÃ¢n viÃªn phá»¥c vá»¥ thiáº¿u chuyÃªn nghiá»‡p bÃ£i táº¯m ráº¥t háº¡n cháº¿
ÄeÌ£p.Phong caÌ‰nh Ä‘eÌ£p . phoÌ€ng Ä‘eÌ£p
MÃ¹a hÃ¨ vÃ o Ä‘Ã¢y thÃ¬ cÃ²n gÃ¬ báº±ng... giÃ¡ hÆ¡i cao
"GiÃ¡ cáº£ há»£p lÃ½, khÃ´ng gian cÅ©ng á»•n"
"Ngá»“i hÆ°á»Ÿng thá»¥ khÃ´ng khÃ­ biá»ƒn trong lÃ nh, cáº£nh Ä‘áº¹p nÃªn thÆ¡"
Lá»«a Ä‘áº£o ko biá»ƒn Ä‘á»ƒ táº¯m. PhÃ¡ máº¥t tá»± nhiÃªn
Bá» biá»ƒn Ä‘áº¹p.Táº­n hÆ°á»Ÿng khoáº£ng khÃ´ng gian trong lÃ nh
"ThoÃ¡ng mÃ¡t sáº¡ch sáº½, bÃ£i táº¯m nhá» nhiá»u Ä‘Ã¡"
"Cáº£nh Ä‘áº¹p, Ä‘á»“ Äƒn ngon, phÃ²ng Ä‘áº¹p rá»™ng"
Pháº£i nÃ³i lÃ  tuyá»‡t vá»i. QuÃ¡ Ä‘áº¹p
Pháº£i nÃ³i lÃ  quÃ¡ tuyá»‡t vá»i luÃ´n
"KhÃ¡ch sáº¡n sáº¡ch sáº½, rá»™ng rÃ£i, cÆ¡ mÃ  lÃ¹m cÃ¢y hÆ¡i cao á»Ÿ táº§ng 1 nhÃ¬n view biá»ƒn hÆ¡i khÃ³ hihi. MÃ¬nh á»Ÿ phÃ²ng ocean front B. NhÃ  vá»‡ sinh ráº¥t rá»™ng vÃ  cÃ³ bá»“n táº¯m, bá»ƒ bÆ¡i ngoÃ i trá»i sáº¡ch sáº½. NhÃ¢n viÃªn ráº¥t dá»… thÆ°Æ¡ng vÃ  thÃ¢n thiá»‡n. Náº¿u cÃ³ dá»‹p quay láº¡i nháº¥t Ä‘á»‹nh ghÃ© Aurora. Quy NhÆ¡n 11/7-14/7/2022"
"Vá»‹ trÃ­ Ä‘á»™c Ä‘Ã¡o nhÆ°ng cÆ¡ sá»Ÿ váº­t cháº¥t xuá»‘ng cáº¥p, nháº¿ch nhÃ¡c, thiáº¿u nhÃ¢n viÃªn buá»“ng phÃ²ng nÃªn ráº¥t lÃ¢u má»›i Ä‘Æ°á»£c nháº­n phÃ²ng"
"KhÃ´ng gian lyÌ tÆ°Æ¡Ì‰ng cho nghiÌ‰ dÆ°Æ¡Ìƒng, yÃªn tiÌƒnh, view Ä‘eÌ£p, diÌ£ch vuÌ£ chu Ä‘aÌo"
View Ä‘áº¹p cÅ©ng ko thua bao nhiÃªu so vá»›i amanoi Amanoi
PhÃ²ng toÃ n muá»—i khÃ´ng pháº£i thá»©c Ä‘á»ƒ Ä‘áº­p muá»—i má»n quÃ¡ dÃ y Ä‘á»“ Äƒn khÃ´ng ngon
"Vá»‹ trÃ­, bÃ£i biá»ƒn Ä‘áº¹p. GiÃ¡ thÃ nh ráº». Nv thÃ¢n thiá»‡n nhiá»‡t tÃ¬nh"
View Ä‘áº¹p nhÆ°ng cÆ¡ sá»Ÿ hÆ¡i xuá»‘ng cáº¥p !!!
"Dá»‹ch vá»¥ tá»‡, Ä‘á»‹a Ä‘iá»ƒm xa khÃ³ di chuyá»ƒn, view biá»ƒn khÃ¡ á»•n"
PhÃ²ng á»‘c sáº¡ch sáº½ vÃ  thoÃ¡ng vÃ¬ Ä‘Æ°á»£c thiáº¿t káº¿ mÃ¡i lÃ¡ vá»«a truyá»n thá»‘ng vá»«a hiá»‡u quáº£. Resort Ä‘c xÃ¢y dá»±ng trÃªn má»™t vÃ¡ch Ä‘Ã¡ hÆ°á»›ng ra biá»ƒn nÃªn cÃ³ view ráº¥t Ä‘áº¹p. NhÃ¢n viÃªn ráº¥t thÃ¢n thiá»‡n. CÃ³ nhÃ  hÃ ng nhÆ°ng giÃ¡ hÆ¡i Ä‘áº¯t. CÃ³ buffet Äƒn sÃ¡ng.
"NhÃ¢n viÃªn tá»« phá»¥c vá»¥ Ä‘áº¿n lá»… tÃ¢n ráº¥t dá»… thÆ°Æ¡ng. PhÃ²ng mÃ¬nh á»Ÿ cÃ³ má»™t tÃ­ sá»± cá»‘ mÃ  cÃ¡c báº¡n xá»­ lÃ½ ráº¥t gá»n Ä‘áº¹p. NgoÃ i xin lá»—i cÃ¡c táº·ng bÃ¡nh nÆ°á»›c, láº¡i cÃ²n chuyá»ƒn phÃ²ng khÃ¡c cÃ³ view cá»±c Ä‘áº¹p. NÃ³i chung hÃ i lÃ²ng vá» thÃ¡i Ä‘á»™ phá»¥c vá»¥ cá»§a resort..Vá» resort thÃ¬ náº±m cÃ¡ch trung tÃ¢m TP Quy NhÆ¡n  táº§m 7km, cÃ³ view biá»ƒn cá»±c Ä‘áº¹p, ráº¥t yÃªn tÄ©nh sáº¡ch sáº½ vÃ  thÃ­ch há»£p Ä‘á»ƒ nghá»‰ dÆ°á»¡ng..Ã€,  há» cÃ²n Chá»§ Ä‘á»™ng táº·ng bÃ¡nh kem khi tháº¥y thÃ´ng tin trÃªn booking cÃ³ ngÃ y sinh nháº­t. Tháº­t tuyá»‡t..Sáº½ quay láº¡i náº¿u cÃ³ dá»‹p."
"ThoÃ¡ng mÃ¡t, yÃªn tÄ©nh, sáº¡ch sáº½. NhÃ¢n viÃªn nhiá»‡t tÃ¬nh, thÃ¢n thiá»‡n. RiÃªng Äƒn sÃ¡ng hÆ¡i Ã­t mÃ³n Ä‘á»ƒ lá»±a chá»n ( vÃ¬ dá»‹ch, khÃ¡ch Ã­t mÃ )"
"view á»Ÿ Ä‘Ã¢y thá»±c sá»± ráº¥t Ä‘áº¹p, mÃ³n Äƒn ko chá»‰ ngon mÃ  cÃ²n Ä‘Æ°á»£c trang trÃ­ báº¯t máº¯t ná»¯a. Náº¿u quay láº¡i Quy NhÆ¡n, mÃ¬nh váº«n chá»n resort lÃ  nÆ¡i nghá»‰ chÃ¢n :)))"
"Äá»“ Äƒn dá»Ÿ tá»‡, nghÃ¨o nÃ n..CÆ¡ sá»Ÿ váº­t cháº¥t táº¡m Ä‘Æ°á»£c nhÆ°ng khÃ´ng tháº­t sá»± sáº¡ch sáº½ vÃ  xá»©ng táº§m..ChÃ¡n cháº£ buá»“n nÃ³i"
"Aurora Villas & Resort â€“ Ä‘á»‹a Ä‘iá»ƒm thÃº vá»‹ cho má»™t ká»³ nghá»‰ gia Ä‘Ã¬nh. LÃ  nÆ¡i phá»¥ huynh cÃ³ thá»ƒ thoáº£i mÃ¡i thÆ° giÃ£n bÃªn há»“ bÆ¡i vá»›i nhá»¯ng ly cocktail mÃ¡t láº¡nh vÃ  tráº» con Ä‘Æ°á»£c tham gia cÃ¡c hoáº¡t Ä‘á»™ng vui khá»e táº¡i cÃ¢u láº¡c bá»™ dÃ nh cho tráº» em tá»« 5 â€“ 13 tuá»•i. Ráº¥t nhiá»u hÃ nh trÃ¬nh phiÃªu lÆ°u khÃ¡m phÃ¡ Ä‘Æ°á»£c thiáº¿t káº¿ dÃ nh riÃªng cho gia Ä‘Ã¬nh báº¡n nhÆ° cÃ¡c hoáº¡t Ä‘á»™ng thá»ƒ thao ngoÃ i trá»i, tham quan trang tráº¡i, thi váº½ tranh cÃ¡tâ€¦HÃ£y lÆ°u láº¡i nhá»¯ng khoáº£nh kháº¯c Ä‘Ã¡ng nhá»› nháº¥t cá»§a cáº£ gia Ä‘Ã¬nh táº¡i Aurora â€“ NÆ¡i tuyá»‡t vá»i nháº¥t Ä‘á»ƒ ngáº¯m bÃ¬nh minh."
"Resort nÄƒm táº¡i vá»‹ trÃ­ Ä‘áº¹p, cÃ³ táº§m nhÃ¬n thoÃ¡ng ra biá»ƒn, cÃ³ báº£i táº¯m riÃªng nho nhá», tuy nhiÃªn xuá»‘ng biá»ƒn pháº£i Ä‘i khÃ¡ nhiá»u báº­c thang (táº¡m tÃ­nh gáº§n 130 báº­c) ai khÃ´ng ngáº¡i leo thang thÃ¬ di chuyá»ƒn dá»… dÃ ng. PhÃ²ng tá»‘t nhÆ°ng toilet lÃ³t gáº¡ch Ä‘en mang láº¡i cáº£m giÃ¡c tá»‘i tá»‘i khÃ´ng sáº¡ch sáº½ (tuy thá»±c táº¿ khÃ´ng pháº£i)...Vá»‹ trÃ­ náº±m lung chá»«ng Ä‘Ã¨o vÃ  cá»­a vÃ o táº¡i khÃºc cua nÃªn trong 1 sá»‘ tÃ¬nh huá»‘ng nháº¥t Ä‘á»‹nh cÃ³ thá»ƒ gÃ¢y khÃ³ khÄƒn khi ra vÃ o."
"View biá»ƒn Ä‘áº¹p. KhÃ´ng gian thoÃ¡ng Ä‘Ã£ng, yÃªn tÄ©nh, thÃ­ch há»£p nghá»‰ ngÆ¡i. NhÃ¢n viÃªn dá»… thÆ°Æ¡ng nhiá»‡t tÃ¬nh. BÃ£i biá»ƒn riÃªng ok, nhÆ°ng k coa ngÆ°á»i tÃºc trá»±c cá»©u há»™ nÃªn hÆ¡i nguy hiá»ƒm cho 1 sá»‘ trÆ°á»ng há»£p ngoÃ i Ã½ muá»‘n. Chá»— Ä‘i xuá»‘ng bÃ£i hÆ¡i nhiá»u báº­c thang. ğŸ˜‚.Äá»“ Äƒn ngon nhÆ°ng chÆ°a Ä‘Æ°á»£c phong phÃº..CÃ¡ch trung tÃ¢m khoáº£ng 9 km. Äi xe mÃ¡y vÃ o máº¥t 30ph. Náº¿u ai chá»‰ thÃ­ch nghá»‰ ngÆ¡i táº¯m biá»ƒn thÆ° giÃ£n thÃ¬ ráº¥t ok nhÃ©..GiÃ¡ tiá»n phÃ²ng váº«n hÆ¡i cao so vá»›i má»©c ká»³ vá»ng. Náº¿u giÃ¡ táº§m 900k-1100k/ Ä‘Ãªm thÃ¬ ok hÆ¡n."
"Báº¡n cÃ³ muá»‘n cÃ³ nhá»¯ng tráº£i nghiá»‡m tuyá»‡t vá»i giá»‘ng tÃ´i ko- váº­y thÃ¬ Ä‘á»«ng ngáº§n ngáº¡i xÃ¡ch BalÃ´ lÃªn vÃ  Ä‘i thoii/ Let go!!! Tháº­t lÃ  thiáº¿u sÃ³t náº¿u nhÆ° Ä‘áº¿n  Quy NhÆ¡n mÃ  báº¡n ko ghÃ© thÄƒm Aurora resort- má»™t nÆ¡i ráº¥t Ä‘áº¹p, con ngÆ°á»i thÃ¢n thiá»‡n, Hiáº¿u khÃ¡ch, vÃ  áº©m thá»±c thÃ¬ tuyá»‡t vá»i.Náº¿u cÃ³ dá»‹p thÃ¬ tÃ´i sáº½ ghÃ© thÄƒm nÆ¡i Ä‘Ã¢y láº§n ná»¯a cÃ¹ng vá»›i gia Ä‘Ã¬nh!!!"
MÃ¬nh á»Ÿ phÃ²ng ocean front view ráº¥t Ä‘áº¹p. Äá»“ Äƒn á»Ÿ Ä‘Ã¢y ráº¥t ngon vÃ  há»£p kháº©u vá»‹. CÃ³ dá»‹p mÃ¬nh sáº½ Ä‘áº¿n láº¡i Aurora Villas Quy NhÆ¡n
"KhÃ´ng cÃ³ nÆ°á»›c cho nÆ°á»›c cho khÃ¡ch táº¯m vÃ  Ä‘i vá»‡ sinh tá»« sÃ¡ng Ä‘áº¿n 12 giá» trÆ°a váº«n chÆ°a cÃ³ nÆ°á»›c , khÃ´ng cÃ³ khÄƒn táº¯m trong phÃ²ng khÃ¡ch gá»i tá»« 20 giá» tá»‘i hÃ´m trÆ°á»›c nhÆ°ng Ä‘áº¿n 8 giá»30 sÃ¡ng hÃ´m sau má»›i Ä‘em Ä‘áº¿n, khÃ´ng cÃ³ lá»i xin lá»—i vá»›i khÃ¡ch ráº¥t vÃ´ trÃ¡ch nhiá»‡m trong dÃ­ch vá»¥ , tá»‡ hÆ¡n má»™t nhÃ  trá» bÃ¬nh thÆ°á»ng."
"ChÃºng tÃ´i á»Ÿ phÃ²ng ocean, view Ä‘áº¹p..PhÃ²ng ngá»§ Ä‘áº¹p, nhÆ°ng toilet ko tháº­t sá»± sáº¡ch vÃ  cÃ³ nhiá»u muá»—i..GiÃ¡ phÃ²ng khÃ´ng ráº» vÃ  cÅ©ng ko quÃ¡ Ä‘áº¯t..PhÃ¹ há»£p cho nhá»¯ng ai cáº§n khÃ´ng gian yÃªn tÄ©nh..Bá»¯a sÃ¡ng hÆ¡i nghÃ¨o nÃ n....We stayed 1 night, in ocean view room.Nice view, nice room but the toilet is not really clean and has mosquitoes..Room fare quite expensive but acceptable..Poor breakfast."
"View biá»ƒn, phÃ¹ há»£p nghá»‰ dÆ°á»¡ng..CÃ¡ch Trung tÃ¢m thÃ nh phá»‘ Quy NhÆ¡n khoáº£ng 20km. KhÃ´ng gian riÃªng biá»‡t, tuy nhiÃªn bÃ£i táº¯m chÆ°a tháº­t sá»± thuáº­n tiá»‡n. Há»“ bÆ¡i khÃ¡ nhá» vÃ  cháº­t. Cáº£nh quan ná»™i táº¡i resort cÅ©ng chÆ°a tháº­t sá»± báº¯t máº¯t Ä‘á»ƒ chá»¥p hÃ¬nh."
"Cáº£nh Ä‘áº¹p,má»—i tá»™i nhÃ¢n viÃªn Äƒn cáº¯p tiá»n,nÃªn má»i ngÆ°á»i cáº©n tháº­n.em mÃ¬nh quÃªn chÃ¬a khoÃ¡ phÃ²ng,vÃ´ láº¥y máº¥t 4trieeu máº¥y ,trong lÃºc chá» cÃ´ng an giáº£i quyáº¿t mÃ¬nh lo thu xáº¿p hÃ nh lÃ½,nghÄ© phÃ²ng Ä‘Ã£ khÃ³a k sao,nhÆ°ng quÃªn máº¥t lÃ  k cÃ³ chÃ¬a khÃ³a nhÃ¢n viÃªn buá»“ng phÃ²ng váº«n cÃ³ chÃ¬a riÃªng,vá» Ä‘áº¿n nhÃ  kiá»ƒm tra máº¥t 3 triá»‡u, trÃªn Ä‘Æ°á»ng vá» bÃªn resort Ä‘Ã£ Ä‘t há»— gá»­i vÃ o tÃ i em mÃ¬nh 2 triá»‡u 2 vÃ  Ä‘ang chá» cÃ´ng an giáº£i quyáº¿t.cÃ¡c báº¡n Ä‘áº¿n Ä‘Ã¢y nhá»› Ä‘á» phÃ²ng ,cÃ²n mÃ¬nh máº¥t toi 3 triá»‡u"
"NhÃ¢n viÃªn thiáº¿u chuyÃªn nghiá»‡p, bÃ£i biá»ƒn xa, phÃ²ng cÅ©, Äƒn sÃ¡ng quÃ¡ tá»‡"
"Xe khÃ¡ch khÃ´ng vÃ o tá»›i nÆ¡i tiáº¿p tÃ¢n, thá»©c Äƒn cho gala diner kÃ©m. Vá»‹ trÃ­ bÃ£i biá»ƒn Ä‘áº¹p tuy nhiÃªn bÃ£i táº¯m Ä‘i hÆ¡i xa vÃ  tam cáº¥p quÃ¡ cao."
"Resort cÃ³ nhiá»u phÃ²ng hÆ°á»›ng biá»ƒn. Náº±m trong phÃ²ng nhÃ¬n ra biá»ƒn xanh, sÃ³ng vá»— rÃ¬ rÃ o tháº­t tuyá»‡t. BÃ£i táº¯m sáº¡ch gáº§n phÃ²ng nghá»‰."
"Äáº¹p vÃ  thuáº­n lá»£i Ä‘á»ƒ nghá»‰ ngÆ¡i, cÃ¡ch thÃ nh phá»‘ Quy NhÆ¡n khÃ´ng xa..GiÃ¡ cáº£ há»£p lÃ½, phá»¥c vá»¥ táº­n tÃ¬nh."
"Äá»‹a Ä‘iá»ƒm Ä‘áº¹p, lÃ  nÆ¡i nghá»‰ dÆ°á»¡ng thÃº vá»‹, nhÃ¢n viÃªn phá»¥c vá»¥ thÃ¢n thiá»‡n....sáº½ quay trá»Ÿ láº¡i."
View Ä‘áº¹p hoÃ n háº£o. ThÃ¡i Ä‘á»™ nhÃ¢n viÃªn ráº¥t nhiá»‡t tÃ¬nh. NhÆ°ng cÆ¡ sá»Ÿ váº­t cháº¥t cáº§n Ä‘Æ°á»£c tÃ¢n trang hÆ¡n.
"Cáº£nh Ä‘áº¹p, nhÃ¢n viÃªn oke. Chá»‰ cÃ³ Äƒn tá»‘i quÃ¡ Ä‘áº¯t so vá»›i lÆ°á»£ng thá»©c Äƒn."
"View á»Ÿ resort ráº¥t Ä‘áº¹p, nhÃ¢n viÃªn nhiá»‡t tÃ¬nh thÃ¢n thiá»‡n vÃ  Ä‘á»“ Äƒn cÅ©ng khÃ¡ ngon"
"Khu du lá»‹ch nghÄ© mÃ¡t, ngáº¯m cáº£nh tuyá»‡t vá»i vÃ o mÃ¹a hÃ¨. CÃ³ há»“ bÆ¡i mini vÃ  trÃ² chÆ¡i cano"
"Phá»¥c vá»¥ tá»‘t..Tuy nhiÃªn, MÃ¡y láº¡nh 16Â° váº«n ko láº¡nh, internet ko truy cáº­p Ä‘Æ°á»£c, bÃ£i táº¯m Ä‘áº¿n há»“ bÆ¡i quÃ¡ xa."
"Vá»‹ trÃ­ trung tÃ¢m,  gáº§n biá»ƒn, phÃ²ng á»Ÿ sáº¡ch sáº» vÃ  Ä‘áº¹p. Ä‚n sÃ¡ng ráº¥t ngon vÃ  cÃ³ nhiá»u mÃ³n."
"View Ä‘áº¹p, nhÃ¢n viÃªn dá»… thÆ°Æ¡ng, Ä‘á»“ Äƒn sÃ¡ng há»•ng ngon láº¯m nha."
"View Ä‘áº¹p, phÃ²ng Ä‘áº¹p, rá»™ng thoÃ¡ng, nhÆ°ng phá»¥c vá»¥ phÃ²ng cÃ²n kÃ©m!"
"Sang trá»ng, vá»‹ trÃ­ thuáº­n tiá»‡n, gáº§n trung tÃ¢m TP, Eo GiÃ³, Ká»³ Co, Ghá»nh RÃ¡ng TiÃªn Sa vÃ  bÃ£i biá»ƒn Quy NhÆ¡n"
"Äá»ƒ nghá»‰ dÆ°á»¡ng ráº¥t tá»‘t, phong cáº£nh Ä‘áº¹p, cÃ³ bÃ£i táº¯m riÃªng sáº¡ch sáº½"
"Resort Ä‘áº¹p, nhÃ¢n viÃªn phá»¥c vá»¥ táº­n tÃ¬nh, chu Ä‘Ã¡o."
Äáº¹p ... pháº£i trÃªn cáº£ váº» Ä‘áº¹p . View nhÃ¬n toÃ n cáº£nh tp Quy NhÆ¡n
View Ä‘áº¹p. Sáº¿p vÃ  nhÃ¢n viÃªn thÃ¢n thiá»‡n nhiá»‡t tÃ¬nh.
ChÆ°a Ä‘i nhÆ°ng tháº¥y áº£nh cá»§a má»i ngÆ°á»i cháº¯c lÃ  Ä‘áº¹p láº¯m
"PhÃ²ng rá»™ng rÃ£i, view Ä‘áº¹p, cháº¥t lÆ°á»£ng dá»‹ch vá»¥ tá»‘t"
"Vá»‹ trÃ­ Ä‘áº¹p, thiÃªn nhiÃªn gáº§n gÅ©i, giÃ¡ ráº¥t há»£p lÃ½."
"Táº§m thÃ¡ng 7,8 hay cÃ³ má»‘i bay Ä‘áº§y. Khi cÃ³ Ã¡nh Ä‘Ã¨n thÃ¬ ráº¥t nhiá»u."
View cáº£nh ráº¥t Ä‘áº¹p ká»ƒ cáº£ ngÃ y láº«n Ä‘Ãªm
Khi Ä‘áº¿n quy NhÆ¡n mÃ¬nh nghÄ© báº¡n nÃªn Ä‘i chá»— nÃ y.
"Resort Ä‘áº¹p, khÃ´ng gian thoÃ¡ng Ä‘Ã£ng vÃ  yÃªn tÄ©nh"
CÃ³ bÃ£i táº¯m biá»ƒn riÃªng ngÆ°á»i ngoÃ i ko vÃ´ Ä‘c
"Cáº£nh Ä‘áº¹p, phÃ²ng sáº¡ch, Ä‘áº¹p, nhÃ¢n viÃªn thÃ¢n thiá»‡n"
Ráº¥t thoáº£i mÃ¡i.NhÃ¢n viÃªn táº­n tÃ¬nh dá»… thÆ°Æ¡ng
ÄÃªm Ä‘áº¹p láº¯m cáº£nh lÃ m con ngÆ°á»i ta láº·ng láº¡i
"YÃªn tÄ©nh, view hÆ°á»›ng vá» tp => buá»“n thiÃªu"
QuÃ¡ Ä‘áº¹p . Nhiá»u gÃ³c ( view tuyá»‡t Ä‘áº¹p )
Äá»‹a Ä‘iá»ƒm phÃ¹ há»£p cho nghá»‰ dÆ°á»¡ng vÃ  ngáº¯m quy nhÆ¡n vá» Ä‘Ãªm
"Cáº£nh ráº¥t Ä‘áº¹p, thÃ­ch há»£p nghá»‰ dÆ°á»¡ng"
Ráº¥t Ä‘áº¹p yÃªn bÃ¬nh vÃ  thoáº£i mÃ¡i.
"Vá»‹ trÃ­ Ä‘áº¹p, cháº¥t lÆ°á»£ng táº¡m Ä‘Æ°á»£c"
Lying thong ngiÌ‰ dÆ°Æ¡Ìƒng...Ä‘ep chÃ¢Ìt...jes...
Ã”NG CHá»¦ Máº¬P Äá»ŠT VÃ€ KHÃ”NG THÃ‚ N THIá»†N =))
"Ä‘áº¹p,  sáº¡ch, chÆ°a tiá»‡n nghi láº¯m"
Villa sáº¡ch sáº½ nhÃ¢n viÃªn thÃ¢n thiá»‡n
"Khu vá»±c váº¯ng váº», sáº¡ch sáº½ vÃ  biá»‡t láº­p. BÃ£i táº¯m sÃ¡t resort Ä‘áº¹p tuyá»‡t vá»i..Trong resort cÃ²n cÃ³ bá»ƒ bÆ¡i nÆ°á»›c ngá»t ná»¯a. Tráº» em tha há»“ vui Ä‘Ã¹a an toÃ n tuyá»‡t Ä‘á»‘i.PhÃ²ng sáº¡ch sáº½ vÃ  thoÃ¡ng mÃ¡t. Xe Ä‘iá»‡n cháº¡y ná»™i khu Ä‘Æ°a Ä‘Ã³n khÃ¡ch vÃ  chuyá»ƒn Ä‘á»“ Ä‘áº¡c khi checkin vÃ  checkout..Wifi Ä‘á»§ tá»›i tá»«ng phÃ²ng..Phiáº¿u Äƒn sÃ¡ng buffet táº¡i nhÃ  hÃ ng khÃ¡ nhiá»u mÃ³n ngon..CÃ³ thá»ƒ Ä‘áº·t mÃ³n Äƒn trÆ°a vÃ  Äƒn tá»‘i ngay trong nhÃ  hÃ ng dc luÃ´n, tháº­m chÃ­ book bÃ n ra bá» biá»ƒn ngá»“i view Ä‘áº¹p mÃª ly..DÆ°á»¡i bÃ£i táº¯m cÃ³ cÃ¡c dá»‹ch vá»¥ cháº¡y xuá»“ng mÃ¡y, xuá»“ng kÃ©o phao cho tráº» em vui chÆ¡i.Trong khuÃ´n viÃªn resort hÆ¡i thiáº¿u cÃ¡c thÃ¹ng rÃ¡c vÃ  gáº¡t tÃ n thuá»‘c. Náº¿u tÄƒng thÃªm sáº½ giÃºp thuáº­n tiá»‡n hÆ¡n cho du khÃ¡ch."
"MÃ¬nh Ä‘áº·t á»Ÿ Ä‘Ã¢y 1 cÄƒn villa 2 phÃ²ng ngá»§ bao gá»“m buffe sÃ¡ng, phÃ²ng ngá»§ thÃ¬ khÃ¡ rá»™ng  nhÆ°ng khÃ´ng gian sinh hoáº¡t chung khÃ¡ bÃ©, chá»‰ khoáº£ng 5m2. NÃªn Ä‘áº·t phÃ²ng Ä‘Æ¡n sáº½ cÃ³ view biá»ƒn..BÃ£i biá»ƒn tÆ°Æ¡ng Ä‘á»‘i sáº¡ch, cÃ³ view nÃºi..Menu Ä‘a dáº¡ng, giÃ¡ cáº£ há»£p lÃ½ so vá»›i cÃ¡c nhÃ  hÃ ng, kháº©u vá»‹ tÃ¹y tá»«ng ngÆ°á»i. CÃ¡c mÃ³n Äƒn nhÆ° láº©u (cÃ³ báº¿p) sáº½ ko phá»¥c vá»¥ táº¡i phÃ²ng..Dá»‹ch vá»¥ táº¡m á»•n."
"Khu resort nhá» xinh vá»›i 12 cÄƒn villa vÃ  24 phÃ²ng khÃ¡ch sáº¡n. Táº¥t cáº£ cÃ¡c phÃ²ng khÃ¡ch sáº¡n Ä‘á»u hÆ°á»›ng biá»ƒn. Má»Ÿ cá»­a sá»• lÃ  nghe tháº¥y tiáº¿ng sÃ³ng vá»—. Sau lÆ°ng resort lÃ  nÃºi nÃªn ráº¥t thÆ° thÃ¡i. Má»‘i tá»‘i, sau khi Ä‘i Äƒn vá» lÃ  nháº­n Ä‘c 1 Ä‘Ä©a bÃ¡nh táº·ng kÃ¨m lá»i chÃºc ngá»§ ngon. Tuy nhiÃªn, cÃ³ má»™t sá»‘ nhÆ°á»£c Ä‘iá»ƒm: Ä‘iá»u hÃ²a kÃªu khÃ¡ to, nhÃ  táº¯m nÆ°á»›c cháº£y nhá», hÃºt áº©m kÃ©m nÃªn lÃºc nÃ o cÅ©ng Æ°á»›t, cá»­a ban cÃ´ng cÃ¡ch Ã¢m kÃ©m, ko quáº£n lÃ½ ngÆ°á»i ra vÃ o nÃªn dÃ¢n bÃªn ngoÃ i ra vÃ o lá»™m nhá»™m."
"áº¥t cáº£ má»i ngÆ°á»i Ä‘á»u nháº­n xÃ©t Æ°u Ä‘iá»ƒm cá»§a resort lÃ  má»›i, sáº¡ch sáº½, nhÃ¢n viÃªn nhiá»‡t tÃ¬nh, thÃ¢n thiá»‡n vÃ  Ä‘Ã¡p á»©ng nhu cáº§u cá»§a khÃ¡ch nhanh, gá»n vÃ  ráº¥t vá»«a á»§a khÃ¡ch. BÃªn cáº¡nh Ä‘Ã³ riÃªng cÃ¡ nhÃ¢n tÃ´i vÃ  gia Ä‘Ã¬nh tÃ´i trong dá»‹p nghÄ© nÃ y cÃ³ vÃ i nháº­n xÃ©t vá» sá»± thiáº¿u sÃ³t cá»§a resort: Thá»© 1: Khu vá»±c táº¯m biá»ƒn cá»§a khÃ¡ch Ä‘iá»u nÃ y ráº¥t quan trá»ng mong khÃ¡ch sáº¡n chu Ã½, cáº§n cÃ³ báº£o vá»‡ vÃ  cá»©u há»™ Ä‘á»©ng ngay trÃªn bÃ£i biá»ƒn Ä‘á»ƒ phÃ²ng khi du khÃ¡ch gáº·p váº¥n Ä‘á» Ä‘á»ƒ cá»©u ká»‹p thá»i. VÃ¬ hÃ´m tÃ´i Ä‘áº¿n lÃ  cÃ³ Ä‘i táº©m biá»ƒn Ä‘á»ƒ táº¯m biá»ƒn vá»›i gia Ä‘Ã¬nh, cháº³ng may sÃ³ng to tÃ´i bá»‹ há»¥t chÃ¢n vÃ  ko bÆ¡i vÃ o bá» ká»‹p, chá»“ng tÃ´i cÃ³ Ä‘i gá»i cá»©u há»™ cá»§a khÃ¡ch sáº¡n Ä‘á»ƒ ra giÃºp nhÆ°ng gá»i mÃ£i ko cÃ³ ai ra, ráº¥t may lÃºc Ä‘Ã³ cÃ³ anh du khÃ¡ch cÅ©ng Ä‘ang bÆ¡i gáº§n Ä‘Ã³, nhá» anh bÆ¡i ra Ä‘á»ƒ kÃ©o tÃ´i vÃ´ khÃ´ng thÃ¬ cháº¯c hÃ´m Ä‘Ã³ tÃ´i Ä‘i luÃ´n rá»“i. Tháº­t sá»± tháº¥t vá»ng vá» khÃ¡ch sáº¡n vÃ¬ Ä‘iá»u nÃ y. Thá»© 2 lÃ  villa tuy rá»™ng rÃ£i nhÆ°ng tÃ¬m mÃ£i khÃ´ng ra chiáº¿c gÆ°Æ¡ng bÃªn ngoÃ i phÃ²ng Ä‘á»ƒ make up hoáº·c chá»‰nh sá»­a trang phá»¥c. Buá»™c pháº£i vÃ o trong nhÃ  vá»‡ sinh. Mong khÃ¡ch sáº¡n cÃ³ thá»ƒ kháº¯c phá»¥c. â¤ï¸"
"KhÃ¡ch sáº¡n thÃ¡i Ä‘á»™ phá»¥c vá»¥ cá»§a báº¡n tiáº¿p tÃ¢m vÃ´ cÃ¹ng kÃ©m. MÃ¬nh trÆ°á»›c khi Ä‘áº¿n Ä‘iá»‡n thoáº¡i hÆ¡n 4 cuá»™c Ä‘iá»‡n thoáº¡i cÅ©ng ko ai báº¯t mÃ¡y, Ä‘áº¿n quáº§y gáº·p báº¡n lá»… tÃ¢n thÃ¡i Ä‘á»™ khÃ´ng muá»‘n cho khÃ¡ch thuÃª."
"CÅ©ng Ä‘Æ°á»£c, náº¿u resort nÃ y mÃ  bao Äƒn trong ngÃ y thÃ¬ sáº½ ráº¥t Ä‘Ã´ng cÃ³ thá»ƒ tÄƒng thÃªm phÃ­ , CÃ²n láº§n nÃ y Ä‘i Ä‘áº§u tiÃªn mÃ¬nh ko hÃ i lÃ²ng vá» cÃ¡ch khi mÃ¬nh tráº£ phÃ²ng nv dá»n phÃ²ng bÃ¡o vá» lÃ  mÃ¬nh cÃ³ sÃ i bia vÃ  xá»­ dá»¥ng nÆ°á»›c ngá»t trong phÃ²ng khi nÃ³i mÃ¬nh cÃ³ giáº£i thÃ­ch vÃ  nv lá»… tÃ¢n Ä‘Ã£ gá»i Ä‘iá»‡n láº¡i xÃ¡c minh nhÆ°ng mÃ¬nh váº«n khÃ´ng hÃ i lÃ²ng vÃ¬ khi mÃ¬nh nháº­n phÃ²ng vila nhá»¯ng cÃ¡i Ä‘Ã³ cÃ¡c báº¡n bÃªn resort pháº£i biáº¿t tá»« ban Ä‘áº§u cÃ³ vÃ  cÃ²n nhá»¯ng gÃ¬ khi giao cho khÃ¡ch nhÃ©"
Náº¿u á»Ÿ khÃ¡ch sáº¡n thÃ¬ view biá»ƒn ráº¥t Ä‘áº¹p. á» villa thÃ¬ tiáº¿c lÃ  sáº½ khÃ´ng cÃ³..Äá»“ Äƒn á»Ÿ Ä‘Ã¢y khÃ´ng quÃ¡ Ä‘a dáº¡ng. VÃ  cháº¥t lÆ°á»£ng á»Ÿ má»©c tá»‘t
"Cáº£nh Ä‘áº¹p thiÃªn nhiÃªn nhÆ°ng cháº¥t lÆ°á»£ng phÃ²ng khÃ´ng tÆ°Æ¡ng xá»©ng giÃ¡ tiá»n. PhÃ²ng 217 há»ng quáº¡t hÃºt mÃ¹i wc pháº£n Ã¡nh ko ai sá»­a, Ä‘iá»‡n thoáº¡i há»ng ko gá»i Ä‘c lá»… tÃ¢n, sen táº¯m káº¹t liÃªn tá»¥c khÃ³ chá»‰nh nÃ³ng láº¡nh, T1 gáº§n bá»ƒ bÆ¡i nÃªn khÃ¡ á»“n. á» 3 Ä‘Ãªm qua Ä‘Ãªm 1 treo biá»ƒn dá»n phÃ²ng cáº£ ngÃ y ko ai dá»n, gáº·p máº¥y chá»‹ dá»n phÃ²ng báº£o thÃ¬ ""vÃ¢ng"" nhÆ°ng chiá»u vá» váº«n ko ai dá»n, pháº£i tá»›i khi lÃªn trá»±c tiáº¿p lá»… tÃ¢n bÃ¡o má»›i dá»n nhÆ°ng ko ai sá»­a cho quáº¡t hÃºt mÃ¹i Ä‘i wc hÃ´i cáº£ phÃ²ng..Náº¿u Ä‘á»ƒ so sÃ¡nh vá»›i cÃ¡c khÃ¡ch sáº¡n táº¡i ÄÃ  Náºµng thÃ¬ giÃ¡ phÃ²ng x1,7 láº§n nhÆ°ng cháº¥t lÆ°á»£ng dá»‹ch vá»¥ cÃ²n kÃ©m xa..Cháº¯c cháº¯n khÃ´ng quay láº¡i láº§n 2!"
"Vá»‹ trÃ­ sÃ¡t biá»ƒn ráº¥t Ä‘áº¹p, cÆ¡ sá»Ÿ váº­t cháº¥t, thiáº¿t bá»‹ tá»‡, cá»­a nhá»±a nÃªn cÃ¡ch Ã¢m ráº¥t kÃ©m, thiáº¿t káº¿ nhÃ  vá»‡ sinh dáº¡ng ná»­a vá»i (lÃ m kÃ­nh nhÆ°ng cÃ³ thá»ƒ do cáº¯t giáº£m chi phÃ­ nÃªn k cÃ³ mÃ n che), ban cÃ´ng khÃ´ng cÃ³ gháº¿ ngá»“i, há»“ bÆ¡i thÃ¬ cá»±c ká»³ dÆ¡. BÃ¡n vÃ© cho ngÆ°á»i ngoÃ i vÃ o Äƒn uá»‘ng, bÆ¡i nÃªn ráº¥t lá»™n xá»™n, bÃ¡t nhÃ¡o. NÃ³i chung cháº¥t lÆ°á»£ng chÆ°a tÆ°Æ¡ng xá»©ng vá»›i giÃ¡ thÃ nh, khÃ´ng bao giá» quay láº¡i."
"Cá»±c tá»‡.ChÄƒn ga báº©n. CÃ²n bá»‹ má»‘c Ä‘Æ°á»£c che phÃ­a dÆ°á»›i chÄƒn.Äá»“ Äƒn k tÆ°Æ¡ng xá»©ng giÃ¡ tiá»n.PhÃ²ng 1tr3 resort nhÆ°ng khÃ´ng cÃ¡ch Ã¢m, cá»­a gá»— há»Ÿ dÆ°á»›i nhÆ° 10 nÄƒm trÆ°á»›c váº­y.1 tráº£i nghiá»‡m siÃªu chÃ¡n cho 1 resort"
"resort mÃ  chÄƒm sÃ³c khÃ¡ch hÃ ng quÃ¡ tá»‡. Cháº¯c cháº¯n khÃ´ng quay láº¡i láº§n ná»¯a..Náº¿u khÃ´ng xuáº¥t hÃ³a Ä‘Æ¡n Ä‘Æ°á»£c cÅ©ng pháº£i tráº£ lá»i 1 email xÃ¡c nháº­n chá»© toÃ n im im khÃ´ng váº­y?..Resort mÃ¬nh Ä‘Ã¡nh giÃ¡ cao mÃ  giá» xuáº¥t hÃ³a Ä‘Æ¡n kÃ©o dÃ i 1 thÃ¡ng trá»i. LÃ­ do lá»—i há»‡ thá»‘ng gÃ¬ mÃ  cáº£ thÃ¡ng váº­y?..KhÃ¡ch hÃ ng yÃªu cáº§u xuáº¥t hÃ³a Ä‘Æ¡n cháº¯c gáº§n chá»¥c láº§n, gá»i Ä‘iá»‡n thoáº¡i láº«n email váº«n chÆ°a giáº£i quyáº¿t..Sá»‘ tiá»n cÃ´ng tÃ¡c phÃ­ dÃ nh cho chá»— á»Ÿ khÃ´ng pháº£i Ã­t, bÃªn khÃ¡ch sáº¡n lÃ m viá»‡c váº­y rá»“i ai dÃ¡m quay láº¡i?"
"Thá»©c Äƒn ngon, phong phÃº, phÃ²ng á»Ÿ sang trá»ng, sáº¡ch sáº½, rá»™ng rÃ£i. Ráº¥t tuyá»‡t."
"Ks Ä‘áº¹p, view Ä‘áº¹p, Ä‘á»“ Äƒn ngon. Tuy nhiÃªn dá»‹ch vá»¥ phÃ²ng hÆ¡i cháº­m"
"Khu nghá»‰ dÆ°á»¡ng sáº¡ch sáº½, cáº£nh quan chung quanh Ä‘áº¹p, cÃ³ bÃ£i táº¯m riÃªng...CÃ³ Ä‘iá»u giÃ¡p gáº§n nÃºi nÃªn sÃ³ng Ä‘iá»‡n thoáº¡i vÃ  3G yáº¿u."
"Khung cáº£nh ráº¥t Ä‘áº¹p, Ä‘i nhiá»u láº§n rá»“i váº«n thÃ­ch vÃ o Ä‘Ã¢y. PhÃ²ng á»‘c cÅ©ng khÃ¡ ok, cÃ¡c mÃ³n Äƒn vÃ  uá»‘ng á»Ÿ má»©c cháº¥p nháº­n Ä‘Æ°á»£c. Má»™t nÆ¡i Ä‘Ã¡ng Ä‘á»ƒ Ä‘i."
"Quang cáº£nh yÃªn tÄ©nh,mÃ¡t máº» sáº¡ch sáº½ ráº¥t hÃ i lÃ²ng vÃ  nhÃ¢n viÃªn ráº¥t thÃ¢n thiá»‡n"
Má»i thá»© Ä‘á»u tá»‘tâ€¦!.NhÃ¢n viÃªn ráº¥t dá»… thÆ°Æ¡ngâ€¦!
PhÃ²ng sÃ¡t mÃ©p biá»ƒn vÃ  máº¥y hÃ²n khÃ´. Tiáº¿ng sÃ³ng vá»— rÃµ má»“n má»™t. ÄÃ¡ng Ä‘á»ƒ tráº£i qua vÃ i Ä‘Ãªm Ä‘Ã³ chá»©
Ráº¥t phÃ¹ há»£p vá»›i cÃ¡c gia Ä‘Ã¬nh Ä‘i nghá»‰ dÆ°á»¡ng
YÃªn tÄ©nh. Nháº¹ nhÃ ng. Äi Äƒn bÃªn ngoÃ i hÆ¡i xa. CÃ¡ch 1km vá» phÃ­a SÃ i gÃ²n cÃ³ quÃ¡n tÃªn Chill view ngá»“i ráº¥t Ä‘áº¹p
"Äáº¹p, sáº¡ch sáº½. NhÆ°ng hÆ¡i xa trung tÃ¢m"
"Resort view bÃ£i biá»ƒn ráº¥t Ä‘áº¹p. PhÃ²ng sáº¡ch sáº½, rá»™ng rÃ£i. NhÃ¢n viÃªn cá»±c dá»… thÆ°Æ¡ng. Ä‚n uá»‘ng ngon vÃ  giÃ¡ khÃ´ng máº¯c. ÄÃ¡ng Ä‘á»ƒ á»Ÿ nhÃ© ."
NhÃ¢n viÃªn nhÃ£ nháº·n lá»‹ch sá»±. View cá»±c Ä‘áº¹p tuy nhá».cÃ³ Ä‘iá»u phÃ²ng cÃ¡ch Ã¢m chÆ°a tá»‘t váº«n bá»‹ tiáº¿ng vá»ng tá»« hÃ nh lang vÃ o. Äá»“ Äƒn ngon Ä‘Ãºng chuáº©n 5sao. Vote cho Ä‘iá»ƒm nÃ y
"ChÆ°a xá»©ng vá»›i tiÃªu chuáº©n sao hiá»‡n táº¡i, Äƒn trÆ°a á»Ÿ nhÃ  hÃ ng dá»Ÿ. Buá»•i nhiÃªÌ€u tá»‘i chá»‰ phá»¥c vá»¥ BBQ mÃ  khÃ´ng cÃ³ ngÆ°á»i phá»¥c vá»¥ Ä‘á»“ Äƒn khÃ¡ch gá»i Ä‘áº·t tá»« phÃ²ng. Buffet sÃ¡ng Ã­t mÃ³n mÃ  cÅ©ng khÃ´ng ngon. Há»“ bÆ¡i khÃ´ng Ä‘áº¹p"
Ã‚m thanh nhÆ° Ä‘Æ°a ng nghe vÃ o lÃ²ng Ä‘áº¥t... Ä‘Ãªm noel mÃ  cÃ²n nhÆ° v thÃ¬ nhá»¯ng dá»‹p khÃ¡c tháº£m nhÆ° nÃ o ná»¯a..
"Resort náº±m trÃªn quá»‘c lá»™ 1D cÃ¡ch thÃ nh phá»‘ Quy NhÆ¡n khoáº£ng 8-12km vá» phÃ­a nam, lÃ  1 resot náº±m ven biá»ƒn BÃ£i BÃ ng vá»›i bá» cÃ¡t dÃ i, thoáº£i vÃ  tráº¯ng - lÃ  1 bÃ£i táº¯m Ä‘áº¹p..Vá»›i thiáº¿t káº¿ hiá»‡n Ä‘áº¡i tÃ´ng mÃ u tráº¯ng chá»§ Ä‘áº¡o káº¿t há»£p khung cáº£nh xanh mÃ¡t táº¡o nÃªn 1 cÃ¡i nhÃ¬n vÃ´ cÃ¹ng tÆ°Æ¡i mÃ¡t vÃ  lÃ½ thÃº. Äáº·t biá»‡t cÃ³ há»“ bÆ¡i view biá»ƒn vÃ  nhÃ  hÃ ng hÆ°á»›ng biá»ƒn - há»“ bÆ¡i vá»›i cÃ¡c mÃ³n Ã‚u Ã Ä‘áº§y Ä‘á»§. Tuy nhiÃªn cÃ¡c mÃ³n Ã‚u chÆ°a Ä‘Æ°á»£c xuáº¥t sáº¯c láº¯m. GiÃ¡ cáº£ há»£p lÃ½, mÃ¬nh Ä‘áº·t set trÆ°a mÃ³n Ã‚u cho 2 ngÆ°á»i linh tinh táº§m 700k..ThÃ¡i Ä‘á»™ phá»¥c vá»¥ vÃ´ cÃ¹ng tá»‘t tá»« anh báº£o vá»‡ ngoÃ i cá»•ng cho tá»›i anh lÃ¡i xe Ä‘iá»‡n vÃ  máº¥y chá»‹ lá»… tÃ¢n ná»¯a..MÃ¬nh má»›i chá»‰ Ä‘áº·t tiá»‡c Äƒn trÆ°a á»Ÿ Ä‘Ã¢y, hy vá»ng tÆ°Æ¡ng lai gáº§n sáº½ nghÄ© dÆ°á»¡ng táº¡i Ä‘Ã¢y - see you again."
"Khu nghá»‰ nhá», xinh. Má»i thá»© á»•n trá»« viá»‡c bá»ƒ bÆ¡i báº©n. CÃ³ thá»ƒ do dá»‹ch nhÆ°ng nÃªn cáº§n vá»‡ sinh bá»ƒ bÆ¡i sáº¡ch sáº½ hÆ¡n"
"Pros: PhÃ²ng á»‘c sáº¡ch sáº½, xá»‹n, má»‹n..BÃ£i biá»ƒn khÃ¡ Ä‘áº¹p..Cons: buffet sÃ¡ng chÃ¡n Ã²m.Nhiá»u ngÆ°á»i trong Ä‘oÃ n ko biáº¿t cÃ¡ch sá»­ dá»¥ng vÃ²i sen, ko cÃ³ hÆ°á»›ng dáº«n sá»­ dá»¥ng."
"Welcome drink cáº©n tháº­n. NhÃ¢n viÃªn nhiá»‡t tÃ¬nh, thÃ¢n thiá»‡n. CÃ³ cáº£ good night snack. BÃ£i biá»ƒn khÃ´ng Ä‘áº¹p láº¯m, cÃ¡t ráº¥t to, nhÆ°ng riÃªng biá»‡t, yÃªn tÄ©nh. PhÃ²ng á»‘c sáº¡ch sáº½, thiáº¿t káº¿ villa á»•n vá»›i gia Ä‘Ã¬nh 4 ngÆ°á»i. BBQ ngoÃ i bÃ£i biá»ƒn ngáº¯m trÄƒng tuyá»‡t vá»i. NÃ³i chung xá»©ng Ä‘Ã¡ng 5*"
"Resort ráº¥t tuyá»‡t, cÃ³ thá»ƒ Äƒn tá»‘i táº¡i resort hoáº·c Äƒn á»Ÿ nhÃ  hÃ ng cá»§a dÃ¢n bÃªn cáº¡nh. Ä‚n á»Ÿ nhÃ  hÃ ng cá»§a dÃ¢n bÃªn cáº¡nh giÃ¡ ráº», Ä‘á»“ Äƒn ngon, Äƒn ngay cáº¡nh bÃ£i biá»ƒn. :)"
"Ká»‰ niá»‡m 5 nÄƒm ngÃ y cÆ°á»›i táº¡i Seaside Boutique Resort Quy NhÆ¡n ngÃ y hÃ´m qua 26/2/2020 Ä‘Ãºng lÃ  lá»±a chá»n sÃ¡ng suá»‘t cá»§a vá»£ chá»“ng mÃ¬nh! Resort Ä‘Ã£ chuáº©n bá»‹ trang trÃ­ tuyá»‡t Ä‘áº¹p, Ä‘á»“ Äƒn ngon miá»‡ng, nhÃ¢n viÃªn chu Ä‘Ã¡o nÃªn khÃ´ng khÃ­ tháº­t lÃ£ng máº¡n bÃªn bÃ£i biá»ƒn sÃ¡t ngay cáº¡nh. Cáº£m Æ¡n Seaside nhÃ©, háº¹n ngÃ y gáº·p láº¡i!"
"Khu nghÄ© dÆ°á»¡ng phÃ¹ há»£p cho gia Ä‘Ã¬nh vÃ  báº¡n bÃ¨, khÃ´ng gian yÃªn tÄ©nh sÃ¡t ngay quá»‘c lá»™ vÃ  bá» biá»ƒn. PhÃ²ng sáº¡ch sáº½, tiá»‡n nghi. Ä‚n sÃ¡ng buffet mÃ³n Äƒn Ä‘a dáº¡ng, ngon miá»‡ng, cÃ³ trang bá»‹ gháº¿ Äƒn cho tráº» em. NhÃ¢n viÃªn thÃ¢n thiá»‡n, nhiá»‡t tÃ¬nh"
Äáº¹p.Bá»‘ trÃ­ hiá»‡u nÄƒng.GiÃ¡ há»£p lÃ½.NhÃ¢n viÃªn dá»… thÆ°Æ¡ng
"áº¤n tÆ°á»£ng Ä‘áº§u tiÃªn Seaside ráº¥t Ä‘áº¹p. PhÃ²ng villa rá»™ng rÃ£i, thoáº£i mÃ¡i cho gia Ä‘Ã¬nh. Gia Ä‘Ã¬nh mÃ¬nh Ä‘i vÃ o ngÃ y náº¯ng nÃªn biá»ƒn vÃ´ cÃ¹ng Ä‘áº¹p luÃ´n. TrÃªn bá» biá»ƒn cÃ³ cáº£ gháº¿ hÆ¡i Ä‘á»ƒ gia Ä‘Ã¬nh nghá»‰ ngÆ¡i, cÃ³ thá»ƒ oder nÆ°á»›c táº¡i 1 quáº§y bar nhá» á»Ÿ Ä‘Ã¢y. Báº¡n nhÃ¢n viÃªn trá»±c táº¡i quáº§y ráº¥t nhiá»‡t tÃ¬nh giÃºp Ä‘á»¡ gia Ä‘Ã¬nh mÃ¬nh chÆ¡i cÃ¡c hoáº¡t Ä‘á»™ng trÃªn biá»ƒn Ã½. Gia Ä‘Ã¬nh cÃ³ Ä‘Äƒng kÃ½ chÃ¨o thuyá»n kayak cÃ¹ng vá»›i nhau. Äá»“ Äƒn vÃ  dá»‹ch vá»¥ nhÃ  hÃ ng cÅ©ng ráº¥t ok. Äiá»ƒm 10 cho nhÃ¢n viÃªn dá»n phÃ²ng. NÃ³i chung, mÃ¬nh vÃ  cáº£ gia Ä‘Ã¬nh ai cÅ©ng ráº¥t hÃ i lÃ²ng vá» nhÃ  váº«n nháº¯c Ä‘áº¿n seaside suá»‘t. Mong cÃ³ dá»‹p sáº½ vá» Quy NhÆ¡n má»™t láº§n ná»¯a"
"Resort má»›i khai trÆ°Æ¡ng ráº¥t Ä‘áº¹p, mÃ u tráº¯ng ná»•i báº­t cáº¡nh biá»ƒn xanh. NhÃ¢n viÃªn thÃ¢n thiá»‡n Ä‘áº·c biá»‡t báº¡n lÃ¡i xe Ä‘iá»‡n tÃªn lÃ  Lá»±c ráº¥t nhiá»‡t tÃ¬nh há»— trá»£ gia Ä‘Ã¬nh mÃ¬nh."
Resort SEASIDE  náº±m vá»‹ trÃ­ Ä‘áº¹p .vá»›i bÃ£i biá»ƒn sáº¡ch trong xanh.Kiáº¿n trÃºc sang trá»ng.buffer há»£p kháº©u vá»‹.nhÃ¢n viÃªn phá»¥c vá»¥ nhiá»‡t tÃ¬nh.phÃ²ng Ä‘áº¹p so vá»›i giÃ¡ thÃ¬ qua lÃ  ok..váº«n trá»n cho láº§n nghÄ© tiáº¿p theo
"Má»›i check out khá»i Resort nhÆ°ng khÃ´ng thá»ƒ khÃ´ng viáº¿t bÃ i nÃ y vÃ¬ Resort Ä‘em láº¡i cho tÃ´i cáº£m giÃ¡c hoÃ n toÃ n Ä‘Æ°á»£c thÆ° giÃ£n vÃ  Ä‘Ã¡ng nhá»›..Ä‚n sÃ¡ng buffet nhiá»u lá»±a chá»n.PhÃ²ng á»‘c Ä‘áº¹p má»›i vÃ  nhiá»u gÃ³c sá»‘ng áº£o, mÃ¬nh Ä‘áº·t phÃ²ng khÃ¡ch sáº¡n sÃ¡ng dáº­y thÃ¡y biá»ƒn luÃ´n.Äáº¿n tá»‘i há» cÃ³ mÃ n chiáº¿u phim trÃªn bá» biá»ƒn.NhÃ¬n chung nhÃ¢n viÃªn thÃ¢n thiá»‡n vÃ  nhiá»‡t tÃ¬nh, hÃ´m Ä‘Ã³ tÃ´i Ä‘áº¿n sá»›m hÆ¡n giá» check in nhÆ°ng nhÃ¢n viÃªn váº«n cho check in ..má»i thá»© dá»‹ch vá»¥ vÃ  khÃ¡ch sáº¡n nÆ¡i Ä‘Ã¢y tháº­t Ä‘Ã¡ng tráº£i nghiá»‡m !"
"GiÃ¡ cáº£ há»£p lÃ½, dá»‹ch vá»¥ chu Ä‘Ã¡o. HÃ ng ngÃ y cÃ³ quÃ  chiá»u cho khÃ¡ch. NgoÃ i buffet sÃ¡ng cÃ²n Ä‘c Äƒn thÃªm bá»¯a trÆ°a. Set Ä‘á»“ Äƒn trÆ°a khÃ¡ phong phÃº"
"Resort khÃ¡ á»•n, cáº¡nh biá»ƒn canhn nÃºi. Ban cÃ´ng hÆ°á»›ng ra há»“ bÆ¡i vÃ  biá»ƒn. BÃ£i biá»ƒn cÅ©ng khÃ¡ sáº¡ch vÃ  Ä‘áº¹p..CÃ³ cáº£ hoa quáº£ vÃ  bÃ¡nh welcome khi check in :)"
1 resort má»›i giá»¯a phuyen vÃ  binhdinh. Phong cÃ¡ch hiá»‡n Ä‘áº¡i vÃ  sang trá»ng. Ráº¥t gáº§n cÃ¡c Ä‘iá»ƒm Äƒn háº£i sáº£n vÃ  gÃ  Ä‘i bá»™. GiÃ¡ cáº£ há»£p lÃ½ tÆ°Æ¡ng Ä‘á»‘i má»m. Chá»‰ cÃ¡ch tp quy nhÆ¡n 12km. QuÃ¡ tuyá»‡t vá»i cho ká»³ nghá»‰ cÃ¹ng gia Ä‘á»‹nh vÃ  báº¡n bÃ¨.
"Khu resort náº±m quá»‘c lá»™ 1D Ä‘oáº¡n Quy NhÆ¡n sÃ´ng Cáº§u, cÃ¡ch TP Quy NhÆ¡n 12km. Khu nghá»‰ dÆ°á»¡ng tuyá»‡t Ä‘áº¹p, yÃªn tÄ©nh vá»›i kiáº¿n trÃºc Äá»‹a Trung Háº£i mÃ u tráº¯ng ná»•i báº­t trÃªn ná»n trá»i xanh, biá»ƒn xanh, cÃ¡t vÃ ng vÃ  nÃºi. PhÃ²ng nghá»‰ tiá»‡n nghi, yÃªn tÄ©nh trÃ´ng ra biá»ƒn. Ks cÅ©ng cÃ³ bá»ƒ bÆ¡i Ä‘áº¹p vÃ  sáº¡ch sáº½. NhÃ  táº¯m rá»™ng vÃ  thoÃ¡ng. Äá»“ Äƒn ngon. NhÃ¢n viÃªn thÃ¢n thiá»‡n. Äáº·c biá»‡t lÃ  báº¡n nv tÃªn KhÃ¡nh Lá»±c. GiÃ¡ Ä‘Ã¬nh mÃ¬nh ra Ä‘áº¿n sÃ¢n bay má»›i biáº¿t quÃªn Ä‘á»“ nÃªn gá»i Ä‘iá»‡n nhá» báº¡n check giÃºp. Báº¡n Ã½ dÃ¹ khÃ´ng trong cáº£ trá»±c váº«n kiá»ƒm tra vÃ  chuyá»ƒn Ä‘á»“ giÃºp mÃ¬nh ngÃ y hÃ´m sau. MÃ¬nh sáº½ sá»›m quay láº¡i Ä‘Ã¢y."
MÃ¬nh vá»«a má»›i tráº£i nghiá»‡m táº¡i Ä‘Ã¢y 2 Ä‘Ãªm. Ráº¥t hÃ i lÃ²ng vá» cháº¥t lÆ°á»£ng phÃ²ng vÃ¬ resort má»›i xÃ¢y nÃªn má»i thá»© cÃ²n ráº¥t má»›i. Bá»¯a Äƒn tá»‘i cho 2 vk ck mÃ¬nh cÅ©ng ráº¥t vá»«a miá»‡ng. CÃ¡c báº¡n nhÃ¢n viÃªn ráº¥t nhiá»‡t tÃ¬nh há»— trá»£. MÃ¬nh sáº½ quay láº¡i trong dá»‹p gáº§n nháº¥t.
"KhÃ¡ thÆ¡ má»™ng, cáº£nh biá»ƒn buá»•i sÃ¡ng ráº¥t Ä‘áº¹p vÃ  yÃªn bÃ¬nh"
KhÃ¡ch sáº¡n thÃ¬ khÃ´ng 1 bÃ³ng khÃ¡ch mÃ  xin check in sá»›m lÃºc 12h30 nháº¥t Ä‘á»‹nh khÃ´ng cho dÃ¹ ngÆ°á»i giÃ  ráº¥t má»‡t má»i!..The resort was empty but asking for earlier check-in (12:30 PM) but was refused despite the fact that elders have been very tired.
"Resort cÃ³ kiáº¿n trÃºc Ä‘á»™c Ä‘Ã¡o, view hÆ°á»›ng biá»ƒn cá»±c Ä‘áº¹p, thiáº¿t káº¿ ná»™i tháº¥t sang trá»ng chuáº©n 5* .NhÃ¢n viÃªn nhiá»‡t tÃ¬nh vÃ  ráº¥t hÃ²a Ä‘á»“ng vá»›i khÃ¡ch. Táº¥t cáº£ cÃ¡c dá»‹ch vá»¥ Ä‘á»u khiáº¿n tÃ´i hÃ i lÃ²ng. CÃ¡m Æ¡n Seaside vÃ¬ Ä‘Ã£ mang Ä‘áº¿n cho tÃ´i má»™t kÃ¬ nghá»‰ dÆ°á»¡ng tháº­t bá»• Ã­ch."
Resort lÆ°u trÃº cho KH di lá»‹ch tuyet vá»i. BÃ£i biá»ƒn Ä‘áº¹p. ThÆ¡ má»™ng yÃªn tÄ©nh. Ná»™i ngoáº¡i tháº¥t phÃ²ng vila vÃ  khÃ¡ch sáº¡n ok. GiÃ¡ cáº£ láº¡i há»£p lÃ½ ráº» ná»¯a. 5 sao thÃ´i! ğŸ‘ğŸ˜™ğŸ˜™ğŸ˜™
Náº¿u báº¡n muá»‘n chá»n má»™t nÆ¡i gáº§n biá»ƒn thÃ¬ Sea Side lÃ  má»™t lá»±a chá»n khÃ´ng thá»ƒ bá» qua.
"LÃ¢Ì€n Ä‘áº§u tiÃªn vÃ o Seaside ,tá»« cá»•ng vÃ i Ä‘Ã£ Ä‘áº¹p thiáº¿t káº¿ xd vÃ  sÆ¡n mÃ u tráº¯ng  toÃ¡t lÃªn váº» sang trá»ng , quan cáº£nh hÃ i hÃ²a nháº¹ nhÃ ng."
"Resort má»›i hoÃ n thÃ nh.Khu vÆ°c yÃªn tÄ©nh , bÃ£i biá»ƒn Ä‘áº¹p.Váº«n chÆ°a hoÃ n thiá»‡n Ä‘á»ƒ Ä‘áº¡t 5*.( NÆ°á»›c táº§ng 3 yáº¿u khÃ´ng Ä‘á»§ máº¡nh vÃ  kg cÃ³ nÆ°á»›c nÃ³ng ).HÆ¡i xa Quy NhÆ¡n city"
"Seaside Boutique Resort Quy NhÆ¡n phÃ²ng má»›i, tiá»‡n nghi, nhÃ¢n viÃªn niá»m ná»Ÿ, nhiá»‡t tÃ¬nh vÃ  chu Ä‘Ã¡o. Äáº§u báº¿p náº¥u Äƒn ngon vÃ  thÃ¢n thiá»‡n."
"nhÃ¢n viÃªn dÃª  thÆ°Æ¡ng , táº­n tÃ¬nh, Ä‘á»“ Äƒn táº¡m, khÃ´ng ngon, thuyá»n chÃ¨o chÆ¡i kayak vui, phÃ²ng á»‘c sáº¡ch sáº½ thoáº£i mÃ¡i, giÃ¡ tiá»n pháº£i chÄƒng"
"KhÃ¡ch sáº¡n má»›i.NhÃ¢n viÃªn chu Ä‘Ã¡o, nhiá»‡t tÃ¬nh. MÃ¬nh Ä‘i xe mÃ¡y vÃ o, trá»i mÆ°a quÃªn nÃ³n báº£o hiá»ƒm, cÃ¡m Æ¡n cÃ¡c báº¡n Ä‘Ã£ cáº¥t giÃºp mÃ¬nh."
Má»›i xem video kÃªnh QMT xong qua cÃ´i giÃ¡ . Ráº¥t ok .
"Chá»— lÆ°u trÃº tuyá»‡t vá»i.nhÃ¢n viÃªn nhiá»‡t tÃ¬nh,chu Ä‘Ã¡o,dá»‹ch vá»¥ tá»‘t.sáº½ quay láº¡i náº¿u cÃ³ dá»‹p du lá»‹ch qui NhÆ¡n."
"Resort Ä‘áº¹p, khÃ´ng gian biá»‡t láº­p, yÃªn tÄ©nh, phÃ²ng á»‘c xá»‹n, Äƒn sÃ¡ng hÆ¡i háº»o, vÃ o trung tÃ¢m tp. Quy NhÆ¡n hÆ¡i xa."
"Khung cáº£nh Ä‘áº¹p, nhÃ¢n viÃªn thÃ¢n thiá»‡n, phÃ²ng Ä‘áº¹p, giÃ¡ cáº£ há»£p lÃ­."
"Thiáº¿t káº¿ sang trá»ng, nhÃ¢n viÃªn thÃ¢n thiá»‡n, Ä‘á»“ Äƒn Ä‘áº·c biá»‡t ngon vÃ  khÃ¡ vá»«a tÃºi tiá»n, view ra biá»ƒn ráº¥t Ä‘áº¹p, cháº¯c cháº¯n sáº½ quay láº¡i."
TiÃªu chuáº©n resort chuáº©n 5* cÃ³ ráº¥t nhiá»u view Ä‘áº¹p Ä‘á»ƒ sá»‘ng áº£o. Lá»… tÃ¢n ráº¥t dá»… thÆ°Æ¡ng vÃ  nhiá»‡t tÃ¬nh â¤
"KhuÃ´n viÃªn chung khÃ´ng rá»™ng láº¯m nhÆ°ng sáº¡ch sáº½ thoÃ¡ng mÃ¡t, phÃ²ng á»Ÿ tiá»‡n nghi sang trá»ng."
"Khu nghÄ© dÆ°á»¡ng ok..Chá»‰ cÃ³ bá»‹ 1 lá»—i lÃ  ko xá»‹t diá»‡t cÃ´n trÃ¹ng, kiáº¿n ba khoan nhiá»u quÃ¡..."
KÃ¬ nghá»‰ tuyá»‡t vá»i.NgoÃ i thá»±c y hÃ¬nh.NhÃ¢n viÃªn thÃ¢n thiá»‡n.Xá»©ng Ä‘Ã¡ng Ä‘á»“ng tiá»n ğŸ‘ŒğŸ».Cáº£m Æ¡n Resort
NhÃ¢n viÃªn nhiá»‡t tÃ¬nh. PhÃ²ng má»›i Ä‘áº¹p. Ä‚n liÃªn tá»¥c. á»”n á»•n
NÆ¡i du lá»‹ch nghá»‰ dÆ°á»¡ng nháº¹ nhÃ ng yÃªn tÄ©nh.
Ã‚m thanh Ä‘Ãªm giÃ¡ng sinh quÃ¡ lÃ  tá»‡
"Resort cÃ¡ch xa trung tÃ¢m, bÃ£i biá»ƒn Ä‘áº¹p vÃ  yÃªn tÄ©nh."
YÃªn tá»‰nh phong cáº£nh Ä‘áº¹p . PhÃ²ng Ä‘áº¹p cÃ³ há»“ bÆ¡i.
"NÆ¡i nghá»‰ ngÆ¡i lÃ½ tÆ°á»Ÿng, view tuyá»‡t Ä‘áº¹p, yÃªn tÄ©nh thÃ­ch há»£p cho nghá»‰ dÆ°á»¡ng"
CÃ³ mÃ³n á»‘c bÆ°u náº¥u Ä‘u Ä‘á»§ khÃ¡ hay hoğŸ˜ğŸ˜
"Resort má»›i vÃ o hoáº¡t Ä‘á»™ng, buffee Äƒn sÃ¡ng cÃ²n Ã­t Ä‘a dáº¡ng"
"NÃ³i chung dá»‹ch vá»¥ Ä‘Æ°á»£c, nhÆ°ng cáº£nh khÃ´ng Ä‘Æ°á»£c Ä‘áº¹p cho láº¯m"
"Biá»ƒn hoang sÆ¡, biá»‡t láº­p, trong xanh thÃ­ch há»£p nghá»‰ dÆ°á»¡ng gÄ‘."
"GiÃ¡ cáº£ phÃ¹ há»£p cho dá»‹ch vá»¥ 5 sao, Ä‘áº¹p vÃ  hoang sÆ¡"
"Dá»‹ch vá»¥ tá»‘t, nhÃ¢n viÃªn thÃ¢n thiá»‡n, tuy nhiÃªn hÆ¡i xa trung tÃ¢m"
"Cáº£nh Ä‘áº¹p, Ä‘á»“ Äƒn bÃ¬nh thÆ°á»ng, khÃ´ng ná»•i báº­t"
náº¿u nghá»‰ dÆ°á»¡ng Ä‘Ã¢y lÃ  nÆ¡i ráº¥t tá»‘t Ä‘á»ƒ á»Ÿ.
"Khung cáº£nh ráº¥t Ä‘áº¹p, sang trá»ng"
