"Chá»— nÃ y Ä‘áº¹p láº¯m luÃ´n Ã­, lÃªn chá»— cáº¯m tráº¡i chá»¥p hÃ¬nh tá»‰ tÃª má»‡t lÃ£ thÃ¬ lao xÃºn lÃ  cÃ³ biá»ƒn vÃ  Ä‘Ã¡ tha há»“ chá»¥p tiáº¿p ğŸ˜‚ğŸ˜‚ğŸ˜‚ chá»— nÃ y cÃ³ cÃ¡i xÃ­ch Ä‘u ngoÃ i biá»ƒn ná»¯a mÃ  lÃºc Ä‘Ã³ Ä‘Ã´ng ngÆ°á»i quÃ¡ nÃªn mÃ¬nh bá» qua, phÃ­ vÃ o cá»•ng quÃ¡ ráº» bao gá»“m cáº£ chá»¥p hÃ¬nh táº¹t ga, táº¯m biá»ƒn vÃ  táº¯m nc ngá»t thoáº£i mÃ¡i lun nÃ¨ ^^"
Trung lÆ°Æ¡ng trá»i xuÃ¢n Ä‘áº¹p ngáº¥t ngÃ¢y. Decor nhiá»u khÃ´ng gian Ä‘á»ƒ chá»¥p áº£nh tá»± sÆ°á»›ng. Äáº¿n Ä‘Ã¢y cÃ¹ng báº¡n lÃ m má»™t bá»™ áº£nh Ä‘áº¹p thÃ¬ cÃ²n gÃ¬ báº±ngKhu dÃ£ ngoáº¡i nÃ y khÃ¡ ná»•i á»Ÿ quy nhoen rá»“i. Äáº¿n quy nhÆ¡n mÃ  k ghÃ© thÃ¬ hÆ¡i phÃ­. á» Ä‘Ã¢y mang váº» Ä‘áº¹p hoang sÆ¡Táº¿t nÃ y Ä‘Æ°á»£c decor thÃªm nhiá»u sáº¯c vÃ ng cá»§a cÃ¡c loáº¡i hoa ná»¯a Ä‘Ã³
"quÃ¡ xáº¥u cho má»™t khu du lá»‹ch, ko cÃ³ chá»— Ä‘á»ƒ ngá»“i á»Ÿ trong khu du lá»‹ch, Ä‘i Ä‘Ãºng 5p quay ra tháº¿ mÃ  vÃ© cháº·t 30k, cá»© nhÆ° lá»«a Ä‘áº£o. biá»ƒn nhá» vÃ  Ä‘Ã¡ nhiá»u"
"LuÌc Ä‘i vÃªÌ€ xong mÆ¡Ìi biÃªÌt laÌ€ chÆ°a lÃªn Ä‘iÌ‰nh hoaÌ€ng hÃ´n vÆ¡Ìi cÃ¢Ì€u (hay khoÌa) tiÌ€nh yÃªu giÌ€ Ä‘Ã¢Ìy. Æ Ì‰ Ä‘Ã¢y thiÌch nhÃ¢Ìt laÌ€ baÌ£n naÌ€o mÄƒÌ£c quÃ¢Ì€n aÌo bÆ¡i Ä‘ÃªÌ‰ chuÌ£p aÌ‰nh Æ¡Ì‰ hai caÌi xiÌch Ä‘u giÆ°Ìƒa biÃªÌ‰n Ã¢Ìy. AÌ‰o diÃªÌ£u vÃ´ cuÌ€ng. VÃªÌ€ cÆ¡ baÌ‰n chÃ´Ìƒ naÌ€y chuÌ£p aÌ‰nh Ä‘Æ°Æ¡Ì£c nhiÃªÌ€u khung, nhiÃªÌ€u caÌ‰nh nÃªn rÃ¢Ìt thiÌch hÆ¡Ì£p Ä‘i sÃ´Ìng aÌ‰o. ChÃ´Ìƒ naÌ€o cuÌ‰a Quy NhÆ¡n cuÌƒng thiÌch hÆ¡Ì£p Ä‘ÃªÌ‰ sÃ´Ìng aÌ‰o luÃ´n Ã¢Ìy :))) NhÆ°ng maÌ€ chÃ´Ìƒ naÌ€y khaÌ xa thaÌ€nh phÃ´Ì. Æ Ì‰ Ä‘Ã¢y cuÌƒng coÌ chÃ´Ìƒ Ä‘ÃªÌ‰ nghiÌ‰ ngÆ¡i uÃ´Ìng nÆ°Æ¡Ìc naÌ€y noÌ£. NhÆ°ng maÌ€ khÃ´ng Ä‘Æ°Æ¡Ì£c mang Ä‘Ã´Ì€ Äƒn vaÌ€o Ä‘Ã¢y thiÌ€ phaÌ‰i maÌ€ miÌ€nh Ä‘i khÃ´ng thÃ¢Ìy coÌ chÃ´Ìƒ Ä‘ÃªÌ‰ mua Ä‘Ã´Ì€ Äƒn nÃªn laÌ€.... GiaÌ veÌ vaÌ€o 30k/ng nha"
"DÃ¢Ìu nhÃ¢Ìn tuÃ´Ì‰i 20 cuÌ‰a tÃ´i laÌ€ Ä‘Æ°Æ¡Ì£c Ä‘ÄƒÌ£t chÃ¢n Ä‘ÃªÌn nÆ¡i Ä‘Ã¢y_ khu daÌƒ ngoaÌ£i Trung LÆ°Æ¡ng.Khu dÃ£ ngoáº¡i Trung LÆ°Æ¡ng, cÃ¡ch thÃ nh phá»‘ Quy NhÆ¡n khoáº£ng 30km, náº±m á»Ÿ phÃ­a ÄÃ´ng Ä‘Æ°á»ng ÄT 639 thuá»™c thÃ´n Trung LÆ°Æ¡ng, xÃ£ CÃ¡t Tiáº¿n, huyá»‡n PhÃ¹ CÃ¡t. TrÆ°Æ¡Ìc khi Ä‘i nÃªn tra google maps, maÌ€ Ä‘Æ°Æ¡Ì€ng cuÌƒng khÃ´ng khoÌ Ä‘i lÄƒÌm Ä‘Ã¢u, qua cÃ¢Ì€u NhÆ¡n LyÌ cÆ°Ì chaÌ£y thÄƒÌ‰ng. Do miÌ€nh Æ¡Ì‰ nÆ¡i khaÌc Ä‘ÃªÌn Ä‘Ã¢y vaÌ€ Ä‘Æ°Æ¡Ì£c Ä‘Æ°Ìa baÌ£n Æ¡Ì‰ Quy NhÆ¡n Ä‘Æ°a Ä‘i nÃªn viá»‡c di chuyá»ƒn cÅ©ng khÃ¡ thuáº­n lá»£i. ÄÃ¢y laÌ€ khu du liÌ£ch má»›i má»Ÿ, nhÆ°ng Ä‘Ã£ thu hÃºt ráº¥t nhiá»u khÃ¡ch du liÌ£ch. MiÌ€nh Ä‘i vaÌ€o hÃ´Ì€i thaÌng 7 nÄƒm 2016. Äi vaÌ€o diÌ£p heÌ€ nÃªn trÆ¡Ì€i nÄƒÌng trong xanh, biÃªÌ‰n thiÌ€ rÃ¢Ìt saÌ£ch vaÌ€ trong xanh, noÌi chung laÌ€ rÃ¢Ìt Ä‘eÌ£p. Phong caÌ‰nh nuÌi non thÃ¢Ì£t yÃªn biÌ€nh, lÃªn hiÌ€nh thiÌ€ rÃ¢Ìt tuyÃªÌ£t vÆ¡Ì€i luÃ´n. Æ Ì‰ Ä‘Ã¢y coÌ cÄƒÌm traÌ£i qua Ä‘Ãªm. TiÃªÌc laÌ€ miÌ€nh chiÌ‰ Ä‘ÃªÌn tham quan xong rÃ´Ì€i vÃªÌ€ nÃªn khÃ´ng Æ¡Ì‰ laÌ£i Ä‘Æ°Æ¡Ì£c. Nghe Ä‘Ã¢u buÃ´Ì‰i tÃ´Ìi Æ¡Ì‰ Ä‘Ã¢y coÌ mÃ¢Ìy hoaÌ£t Ä‘Ã´Ì£ng cuÌƒng vui vui nhÆ° Ä‘Ã´Ìt lÆ°Ì‰a traÌ£i, ca haÌt...Trong khu du liÌ£ch coÌ caÌ‰ nhaÌ€ haÌ€ng phuÌ£c vuÌ£ giaÌ‰i khaÌt vaÌ€ Äƒn uÃ´Ìng rÃ¢Ìt tiÃªÌ£n lÆ¡Ì£i, giaÌ caÌ‰ cuÌƒng rÃ¢Ìt hÆ¡Ì£p liÌ. Thá»i Ä‘iá»ƒm mÃ¬nh Ä‘i chá»‰ cáº§n tá»‘n 10k gá»¯i xe vÃ  30k cho má»™t trÃ¡i dá»«a. khÃ´ng tháº¥y thu tiá»n vÃ© vÃ o cá»•ng.CoÌ diÌ£p seÌƒ quay laÌ£i Ä‘Ã¢y, thuÃª lÃªÌ€u Æ¡Ì‰ qua Ä‘Ãªm Ä‘ÃªÌ‰ traÌ‰i nghiÃªÌ£m nhÆ°Ìƒng caÌ‰m giaÌc tuyÃªÌ£t vÆ¡Ì€i."
"ÄÆ°á»ng Ä‘i vÃ o khÃ¡ xa trung tÃ¢m thÃ nh phá»‘, pháº£i tra google map vÃ  há»i ngÆ°á»i dÃ¢n má»›i tÃ¬m ra Ä‘Æ°á»£c. Giá»¯ xe 10k vÃ  vÃ© xuá»‘ng biá»ƒn lÃ  30k 1 ngÆ°á»i, cÃ³ bÃ£i Ä‘áº¥t cáº¯m tráº¡i khÃ¡ lÃ  dá»… thÆ°Æ¡ng"
"Láº§n Ä‘áº§u tiÃªn Ä‘Æ°á»£c con báº¡n dáº«n tá»›i nÆ¡i nÃ y...vá»«a cÃ³ biá»ƒn láº¡i vá»«a cÃ³ nÃºi. NÆ¡i nÃ y má»›i Ä‘Æ°á»£c khai thÃ¡c nÃªn cÃ²n hoang sÆ¡, ráº¥t thÃ­ch há»£p cho nhá»¯ng báº¡n thÃ­ch du lá»‹ch bá»¥i.BÃ£i biá»ƒn Ä‘Æ°á»£c trang trÃ­ thÃªm cÃ¡c bÃ n gháº¿, lá»u nghá»‰ mÃ¡t ráº¥t thÆ¡ má»™ng, ráº¥t thÃ­ch há»£p cho nhá»¯ng báº¡n Ä‘áº¿n Ä‘Ã¢y Ä‘á»ƒ chá»¥p hÃ¬nh.MÃ¬nh Ä‘áº¿n Ä‘Ã¢y chá»‰ Ä‘á»ƒ chá»¥p hÃ¬nh, táº¯m biá»ƒn vÃ  Äƒn uá»‘ng nÃªn pháº§n á»Ÿ láº¡i qua Ä‘Ãªm thÃ¬ chÆ°a biáº¿t nhÆ° tháº¿ nÃ o nhÆ°ng nghe cÃ¡c báº¡n khÃ¡c nÃ³i láº¡i thÃ¬ ráº¥t lÃ  thÃº vá»‹.Äiá»ƒm trá»« lÃ  Ä‘á»“ Äƒn mang ra khÃ¡ cháº­m nhÆ°ng bÃ¹ láº¡i ráº¥t lÃ  cháº¥t lÆ°á»£ng Ä‘áº¥y nhÃ©."
"Pháº£i nÃ³i lÃ  láº§n Ä‘áº§u tiÃªn mÃ¬nh thÃ­ch cÃ¡i biá»ƒn mÃ  muá»‘n lao xuá»‘ng ngay láº­p tá»©c lÃ  bá»Ÿi 2 cÃ¡i cá»•ng gá»— Ä‘Ã³ng giá»¯a biá»ƒn. NÆ°á»›c thÃ¬ trong veo, cá»±c thÃ­ch.GiÃ¡ hÃ ng rong á»Ÿ Ä‘Ã¢y khÃ¡ ráº», nÃªn báº¡n cá»© máº¡nh dáº¡ng kiáº¿m cho mÃ¬nh 1 bÃ n ngá»“i trÃªn biá»ƒn, vá»«a ngáº¯m biá»ƒn vá»«a Äƒn thoáº£i thÃ­ch.CÃ²n phÃ­a trÃªn lÃ  nhÃ  hÃ ng, cÃ³ cáº£ chá»— xáº£ nÆ°á»›c ngá»t mÃ  cÃ³ thu phÃ­, giÃ¡ hÆ¡i chÃ¡t nha, lÆ°u Ã½ Ä‘iá»ƒm nÃ y.LÃºc mÃ¬nh Ä‘i khÃ¡ náº¯ng, nÃªn khu vá»±c nÃ o cÅ©ng Ä‘áº§y áº¥p ngÆ°á»i. Khu tráº¡i ráº¥t thÃ­ch, náº¿u cÃ³ cÆ¡ há»™i sáº½ thá»­ book lá»u tráº¡i á»Ÿ láº¡i 1 Ä‘Ãªm.CÃ¡c gÃ³c Æ°ng Ã½ thÃ¬ cÃ³ khoáº£ng 5 Ä‘iá»ƒm Ä‘á»ƒ chá»¥p hÃ¬nh Ä‘áº¹pBáº¡n nhá»› thay Ä‘á»“ phÃ­a trÃªn khu vá»±c nhÃ  hÃ ng rá»“i xuá»‘ng biá»ƒn nha, vÃ¬ phÃ­a dÆ°á»›i khÃ´ng cÃ³ toilet hay khu vá»±c nÃ o Ä‘á»ƒ thay Ä‘á»“ táº¯m Ä‘Ã¢u, cÅ©ng cháº³ng cÃ³ báº£ng chá»‰ dáº«n."
"Láº§n Ä‘áº§u tiÃªn Ä‘Æ°á»£c anh Ä‘á»“ng nghiá»‡p dáº«n Ä‘áº¿n nÆ¡i nÃ y, 1 nÆ¡i tháº­t Ä‘áº¹p, cÃ³ cáº£ nÃºi vÃ  biá»ƒnKhu dÃ£ ngoáº¡i nÃ y cÃ¡ch TP Quy NhÆ¡n 15Km, á»Ÿ Ä‘Ã¢y cÃ³ khÃ­ háº­u mÃ¡t máº», cáº£nh Ä‘áº¹p, áº¤n tÆ°á»£ng vá»›i 2 xÃ­ch Ä‘u á»Ÿ giÅ©a biá»ƒnTáº¯m biá»ƒn chiá»u xong lÃªn nhÃ  hÃ ng Äƒn, thá»©c Äƒn á»Ÿ Ä‘Ã¢y ngon....Ã .. mÃ  á»Ÿ Ä‘Ã¢y cÅ©ng cÃ³ dá»‹ch vá»¥ cho thuÃª thuyá»n dÆ°á»›i biá»ƒn ná»¯aá» Ä‘ay ngáº¯m cáº£nh biá»ƒn vá» Ä‘Ãªm cÅ©ng tuyá»‡t vá»i láº¯m nha... cÃ³ thá»ƒ thuÃª lá»u á»Ÿ láº¡i Ä‘Ã¢y nhÃ©. GÃ­a cáº£ há»£p lÃ½ cáº£ vá» Ä‘á»“ Äƒn vÃ  cÃ¡c dá»‹ch vá»¥ cho thuÃª nhÃ©...Má»™t nÆ¡i lÃ½ tÆ°á»Ÿng Ä‘á»ƒ nghÄ© ngÆ¡i cÃ¹ng gia Ä‘Ã¬nh, báº¡n bÃ¨ vÃ  nhá»¯ng ngÆ°á»i thÃ¢n ThÃ­ch nÆ¡i Ä‘Ã¢y!!!!"
"Tá»« Quy NhÆ¡n cháº¡y bÄƒng bÄƒng xe Ä‘áº¿n Trung LÆ°Æ¡ng tháº¥y xa má»i mÃ²n, mÃ  Ä‘áº¿n Ä‘Ã¢y chá»™p hÃ¬nh thÃ¬ tÆ°Æ¡i háº¿t cáº£ hÃ©o. NÃºi rá»«ng Ä‘á»“i Ä‘Ã¡ nhÃ¬n hÃ¹ng vá»¹ láº¯m. á» Ä‘Ã¢y Ä‘c quy hoáº¡ch khÃ¡ tá»‘t, vÃ o vÃ© vÃ o cá»•ng xuá»‘ng biá»ƒn táº¯m lÃ  30k/ vÃ©. CÃ³ gian hÃ ng vÃ  chá»— gá»­i xe Ä‘áº§y Ä‘á»§, ko sá»£ pháº£i tháº£ rong xe ko cÃ³ ng trÃ´ng. Chá»— Ä‘i vá»‡ sinh thÃ¬ miá»…n phÃ­, khÃ¡ áº¥n tÆ°á»£ng lÃ  Ä‘Æ°á»£c xÃ¢y thÃ nh cÄƒn riÃªng theo kiá»ƒu tinh táº¿, khoÃ¡i nháº¥t lÃ  Ä‘i du lá»‹ch mÃ  cÃ³ cÃ¡i wc nÃ³ sáº¡ch nÃ³ thÆ¡m. HÃ© hÃ©. CÃ²n láº¡i thÃ¬ cá»© tung tÄƒng mÃ  xoÃ£ loÃ£ chá»™p há»nh nhÃ© nhÃ©."
"Há»“i trÆ°á»›c mÃ¬nh Ä‘i chÃ¹a Ã´ng nÃºi Ä‘Ã£ Ä‘i biá»ƒn trung lÆ°Æ¡ng 1 láº§n rá»“i. Nay quy nhÆ¡n phÃ¡t triá»ƒn khu dÃ£ ngoai trung lÆ°Æ¡ng, báº¡n mÃ¬nh tá»›i chÆ¡i nÃªn 2 Ä‘á»©a dáº¯t dÃ­u Ä‘i. ÄÆ°á»ng Ä‘i dá»… tÃ¬m vÃ  cÅ©ng ko xa máº¥y. ThÃ­ch nháº¥t lÃ  nhÃ¬n ngáº¯m cáº£nh váº­t 2 bÃªn Ä‘Æ°á»ng Ä‘i, biá»ƒn trong xanh, Ãªm Ä‘á»m thÆ¡ má»™ng. tá»›i nÆ¡i ráº¥t Ä‘Ã´ng, máº·c dÃ¹ mÃ¬nh tá»›i táº§m ban trÆ°a. phÃ­ giá»¯ xe 10k cÃ²n láº¡i ko tá»‘n vÃ© vÃ o cá»•ng. á»Ÿ Ä‘Ã¢y cÃ³ thÃªm 1 quÃ¡n cafe,1 nhÃ  hÃ ng, khu cáº¯m tráº¡i qua Ä‘Ãªm, má»™t sá»‘ phÃ²ng thay Ä‘á»“"
"Láº§n Ä‘áº§u Ä‘áº¿n Ä‘Ã¢y, cáº£nh Ä‘áº¹p, nhÃ  hÃ ng Ä‘áº¹p, Ä‘á»“ Äƒn cÅ©ng ngon, nhÆ°ng chÆ°a cÃ³ nhiá»u dá»‹ch vá»¥ du lá»‹ch. Mong sáº½ phÃ¡t triá»ƒn thÃªm."
"Khu dÃ£ ngoáº¡i Trung LÆ°Æ¡ng, cÃ¡ch thÃ nh phá»‘ Quy NhÆ¡n khoáº£ng 30km, náº±m á»Ÿ phÃ­a ÄÃ´ng Ä‘Æ°á»ng ÄT 639 thuá»™c thÃ´n Trung LÆ°Æ¡ng, xÃ£ CÃ¡t Tiáº¿n, huyá»‡n PhÃ¹ CÃ¡t. TrÆ°Æ¡Ìc khi Ä‘i nÃªn tra google maps. MaÌ€ Ä‘Æ°Æ¡Ì€ng cuÌƒng khÃ´ng khoÌ Ä‘i lÄƒÌm Ä‘Ã¢u, xem video moÌ£i ngÆ°Æ¡Ì€i seÌƒ thÃ¢Ìy. Do miÌ€nh Æ¡Ì‰ nÆ¡i khaÌc Ä‘ÃªÌn Ä‘Ã¢y vaÌ€ Ä‘Æ°Æ¡Ì£c Ä‘Æ°Ìa baÌ£n Æ¡Ì‰ Quy NhÆ¡n Ä‘Æ°a Ä‘i nÃªn boÌ‰ qua mÃ¢Ìy cÃ´ng Ä‘oaÌ£n chuÃ¢Ì‰n biÌ£ caÌc kiÃªÌ‰u Ä‘Ã´Ì€ nheÌ. ÄÃ¢y laÌ€ khu du liÌ£ch má»›i má»Ÿ, nhÆ°ng Ä‘Ã£ thu hÃºt ráº¥t nhiá»u khÃ¡ch du liÌ£ch. MiÌ€nh Ä‘i vaÌ€o hÃ´Ì€i thaÌng 7 nÄƒm 2016. Äi vaÌ€o diÌ£p heÌ€ nÃªn trÆ¡Ì€i nÄƒÌng trong xanh, biÃªÌ‰n thiÌ€ rÃ¢Ìt saÌ£ch vaÌ€ trong xanh, noÌi chung laÌ€ rÃ¢Ìt Ä‘eÌ£p. Phong caÌ‰nh nuÌi non thÃ¢Ì£t yÃªn biÌ€nh, lÃªn hiÌ€nh thiÌ€ rÃ¢Ìt tuyÃªÌ£t vÆ¡Ì€i luÃ´n. Æ Ì‰ Ä‘Ã¢y coÌ cÄƒÌm traÌ£i qua Ä‘Ãªm. TiÃªÌc laÌ€ miÌ€nh chiÌ‰ Ä‘ÃªÌn tham quan xong rÃ´Ì€i vÃªÌ€ nÃªn khÃ´ng Æ¡Ì‰ laÌ£i Ä‘Æ°Æ¡Ì£c. Nghe Ä‘Ã¢u buÃ´Ì‰i tÃ´Ìi Æ¡Ì‰ Ä‘Ã¢y coÌ mÃ¢Ìy hoaÌ£t Ä‘Ã´Ì£ng cuÌƒng vui vui nhÆ° Ä‘Ã´Ìt lÆ°Ì‰a traÌ£i, ca haÌt...Trong khu du liÌ£ch coÌ caÌ‰ nhaÌ€ haÌ€ng phuÌ£c vuÌ£ giaÌ‰i khaÌt vaÌ€ Äƒn uÃ´Ìng rÃ¢Ìt tiÃªÌ£n lÆ¡Ì£i, giaÌ caÌ‰ cuÌƒng rÃ¢Ìt hÆ¡Ì£p liÌ. CoÌ diÌ£p seÌƒ quay laÌ£i Ä‘Ã¢y, thuÃª lÃªÌ€u Æ¡Ì‰ qua Ä‘Ãªm Ä‘ÃªÌ‰ traÌƒi nghiÃªÌ£m nhÆ°Ìƒng caÌ‰m giaÌc tuyÃªÌ£t vÆ¡Ì€i."
"CÃ¡ch trung tÃ¢m thÃ nh phá»‘ 18km lÃ  Ä‘á»‹a Ä‘iá»ƒm hiá»‡n nay Ä‘Æ°á»£c coi lÃ  khu du lá»‹ch nghá»‰ mÃ¡t vÃ  cáº¯m tráº¡i cá»§a Ä‘Ã´ng Ä‘áº£o báº¡n tráº» trong vÃ  ná»™i thÃ nh... tháº£o nguyÃªn xanh, bÃ£i biá»ƒn Ä‘áº¹p lÃ  1 nÆ¡i Ä‘Æ°á»£c má»‡nh danh lÃ  lÃ¡ phá»•i xanh cá»§a thÃ nh phá»‘... mÃ¬nh tá»›i Ä‘Ã¢y khÃ´ng khá»i báº¥t ngá» khÃ´ng chá»‰ cáº£nh Ä‘áº¹p mÃ  cÃ²n khÃ´ng khÃ­ á»Ÿ Ä‘Ã¢y cÅ©ng ráº¥t dá»… chá»‹u, thiÃªn nhiÃªn Ä‘Ã£ ban táº·ng cho thÃ nh phá»‘ má»™t nÆ¡i tuyá»‡t Ä‘áº¹p Ä‘á»ƒ cÃ³ 1 Ä‘á»‹a Ä‘iá»ƒm du lá»‹ch thÃº vá»‹ cho ngÆ°á»i dÃ¢n khÃ´ng riÃªng gÃ¬ thÃ nh phá»‘ Quy NhÆ¡n..."
"VÃ© xuá»‘ng: 20kThuÃª chÃ²i :100kMÃ¬nh chá»‰ thÃ­ch xÃ­ch Ä‘u thÃ´i, nÃªn rÃ¡ng Ä‘i Ä‘á»ƒ chá»¥p hÃ¬nhBiá»ƒn ko sáº¡ch láº¯m, nÃ³i chung Ä‘Æ°á»£c khu cáº¯m tráº¡i chá»¥p hÃ¬nh dá»… thÆ°Æ¡ng.Äi khÃ¡ xa nha, nhá»› vá» sá»›m, Ä‘á»«ng Ä‘á»ƒ vá» quÃ¡ tá»‘i vÃ¬ Ä‘Æ°á»ng Ä‘i khÃ¡ tá»‘i vÃ  nguy hiá»ƒm"
"VÃ o Ä‘Ã¢y báº¡n sáº½ pháº£i tá»‘n nhá»¯ng chi phÃ­ sau Ä‘Ã¢y:- Gá»­i xe: 10k- VÃ© xÃºÃ´ng khu cáº¯m tráº¡i: 20k- VÃ© táº¯m trÃ¡ng: 10kTheo mÃ¬nh náº¿u Ä‘Ã£ vÃ o Ä‘Ã¢y vÃ  khÃ¡ch pháº£i mua vÃ© vÃ o cá»•ng thÃ¬ thu vÃ© giá»¯ xe lÃ  10k lÃ  quÃ¡ máº¯c. VÃ  nháº¥t lÃ  á»Ÿ khu vá»±c nÃ y. VÃ  khÃ´ng bik cÃ³ pháº£i do mÃ¬nh Ä‘i trÃºng nhá»¯ng ngÃ y mÆ°a bÃ£o ko mÃ  vÃ o thÃ¬ tháº¥y Ä‘Ã£ dáº¹p háº¿t lá»u tráº¡i. Chá»‰ cÃ²n trÆ¡ trá»i máº¥y cÃ¡i gháº¿. CÃ¡i xÃ­ch Ä‘u ngoÃ i biá»ƒn cÅ©ng bá»‹ gÃ£y máº¥t tiÃªu. Trong khi nÃ³ lÃ  cÃ¡i láº¡ mÃ  khi Ä‘áº¿n Ä‘Ã¢y du khÃ¡ch muá»‘n chá»¥p hÃ¬nh.NhÃ¢n viÃªn bÃ¡n vÃ© thÃ¬ máº·t háº§m háº§m, há»i thÃ´ng tin dá»‹ch vá»¥ mÃ  tráº£ lá»i vá»›i cÃ¡i máº·t ko cÃ³ 1 ná»¥ cuá»i."
"ÄÆ°á»£c cÆ° dÃ¢n máº¡ng tráº§m trá»“ khen ngá»£i Ä‘Ã¢y lÃ  jeju Viá»‡t Nam, Ä‘áº¿n xong mÃ¬nh khÃ´ng muá»‘n Ä‘i HÃ n Quá»‘c luÃ´n. KhÃ´ng biáº¿t do mÆ°a bÃ£o dáº­p hay nhÆ° tháº¿ nÃ o mÃ  Ä‘iÃªu tÃ n quÃ¡, tháº¿ mÃ  thu 20k/ngÆ°á»i thÃ¬ tháº­t quÃ¡ Ä‘Ã¡ng rá»“i. Máº¥y cÃ¡i liá»u cÃ¡i gháº¿ ngay khu cáº¯m tráº¡i há»‡t cÃ¡i nhÃ  kho, máº¥y cÃ¡i bÃ n cÃ¡i gháº¿ Ä‘áº·t Ä‘á»ƒ cÃ³ cÃ¡i chá»¥p hÃ¬nh cÅ©ng lÆ°ng chá»«ng láº¯m, khÃ´ng cÃ³ 1 sá»± liÃªn káº¿t nÃ o giá»¯a cÃ¡c mÃ³n vá»›i nhau. Biá»ƒn Ä‘á»™ng, sÃ³ng dáº­p lÃªn táº­n trÃªn máº¥y táº£ng Ä‘Ã¡ to, khÃ´ng thá»ƒ táº¯m biá»ƒn Ä‘Æ°á»£c Ä‘Ã¢u. Náº¿u nÆ°á»›c rÃºt xuá»‘ng thÃ¬ chá»¥p áº£nh vá»›i máº¥y táº£ng Ä‘Ã¡ khÃ¡ Ä‘áº¹p. NÃ³i chung lÃ  JeJu Viá»‡t Nam ráº» tiá»n quÃ¡, khÃ´ng Ä‘Ã¡ng bá» ra 20k Ä‘Ã¢u. Hy vá»ng sau báº£o khu nÃ y Ä‘Æ°á»£c tu sá»­a láº¡i Ä‘á»ƒ thu hÃºt khÃ¡ch hÆ¡n"
"+ Äáº§u tiÃªn vá» Ä‘iá»ƒm cá»™ng duy nháº¥t lÃ  cáº£nh Ä‘áº¹p vÃ´ cÃ¹ng, khu cáº¯m tráº¡i náº±m lá»t thá»m giá»¯a nÃºi Ä‘Ã¡ vs 3 bá» lÃ  nÃºi, 1 bá» biá»ƒn rá»™ng, mÃ¡t máº», nÆ°á»›c biá»ƒn trong váº¯t nhÃ¬n tháº¥y Ä‘Ã¡y, bÃ£i cÃ¡t dÃ i, bÃ£i Ä‘Ã¡ vá»›i nhiá»u hÃ¬nh dÃ¡ng tuyá»‡t Ä‘áº¹p.- Äiá»ƒm trá»« Ä‘áº§u tiÃªn, bÃ£i biá»ƒn phÃ­a bÃªn tay pháº£i, gáº§n bÃ£i Ä‘Ã¡ quÃ¡ dÆ¡, rÃ¡c ná»•i lá»nh bá»nh, khÃ´ng ai dá»n.- Äiá»ƒm trá»« thá»© 2, táº¯m trÃ¡ng má»—i ngÆ°á»i 10k mÃ  cÃ¡i vÃ²i lá»™ thiÃªn, khÃ´ng cÃ³ xÃ´ cháº­u, gÃ¡o ghiáº¿c gÃ¬ Ä‘á»ƒ dá»™i láº¡i, khÃ´ng hiá»ƒu con gÃ¡i nhÆ° mÃ¬nh máº·c bikini dÃ­nh Ä‘áº§y cÃ¡t vÃ o ngÆ°á»i cá»© pháº£i Ä‘á»©ng tá»“ng ngá»“ng giá»¯a thanh thiÃªn báº¡ch nháº­t Ä‘á»ƒ kÃ¬ cá»??? CÃ²n rá»­a rÃ¡y phÃ­a trong cÅ©ng khÃ´ng thá»ƒ thuáº­n tiá»‡n nhÆ° chá»— khÃ´ng ngÆ°á»i Ä‘Æ°á»£c. - Äiá»ƒm trá»« lá»›n nháº¥t lÃ  nhÃ¢n viÃªn nam quÃ¡ vÃ´ duyÃªn, khÃ´ng hiá»ƒu lÃ  cÃ³ pháº£i chÆ°a bao giá» tháº¥y con gÃ¡i hay khÃ´ng mÃ  lÃºc mÃ¬nh Ä‘á»©ng táº¯m trÃ¡ng, 1 má»› thanh niÃªn Ä‘á»©ng bu vÃ o phÃ­a sau, ngay chá»— dim mÃ¡t trong nhÃ  nhÃ¬n ra, táº·c lÆ°á»¡i, cÆ°á»i hÃ­ há»‘, trÃªu chá»c vÃ´ cÃ¹ng khiáº¿m nhÃ£, vÃ´ cÃ¹ng báº¥t lá»‹ch sá»±, xin lá»—i vÃ¬ mÃ¬nh nÃ³i tháº³ng lÃ  hÃ nh Ä‘á»™ng cá»§a cÃ¡c báº¡n nam hÃ´m Ä‘Ã³ ráº¥t bullshit vÃ  khÃ´ng thá»ƒ cháº¥p nháº­n Ä‘Æ°á»£c. MÃ¬nh thÃ¬ khá»i pháº£i nÃ³i, mÃ¡u nÃ³ng bá»‘c lÃªn Ä‘áº§u mÃ  rÃ¡ng nhá»‹n nhá»¥c táº¯m cho xong.- NhÃ  vá»‡ sinh hÃ´i khai, nhÃ  vá»‡ sinh ná»¯ khÃ´ng cÃ³ vÃ²i xá»‹t- Chá»— giá»¯ xe khÃ´ng cÃ³ phÃ´ng báº¡t che, xe mÃ¬nh bá»‹ phÆ¡i náº¯ng Ä‘áº¿n ná»• lá»‘p trÃªn Ä‘Æ°á»ng vá».GiÃ¡ cáº£: 10k giá»¯ xe, 10k táº¯m trÃ¡ng/ ngÆ°á»i, 20k vÃ© tham quan/ngÆ°á»iÄÆ°á»ng Ä‘i tá»« Quy NhÆ¡n Ä‘áº¿n CÃ¡t Tiáº¿n khoáº£ng 26km, Ä‘Æ°á»ng dá»… Ä‘i, nhÆ°ng dá»… láº¡c náº¿u khÃ´ng Ä‘á»ƒ Ã½.> MÃ¬nh sáº½ khÃ´ng quay láº¡i cho Ä‘áº¿n khi thÃ¡i Ä‘á»™ cá»§a nhÃ¢n viÃªn nam tiáº¿n bá»™ hÆ¡n, vÃ¬ Ä‘áº¿n chá»‰ lÃ m mÃ¬nh háº­m há»±c muá»‘n bá» vá»"
"ÄÃ¢y lÃ  1 Ä‘iá»ƒm Ä‘áº¹p á»Ÿ BÃ¬nh Äá»‹nh nÃªn khÃ¡m phÃ¡. á» Ä‘Ã¢y cÃ³ nhÃ  hÃ ng vÃ  khu cáº¯m tráº¡i cho khÃ¡ch muá»‘n á»Ÿ láº¡i Ä‘Ãªm. GiÃ¡ Ä‘á»“ Äƒn, nÆ°á»›c uá»‘ng á»Ÿ Ä‘Ã¢y khÃ¡ má»m. Cáº£nh thiÃªn nhiÃªn á»Ÿ Ä‘Ã¢y ráº¥t Ä‘áº¹p, nÆ°á»›c biá»ƒn trong veo, chá»¥p hÃ¬nh tá»± sÆ°á»›ng á»Ÿ Ä‘Ã¢y khá»i pháº£i nÃ³i, áº£o tung cáº£ cháº£o lun :D Äáº·c biá»‡t á»Ÿ Ä‘Ã¢y há» xÃ¢y dá»±ng 2 cá»•ng xÃ­ch Ä‘u á»Ÿ giá»¯a biá»ƒn, báº¡n nÃ o chá»‹u khÃ³ ra chá»¥p hÃ¬nh... DÆ°á»›i bÃ£i biá»ƒn cÃ³ ngÆ°á»i dÃ¢n bÃ¡n vÃ i mÃ³n Äƒn váº·t, giÃ¡ má»m, khÃ´ng cháº·t chÃ©m khÃ¡ch."
BÃ£i biá»ƒn má»›i khai thÃ¡c...1 bÃªn nÃºi cÃ²n 1 bÃªn biá»ƒn...do má»›i khai thÃ¡c nÃªn dá»‹ch vá»¥ chÆ°a cÃ³ nhiá»u...nhÆ° muá»‘n thay Ä‘á»“ dÆ°á»›i bÃ£i biá»ƒn thÃ¬ ko cÃ³ phÃ²ng thay Ä‘á»“...cÃ²n muá»‘n táº¯m nÆ°á»›c sáº¡ch thÃ¬ pháº£i leo lÃªn trÃªn khÃ¡ xa..biá»ƒn Ä‘áº¹p...
"Khu nÃ y gáº§n Ká»³ Co,cÃ¡c báº¡n ghÃ© Ká»³ Co chÆ¡i r táº§m 3 4h ghÃ© qua Ä‘Ã¢y,Ä‘á»«ng qua lÃºc trÆ°a,náº¯ng láº¯m,mÃ¬nh Ä‘i vá» mÃ  nhÆ° cá»™t nhÃ  chÃ¡y T.T-Gá»­i xe 10k,VÃ© cá»•ng Free nhÃ©-Äi bá»™ tá»« bÃ£i gá»­i xe xuá»‘ng biá»ƒn táº§m 700m,láº¡i toÃ n báº­c thang,Ä‘i dá»…,vá» mÃºn xá»‰u luÃ´n :v-Nc biá»ƒn trong,mÃ¬nh tháº¥y du khÃ¡ch cá»§ng khÃ¡ váº¯ng,cÃ³ hÃ ng rong ven biá»ƒn-Tháº¥y cáº£ khu lá»u dÃ£ ngoáº¡i,kb máº¥y mÃ¡ PR quÃ¡ hay sao chá»© mÃ¬nh tháº¥y cá»§ng bt,Ä‘áº·c biá»‡t á»Ÿ Ä‘Ã¢y cÃ³ 2 cÃ¢y cáº§u trÃªn biá»ƒn,sá»­u nhi hay giÃ nh láº¥y.MÃ¬nh vá»«a ngá»“i lÃªn,Ä‘á»‹nh xuá»‘ng láº¥y dÃ©p thÃ¬ 2 3 em gÃ¡i bu dÃ´ giá»±t,thiáº¿u Ä‘iá»u xÃ´ mÃ¬nh ná»­a lÃ  Ä‘á»§ :))-Äi xa xa sáº½ gáº·p nhiá»u hÃ²n Ä‘Ã¡ lá»›n,ngá»“i trÃ¡nh náº¯ng vÃ  chá»¥p hÃ¬nh lÃªn nhÃ¬n ráº¯t hoang dÃ£ :))"
"CÃ¡ch TP Quy NhÆ¡n khoáº£ng 30km, tá»›i Ä‘Ã¢y cÃ³ view ngáº¯m biá»ƒn trung lÆ°Æ¡ng hÆ¡i bá»‹ Ä‘áº¹p. Tá»« trÃªn cao nhÃ¬n xuá»‘ng, biá»ƒn xanh ngáº¯t, trong lÃ nh vÃ  pháº³ng láº·ng. Tháº£ mÃ¬nh vÃ o dÃ²ng nÆ°á»›c biá»ƒn trong mÃ¡t quáº£ tháº­t lÃ  má»™t tráº£i nghiá»‡m tuyá»‡t vá»›i vá»›i nhá»¯ng ngÆ°á»i yÃªu biá»ƒn, Ä‘á»ƒ thÆ°á»Ÿng thá»©c cÃ¡i náº¯ng, cÃ¡i giÃ³ nhÆ° mÃ¬nh. Trong khu nÃ y cÃ²n cÃ³ nhÃ  hÃ ng Ä‘á»ƒ táº¯m trÃ¡ng vÃ  thÆ°á»Ÿng thá»©c cÃ¡c mÃ³n áº©m thá»±c Ä‘áº·c trÆ°ng cá»§a xá»© náº«u. há»©c Äƒn á»Ÿ Ä‘Ã¢y chá»§ yáº¿u lÃ  cÃ¡c mÃ³n háº£i sáº£n tÆ°Æ¡i sá»‘ng do ngÆ° dÃ¢n Ä‘á»‹a phÆ°Æ¡ng Ä‘Ã¡nh báº¯t Ä‘Æ°á»£c nhÆ° xÃ¬a, má»±c, tÃ´m, cÃ¡, gháº¹, cuaâ€¦ Ä‘Æ°á»£c háº¥p, xÃ o, nÆ°á»›ngâ€¦ ráº¥t ngon miá»‡ng. GÃ­a cáº£ pháº£i chÄƒng."
"Äi team building Ä‘Æ°á»£c bá»‘ trÃ­ nghá»‰ trong khu resort nÃ y nÃªn cÅ©ng Äƒn uá»‘ng trong nÃ y. Bá»¯a trÆ°a Ä‘Æ°Æ¡c sáº¯p xáº¿p theo cÆ¡m gia Ä‘Ã¬nh. Bá»¯a trÆ°a Ä‘Æ°á»£c bÃ y trÃ­ xung quanh bÃ n trÃ²n, cÃ³ nhiá»u mÃ³n trÃ´ng ráº¥t háº¥p dáº«n vÃ  báº¯t máº¯t. CÃ³ Ä‘á»§ cÃ¡c mÃ³n xÃ o, máº·n vÃ  mÃ³n canh ... NhÃ¢n viÃªn luÃ´n Ä‘á»©ng gáº§n Ä‘Ã³ Ä‘á»ƒ phá»¥c vá»¥ má»—i khi cÃ³ nhu cáº§u. Äá»“ Äƒn há»£p kháº©u vá»‹, nháº¥t lÃ  mÃ³n thá»‹t kho trá»©ng."
"HÃ¬nh nhÆ° Ä‘Ã¢y lÃ  khÃ¡ch sáº¡n 4 sao thÃ¬ pháº£i . MÃ  theo Ä‘Ã¡nh giÃ¡ cá»§a mÃ¬nh thÃ¬ 4 sao quÃ¡ lÃ  xa xá»‰ luÃ´n , chÆ°a bao giá» tháº¥y khÃ¡ch sáº¡n 4 sao nÃ o mÃ  phÃ²ng bá»‹ hÆ° mÃ¡y láº¡nh tá»« trÆ°á»›c cáº£ khi khÃ¡ch Ä‘áº¿n mÃ  váº«n cho khÃ¡ch vÃ o á»Ÿ , gáº·p phÃ²ng mÃ¬nh ngay hÆ°á»›ng Ä‘á»©ng giÃ³ , gá»i lá»… tÃ¢n 4 5 cuá»™c cÅ©ng cho ngÆ°á»i lÃªn sá»­a mÃ  váº«n Ä‘Ã¢u cháº£ vÃ o Ä‘Ã³ . á»” Ä‘iá»‡n thÃ¬ á»Ÿ cÃ¡ch xa tÃ­t cÃ¡i giÆ°á»ng , thiáº¿t káº¿ quÃ¡ lÃ  tá»‡ , Ä‘Ã£ tháº¿ quÃ¡n cÃ  phÃª riÃªng cá»§a ks quÃ¡ táº¡p nham vÃ  nÆ°á»›c há»“ bÆ¡i háº¿t sá»©c báº©n . Tráº£i nghiá»‡m tá»‡ quÃ¡ tá»‡ láº§n Ä‘áº§u má»›i tháº¥y á»Ÿ ks 4 sao !"
"KhÃ¡ch sáº¡n nÃ y cÅ©ng lÃ  dáº¡ng ná»•i tiáº¿ng á»Ÿ Quy NhÆ¡n. VÃ¬ khÃ¡ch sáº¡n ngay cáº¡nh bÃªn bÃ£i táº¯m HoÃ ng Háº­u. SÃ¡ng sá»›m cÃ³ thá»ƒ ra hÃ³ng giÃ³ khÃ¡ lÃ  thoáº£i mÃ¡i.Vá» phÃ²ng á»‘c, khÃ¡ lÃ  sang trá»ng bá»Ÿi khÃ¡ch sáº¡n cÃ³ Ä‘áº§y Ä‘á»§ tá»§, bÃ n, Ä‘á»“ dÃ¹ng cáº§n thiáº¿t. Hai ngÆ°á»i á»Ÿ chung 1 phÃ²ng, phÃ²ng vá»›i 2 ngÆ°á»i rá»™ng thoáº£i mÃ¡i luÃ´n. Toalet cÃ³ bá»“n táº¯m thoáº£i mÃ¡i láº¯m. KhuÃ´n viÃªn hotel cÃ³ quÃ¡n cÃ  phÃª, sinh tá»‘ Ä‘á»ƒ ra ngá»“i nhÃ¢m nhi hÃ³ng giÃ³ ná»¯a. NhÆ°ng do xung quanh nhiá»u cÃ¢y ráº­m ráº¡p nÃªn dá»… bá»‹ muá»—i vÃ o phÃ²ng nhÃ©!"
"CÃ´ng ty tá»• chá»©c team building á»Ÿ ngoÃ i qui nhÆ¡n nÃ y nÃªn cÃ³ dá»‹p ghÃ© qua resort nÃ y Ä‘á»ƒ nghá»‰ ngÆ¡i vÃ i hÃ´m, rerost nÃ y cÅ©ng khÃ¡ lÃ  ok nhÆ°ng vá»›i cháº¥t lÆ°á»£ng 4 sao tÃ¬ cÃ³ váº» hÆ¡i quÃ¡ cao so vá»›i máº·t báº±ng chung, phÃ²ng á»‘c cÅ©ng khÃ¡ lÃ  ok nhÆ°ng mÃ¬nh tháº¥y cÃ³ váº½ nÃ³ hÆ¡i cÅ© ká»¹ tÃ½, nhÆ°ng cÅ©ng khÃ¡ lÃ  á»•n rá»“i phÃ²ng á»‘c rá»™ng rÃ£i láº¯m luÃ´n nha, cÃ³ buffet Äƒn sÃ¡ng ná»¯a Ä‘á»“ Äƒn cÅ©ng nhiá»u vÃ  khÃ¡ lÃ  phong phÃº Ä‘a dáº¡ng, nhÃ¢n viÃªn lá»‹ch sá»± vÃ  thÃ¢n thiá»‡n láº¯m luÃ´n nha"
"ÄÃ¢y lÃ  1 trong nhá»¯ng resort mÃ¬nh thÃ¡y cÃ³ view cá»±c ká»³ Ä‘áº¹p vÃ  báº¯t máº¯t Ä‘á»‘i vá»›i mÃ¬nh nha, tá»« phÃ²ng á»‘c cho tá»›i lá»‘i Ä‘i hay cÃ¡ch bÃ i trÃ­ Ä‘á»u khÃ¡ lÃ  á»•n, do lÃ  resort nÃªn khÃ´ng gian cÅ©ng khÃ¡ lÃ  yÃªn tÄ©nh vÃ  thoÃ£i mÃ¡i cá»±c ká»³ thÃ­ch há»£p cho viá»‡c nghÄ© dÆ°á»¡ng luÃ´n áº¥y chá»©, phÃ²ng mÃ¬nh á»Ÿ lÃ  3 ngÆ°á»i nhÆ°ng cÅ©ng rá»™ng láº¯m luÃ´n nha, mÃµi ngÆ°á»i 1 giÆ°á»ng riÃªng biá»‡t nÃªn náº±m cá»±c thÃ­ch vÃ  thoÃ£i mÃ¡i, Ä‘á»“ Äƒn sÃ¡ng cÅ©ng phong phÃº vÃ  háº¥p dáº«n láº¯m, Äƒn mÃ  muá»‘n no cÄƒng cÃ¡i bá»¥ng Ä‘Æ°á»£c áº¥y chá»©"
"Äá»£t companytrip vá»«a rá»“i cty mÃ¬nh cÃ³ nghá»‰ á»Ÿ Ä‘Ã¢y. Sáº£nh lá»… tÃ¢n nhÃ¬n cÅ©ng sang kiá»ƒu gá»— gá»— Ã½. Äá»“ gá»— quÃ¡ trá»i luÃ´n, nhÃ¢n viÃªn checkin cÅ©ng dá»… thÆ°Æ¡ng. PhÃ²ng mÃ¬nh náº±m á»Ÿ khu xa láº¯c xa lÆ¡, tuá»‘t trÃªn láº§u 2 khÃ³ kiáº¿m, mÃ  nhÃ¢n viÃªn cÅ©ng chá»§ dáº«n Ä‘áº¿n dÆ°á»›i trá»‡t thoy, Ä‘á»ƒ tá»± khiÃªng vali lÃªn luÃ´nğŸ˜‚ğŸ˜‚ phÃ²ng thÃ¬ hÆ¡i cÅ©, rá»™ng rÃ£i nhÆ°ng khÃ´ng okay láº¯m. Náº¿u kÃªu chuáº©n 4sao thÃ¬ hk xá»©ng Ä‘Ã¡ng láº¯m"
"HÃ´m mÃ¬nh Ä‘i Quy NhÆ¡n cÃ³ ghÃ© resort nÃ y á»Ÿ. PhÃ²ng Ä‘áº¹p, tiá»‡n nghi, sÃ n gá»—. PhÃ²ng táº¯m rá»™ng, cÃ³ bá»“n. KhÃ¡ hÃ i lÃ²ng vá»›i sá»± tiá»‡n nghi cÅ©ng nhÆ° sá»± chu Ä‘Ã¡o cá»§a nhÃ¢n viÃªn"
"HÃ´m bá»¯a ra Quy NhÆ¡n chÆ¡i á»Ÿ trong nÃ y, vá»›i mÃ¡c resort 4 sao thÃ¬ cháº¥t lÆ°á»£ng vÃ  dá»‹ch vá»¥ ko xá»©ng Ä‘Ã¡ng, phÃ²ng thÃ¬ hÆ¡i cÅ©, gá»i lá»… tÃ¢n Ä‘á»ƒ mua thá»©c Äƒn thÃ¬ má»›i 11h khuya Ä‘Ã£ nÃ³i ko cÃ²n phá»¥c vá»¥. Cáº£nh xung quoanh thÃ¬ hÆ¡i nháº¿ch nhÃ¡c Ã¢m u. Ko hÃ i lÃ²ng láº¯m"
"Vá» khÃ´ng gian vÃ  khung cáº£nh cá»§a khÃ¡ch sáº¡n thÃ¬ nÃ³i chung lÃ  cháº¥p nháº­n Ä‘Æ°á»£c. Thá»© nháº¥t lÃ  do gáº§n trung tÃ¢m thÃ nh phá»‘ vÃ  trÆ°á»›c cá»•ng cÅ©ng cÃ³ nhiá»u hÃ ng quÃ¡n Äƒn Ä‘Æ°á»£c. KhÃ¡ch sáº¡n cÅ©ng cÃ³ nhiá»u cÃ¢y xanh thoÃ¡ng mÃ¡t. Äá»“ Äƒn sÃ¡ng nÃ³i chung cÅ©ng táº¡m Ä‘Æ°á»£c náº¿u khÃ´ng quÃ¡ khÄƒt khe. Tuy nhiÃªn vá» cháº¥t lÆ°á»£ng dá»‹ch vá»¥ thÃ¬ khÃ¡ tá»‡, cÃ¡c phÃ²ng quÃ¡ xa nhau vÃ  khÃ´ng cÃ³ báº£n hÆ°á»›ng dáº«n nÃªn tÃ¬m phÃ²ng khÃ¡ khÃ³ khÄƒn. PhÃ²ng mÃ¬nh thÃ¬ khÃ´ng bá»‹ há»ng hÃ³c gÃ¬ nhÆ°ng thiáº¿u máº¥t cÃ¡i bÃ n gá»—, gá»i há»i thÃ¬ nhÃ¢n viÃªn báº£o Ä‘ang sá»­a, xong sáº½ bÃ¡o mÃ  chá» hoÃ i khÃ´ng tháº¥y Ä‘Ã¢u, nhÆ°ng váº«n Ä‘á»¡ hÆ¡n máº¥y phÃ²ng bÃªn cáº¡nh cÃ³ phÃ²ng hÆ° á»• khÃ³a, cÃ³ phÃ²ng hÆ° cáº£ toilet. khÃ´ng biáº¿t khÃ¡ch sáº¡n cÃ³ cho ngÆ°á»i báº£o trÃ¬ thÆ°á»ng xuyÃªn khÃ´ng. Má»i ngÆ°á»i tá»‘t nháº¥t nÃªn kiá»ƒm tra kÄ© khi Ä‘áº·t phÃ²ng á»Ÿ khÃ¡ch sáº¡n nÃ y,"
"Láº§n trÆ°á»›c mÃ¬nh cÃ¹ng cÃ´ng ty Ä‘i team building Ä‘Ã£ nghá»‰ ngÆ¡i á»Ÿ resort nÃ y. Ráº»sort cÃ³ view sÃ¡t biá»ƒn, khÃ´ng gian rá»™ng rÃ£i vÃ  nhiá»u cÃ¢y xanh mÃ¡t máº», thoÃ¡ng. Chia ra nhiá»u khu má»—i khu cÃ¡ch nhau khÃ¡ xa. Náº¿u ban Ä‘Ãªm tá»«ng khu Ä‘i láº¡i hÆ¡i sá»£, vÃ¬ Ä‘Ã¨n má» áº£o, váº¯ng váº». Thang mÃ¡y xuá»‘ng cáº¥p quÃ¡, Ä‘i lÃªn tá»«ng táº§ng lÃ¢u mÃ  cÃ³ Ã¢m thanh láº¡. BÃ£i biá»ƒn khu nÃ y sáº¡ch sáº½. PhÃ²ng cÅ©ng bÃ¬nh thÆ°á»ng. LÃºc nháº­n phÃ²ng phÃ¢n chia Ä‘á»£i khÃ¡ lÃ¢u. Buffet Äƒn sÃ¡ng quÃ¡ tá»‡ luÃ´n. Äá»“ Äƒn cÃ³ vÃ i mÃ³n ngÃ y nÃ o cÅ©ng váº­y khÃ´ng biáº¿t pháº£i Äƒn gÃ¬."
"KhÃ´ng Ä‘áº¹p nhÆ° hÃ¬nh quáº£ng cÃ¡o, Ä‘áº¿n nÆ¡i tháº­t sá»± tháº¥t vá»ng.KhuÃ´n viÃªn resort rá»™ng vá»›i nhiá»u cÃ¢y xanh ráº¥t Ä‘áº¹p. Tháº¿ nhÆ°ng:- KhÃ´ng cÃ³ báº£ng chá»‰ Ä‘Æ°á»ng vÃ o cÃ¡c phÃ²ng, nháº­n chÃ¬a khÃ³a xong lÆ¡ ngÆ¡ tá»± Ä‘i tÃ¬m lÃ²ng vÃ²ng.- Cá»­a phÃ²ng thÃ¬ há»ng khÃ´ng chá»‘t Ä‘Æ°á»£c- Bá»“n vá»‡ sinh hÆ° nÃºt, ngháº¹t khÃ´ng dÃ¹ng Ä‘Æ°á»£c -> gá»i Ä‘iá»‡n thoáº¡i bÃ¡o tÃ¬nh tráº¡ng vá»›i quáº£n lÃ½ thÃ¬ dáº¡ dáº¡ nhÆ°ng tÃ¬nh tráº¡ng khÃ´ng cáº£i thiá»‡n, cÅ©ng ko Ä‘á»•i phÃ²ng- Gháº¿ bÃªn ngoÃ i thiáº¿u bÃ n- Há»“ bÆ¡i ráº¥t nhá», khÃ´ng to-sáº¡ch-Ä‘áº¹p nhÆ° hÃ¬nh chá»¥p- MÃ¡y láº¡nh thÃ¬ á»“nNáº¿u lÃ  hotel 2 sao mÃ¬nh cÃ³ thá»ƒ cháº¥p nháº­n táº¥t cáº£ tÃ¬nh tráº¡ng trÃªn. NhÆ°ng vá»›i tiÃªu chuáº©n 4 sao thÃ¬ mÃ¬nh khÃ´ng cháº¥p nháº­n Ä‘Æ°á»£c."
"Resort ráº¥t rá»™ng vÃ  Ä‘áº¹p vÃ´ cÃ¹ng, nhiá»u khu phÃ²ng riÃªng ráº¥t sáº¡ch sáº½. BÃ£i biá»ƒn sáº¡ch. ThÃ­ch há»£p cho cáº·p Ä‘Ã´i hoáº·c gia Ä‘Ã¬nh nghá»‰ dÆ°á»¡ng dÃ i ngÃ y nha ahihi.Tuy nhiÃªn cháº¥t lÆ°á»£ng phÃ²ng hÆ¡i hÃªn xui, phÃ²ng mÃ¬nh bá»‹ hÆ° cÃ¡i bá»“n táº¯m :("
"HÃ¨ nÃ y cÃ´ng ti tá»• chá»©c cho nhÃ¢n viÃªn Ä‘i chÆ¡i á»Ÿ Quy NhÆ¡n, mÃ¬nh má»›i Ä‘áº¿n Ä‘áº¥t vÃµ láº§n Ä‘áº§u luÃ´n. PhÃ²ng nghá»‰ á»Ÿ khu resort do cÃ´ng ti book nÃªn mÃ¬nh cÅ©ng khÃ´ng rÃµ giÃ¡ cáº£ tháº¿ nÃ o, chá»‰ biáº¿t chá»— nÃ y thuá»™c loáº¡i resort 4 sao. áº¤n tÆ°á»£ng xáº¥u nháº¥t cá»§a mÃ¬nh lÃ  lÃºc nháº­n phÃ²ng, ná»n nhÃ  bá»¥i bÃ¡m kinh khá»§ng, buá»™c pháº£i Ä‘i dÃ©p, cÃ²n láº¡i cÃ¡i tiá»‡n Ã­ch Ä‘áº§y Ä‘á»§, káº¿t máº¥y chai sá»¯a táº¯m cute. NhÃ¢n viÃªn tá»›i táº­n phÃ²ng hÆ°á»›ng dáº«n khÃ¡ tá»‰ má»‰. Cá»¡ 6 giá» pháº£i Ä‘Ã³ng cá»­a chá»‘ng muá»—i rá»“i. CÃ¡c dá»‹ch vá»¥ Ä‘i kÃ¨m cá»§a resort nhÆ° buffet, cÆ¡m trÆ°a khÃ´ng cÃ³ gÃ¬ bÃ n cÃ£i."
"Láº§n Ä‘áº§u tiÃªn Ä‘áº·t chÃ¢n tá»›i Ä‘áº¥t vÃµ BÃ¬nh Äá»‹nh cÅ©ng lÃ  dá»‹p teambuilding cÃ¹ng cÃ´ng ty. Sau cÆ¡ sá»‘ thá»i gian di chuyá»ƒn tá»« tÃ u há»a cho tá»›i xe khÃ¡ch, mÃ¬nh cÅ©ng tá»›i khu resort nÃ y. KhÃ´ng gian sÃ¢n vÆ°á»n xanh mÃ¡t lÃ  má»™t Ä‘iá»ƒm cá»™ng nho nhá» giá»¯a tiáº¿t trá»i náº¯ng chÃ¡y da miá»n Trung. LÃ  khu resort 4 sao, nÃªn cÃ¡c tiá»‡n nghi phÃ²ng á»‘c Ä‘á»‘i vá»›i mÃ¬nh cÅ©ng bÃ¬nh thÆ°á»ng. PhÃ²ng cÃ³ ban cÃ´ng hÃ³ng giÃ³, cá»±c á»•n Ä‘á»ƒ sá»‘ng áº£o. SÃ¡ng thÃ¬ cÃ³ buffet, trÆ°a cÃ³ cÆ¡m ráº¥t ngon miá»‡ng. PhÃ­a sau khu nÃ y gáº§n bÃ£i táº¯m HoÃ ng Háº­u vÃ  Ghá»nh RÃ¡ng, náº¿u khÃ´ng quÃ¡ khÃ³ tÃ­nh thÃ¬ nghá»‰ dÆ°á»¡ng á»Ÿ Ä‘Ã¢y cÅ©ng á»•n!"
"Resort nÃ y cÃ³ 4 ngÃ´i sao ráº¥t Ä‘áº¹p á»Ÿ báº£ng tÃªn nhÆ°ng dá»‹ch vu vÃ  phá»¥c vá»¥ khÃ´ng tÆ°Æ¡ng xá»©ng vá»›i danh nghÄ©a 4 sao. KhÃ´ng gian resort ráº¥t rá»™ng nhÆ°ng báº£ng chá»‰ Ä‘Æ°á»ng khÃ´ng rÃµ rÃ ng láº¯m, nhiá»u chá»— cÃ²n cáº¯m biá»ƒn chá»‰ sai Ä‘Æ°á»ng vá» phÃ²ng cá»§a khÃ¡ch. PhÃ²ng á»‘c thÃ¬ hÆ° cá»­a, khÃ¡ch vÃ o á»Ÿ rá»“i mÃ  thá»£ cÃ²n ngá»“i loay hoay sá»­a khÃ³a. Ä‘iá»‡n thoáº¡i bÃ n trong phÃ²ng thÃ¬ khÃ´ng sá»­ dá»¥ng Ä‘Æ°á»£c. Báº¡n mÃ¬nh cÃ³ Ä‘á»ƒ quÃªn cá»¥c sáº¡c Ä‘iá»‡n thoáº¡i Samsung Galaxy S8+ trong phÃ²ng, khi vá» Saigon nhá»› ra vÃ  gá»i lÃªn há»i resort thÃ¬ chá»‰ nháº­n Ä‘Æ°á»£c cÃ¢u tráº£ lá»i há»©a háº¹n lÃ  sáº½ liÃªn láº¡c láº¡i sau, yÃªu cáº§u khÃ¡ch Ä‘á»ƒ láº¡i sá»‘ phone. Báº¡n mÃ¬nh chá» lÃ¢u khÃ´ng tháº¥y gá»i láº¡i thÃ¬ alo há»i tiáº¿p nhÆ°ng káº¿t quáº£ váº«n y chang láº§n trÆ°á»›c."
"Vá»«a rá»“i cÃ´ng ty mÃ¬nh cÃ³ team building nghÄ© á»Ÿ Ä‘Ã¢y 3 ngÃ y 2 Ä‘Ãªm. Theo cáº£m nháº­n cá»§a mÃ¬nh thÃ¬ khÃ´ng happy láº¯m. MÃ¬nh á»Ÿ phÃ²ng 3 nhÆ°ng thá»±c cháº¥t lÃ  phÃ²ng Ä‘Ã´i kÃª thÃªm giÆ°á»ng nÃªn má»i dá»¥ng cá»¥ trong phÃ²ng Ä‘á»u cung cáº¥p Ä‘Ã´i chá»‰ khi mÃ¬nh yÃªu cáº§u má»›i thÃªm 1 Ä‘Ã´i dÃ©p vÃ  khÄƒn táº¥m cÃ²n láº¡i khÃ´ng Ä‘Æ°á»£c. PhÃ²ng view biá»ƒn thÃ¬ mÃ¹a nÃ y mÃ¹a giÃ³ Nam mÃ  hÆ°á»›ng biá»ƒn lÃ  hÆ°á»›ng ÄÃ´ng Báº¯c nÃªn khÃ´ng cÃ³ chÃºt giÃ³ biá»ƒn nÃ o háº¿t tá»‘i láº¡i nhiá»u cÃ´n trÃ¹ng nÃªn pháº£i Ä‘Ã³ng cá»­a báº­t mÃ¡y láº¡nh. Theo report cá»§a team thÃ¬ cÃ³ phÃ²ng hÆ° cá»­a, toilet mÃ  láº¡i trÃºng phÃ²ng ná»¯ má»›i khá»•. Ä‚n sÃ¡ng á»Ÿ khÃ¡ch sáº¡n luÃ´n nhÆ°ng menu Ã­t thay Ä‘á»•i mÃ³n nÃªn ngÃ y thá»© 2 lÃ  ngÃ¡n khÃ´ng muá»‘n Äƒn. NÃ³i chung dá»‹ch vá»¥ cá»§a khÃ¡ch sáº¡n cáº§n cáº£i thiá»‡n nhiá»u náº¿u muá»‘n thu hÃºt vÃ  giá»¯ khÃ¡ch"
"á» Ä‘Ã¢y 2 ngÃ y, 2 Ä‘Ãªm, phÃ²ng view biá»ƒn khÃ¡ Ä‘áº¹p. Trong phÃ²ng Ä‘áº§y Ä‘á»§ tiá»‡n nghi, má»—i tá»™i chÄƒn má»n cÃ³ mÃ¹i cÅ©, nÃªn tháº¥y ghÃª ghÃª. NhÃ  hÃ ng Ä‘á»“ Äƒn khÃ¡ á»•n, phá»¥c vá»¥ vui váº», nhiá»‡t tÃ¬nh. CÃ³ buffet sÃ¡ng free, Ä‘á»“ cÅ©ng Ä‘a dáº¡ng."
"á» Ä‘Ã¢y 4 ngÃ y 3 Ä‘Ãªm, phÃ²ng Ä‘Ã´i, hÆ°á»›ng vÆ°á»n, bÃªn hÃ´ng nhÃ¬n ra Ä‘Æ°á»£c 1 gÃ³c biá»ƒn. KhÃ´ng biáº¿t cÃ¡c khu phÃ²ng khÃ¡c tháº¿ nÃ o chá»© mÃ¬nh á»Ÿ táº§ng 3 khu C mÃ  má»—i láº§n Ä‘i thang mÃ¡y lÃªn cá»­a thang mÃ¡y má»Ÿ ra Ä‘Ã³ng vÃ o háº¿t há»“n, nhÆ° má»™t Ä‘á»‘ng sáº¯t vá»¥n áº¥y.PhÃ²ng mÃ¬nh á»Ÿ cÅ©ng táº¡m Ä‘Æ°á»£c, sáº¡ch sáº½, Ä‘áº§y Ä‘á»§ cÃ¡c tiá»‡n nghi cáº§n thiáº¿t. Tuy nhiÃªn vÃ¬ á»Ÿ gáº§n vÆ°á»n nÃªn lÃºc nÃ o ra ban cÃ´ng hÃ³ng giÃ³ ko Ä‘á»ƒ Ã½ Ä‘Ã³ng cá»­a thÃ¬ y nhÆ° ráº±ng muá»—i láº¡i vo ve cáº£ Ä‘Ãªm , MÃ¬nh Äƒn sÃ¡ng buffet 2 bá»¯a á»Ÿ Ä‘Ã¢y thÃ¬ bá»¯a Ä‘áº§u gáº·p ngay cÃ¡i bÃ¡nh mÃ¬ má»‘c, bá»¯a thá»© 2 thÃ¬ cÃ¡c mÃ³n y xÃ¬ z, nÃ³i chung khÃ´ng cÃ³ gÃ¬ Ä‘áº·c sáº¯c.KhÃ´ng gian cÅ©ng rá»™ng nhÆ°ng mÃ  khÃ´ng Ä‘Æ°á»£c thoÃ¡ng láº¯m, cÃ²n Ã­t dá»‹ch vá»¥, khÃ´ng cÃ³ phÃ²ng táº­p vÃ  phÃ²ng á»‘c thÃ¬ cÅ©ng cÅ© rá»“i.BÃ£i táº¯m cá»§a resort gáº§n á»‘ng thoÃ¡t nÆ°á»›c thÃ¬ pháº£i nÃªn mÃ© bÃªn pháº£i hÆ¡i mÃ¹i. BÃ£i cÃ¡t rá»™ng nhÆ°ng khÃ´ng cÃ³ gháº¿ hay mÃ¡i che Ä‘á»ƒ ngá»“i gÃ¬ cáº£."
"NgÆ°á»i yÃªu dáº¯t Ä‘i cafe sÃ¡ng sau khi Äƒn sÃ¡ng xong trong lÃºc chá» tráº£ phÃ²ng vá» láº¡i SG. Cafe á»Ÿ Ä‘Ã¢y mÃ¡t máº» vÃ  rá»™ng rÃ£i, chá»— giá»¯ xe thoÃ¡ng Ä‘Ã£ng. BÃªn cáº¡nh lÃ  há»“ bÆ¡i tráº» em Ä‘ang táº¯m khÃ¡ nhá»™n nhá»‹p ná»¯a. Menu cá»§a quÃ¡n dá»‹p Lá»… khÃ´ng Ä‘áº¯t láº¯m, 2 ly chÆ°a Ä‘áº¿n 60k dÃ¹ cÃ¡ch pha cháº¿ hÆ¡i bá»‹ láº¡: lipton sá»¯a cÃ³ cáº£ cam tháº£o y chang uá»‘ng trÃ  sá»¯a thuá»‘c báº¯c váº­y lá» lá»£ ngá»t ngá»t. MÃ¬nh khÃ´ng uá»‘ng Ä‘Æ°á»£c nÃªn Ä‘á»•i Ã©p á»•i vá»›i ngÆ°á»i yÃªu. KhÃ´ng gian quÃ¡n thoáº£i mÃ¡i, nhÃ¢n viÃªn lÃªn mÃ³n nhanh, bÃ n gháº¿ ngá»“i khÃ´ng thoáº£i mÃ¡i láº¯m."
"TrÆ°á»›c Ä‘Ã¢y mÃ¬nh cÃ³ á»Ÿ khÃ¡ch sáº¡n chá»— nÃ y rá»“i nhÆ°ng láº¡i chÆ°a uá»‘ng cafe á»Ÿ Ä‘Ã¢y bao giá». Äiá»ƒm cá»™ng lÃ  khÃ´ng gian ráº¥t rá»™ng, thoÃ¡ng mÃ¡t, lá»‹ch sá»±, view nhÃ¬n ra biá»ƒn nÃªn ráº¥t Ä‘áº¹p. NgoÃ i ra sÃ¡t bÃªn cÃ²n cÃ³ há»“ bÆ¡i ná»¯a. NÆ°á»›c uá»‘ng á»Ÿ Ä‘Ã¢y thÃ¬ cÅ©ng bÃ¬nh thÆ°á»ng, khÃ´ng cÃ³ gÃ¬ Ä‘áº·c biá»‡t. MÃ¬nh gá»i sinh tá»‘ dá»«a thÃ¬ tháº¥y cho nhiá»u sá»¯a quÃ¡ nÃªn bá»‹ loÃ£ng, uá»‘ng bá»‹ ngÃ¡n vÃ  khÃ´ng ngon. ÄÆ°á»£c cÃ¡i yoghurt trÃ¡i cÃ¢y, ngon mÃ  láº¡i nhiá»u trÃ¡i cÃ¢y tÆ°Æ¡i ná»¯a. GiÃ¡ cáº£ cÅ©ng há»£p lÃ½. NÃ³i chung lÃ  sáº½ quay láº¡i."
"KhÃ´ng gian rá»™ng lá»›n ngay sÃ¡t bá» biá»ƒn, tiá»‡n lá»‘i lÃªn HÃ n Máº·c Tá»­ vs bÃ£i táº¯m HoÃ ng Háº­u. Ngay cáº¡nh cafe cÃ³ má»™t cÃ¡i há»“ bÆ¡i nhá», xung quanh cÃ¢y cá»‘i nhiá»u nÃªn mÃ¡t máº». CÃ³ cáº£ bÃ n ven há»“ view biá»ƒn rá»™ng dÃ nh cho ai ko sá»£ náº¯ng :-)). Menu Ä‘á»“ Äƒn sÃ¡ng ko nhiá»u, cÃ³ 3-4 mÃ³n gÃ¬ Ä‘Ã³ thui vÃ  mÃ¬nh Ä‘Ã£ kÃªu 3 mÃ³n trong Ä‘Ã³. CÅ©ng ko Ä‘áº¯t, Äƒn khÃ¡ ngon, cÃ¡i mÃ³n bÃ² sá»‘t mÃ¬nh Äƒn nÃ³ má»m, thÆ¡m vÃ  ráº¥t ngáº­y. Chá»— nÃ y á»Ÿ khÃ¡ thÃ­ch vÃ¬ nÃ³ ko á»“n Ã o, phÃ²ng á»‘c rá»™ng rÃ£i vÃ  khÃ¡ Ä‘áº¹p. ThÃ­ch cÃ¡i thÃ nh phá»‘ nÃ y cÅ©ng bá»Ÿi nhá»‹p sá»‘ng nÃ³ ko á»“n Ã o, chi phÃ­ khÃ¡ ráº» so vs nhiá»u thÃ nh phá»‘ khÃ¡c."
"VÃ o khu mua vÃ©, cháº¡y vÃ²ng vÃ¨o lÃªn nÃºi, rá»“i Ä‘áº¿n tráº¡m dá»«ng & gá»Ÿi xe,sau Ä‘Ã³ cÃ³ xe 26 chá»— chá»Ÿ xuá»‘ng bÃ£i biá»ƒn,lá»‘i Ä‘i ngoáº±n ngÃ¨o nguy hiá»ƒm.ngá»“i trÃªn xe hÆ¡i mÃ  thÃ³t tim , Ä‘i xe hÆ¡i k dá»«ng trÃªn Ä‘á»‰nh Ä‘á»ƒ chá»¥p áº£nh Ä‘Æ°á»£c, Ä‘i xe mÃ¡y dá»… dá»«ng hÆ¡n. xuá»‘ng bÃ£i biá»ƒn thÃ¬ cÃ³ dá»‹ch vá»¥ gháº¿ trong chÃ²i taa65p thá»ƒ thÃ¬ 30k,cÃ²n chÃ²i 2 gháº¿ ngoÃ i bÃ£i gáº§n bá» biá»ƒn thÃ¬ 300k, khu nÃ y k cho mang Ä‘á»“ Äƒn vÃ o.muá»‘n láº·n biá»ƒn thÃ¬ thÃªm dá»‹ch vá»¥ tÃ u chá»Ÿ ra Ä‘áº£o ná»¯a"
"MÃ¬nh Ä‘áº¿n Ká»³ Co vÃ  Ä‘áº·t tour Anh Kháº£i. Trá»n gÃ³i 350k 1 ngÆ°á»i. Pháº£i nÃ³i lÃ  anh ráº¥t nhiá»‡t tÃ¬nh chu Ä‘Ã¡o. Äi cano ra bÃ£i ká»³ co chá»¥p áº£nh táº¯m biá»ƒn rá»“i láº¡i chá»Ÿ Ä‘i Láº·n san hÃ´ vá» rá»“i Äƒn trÆ°a. 2 ngÆ°á»i thÃ´i mÃ  láº¡i dá»n nguyÃªn cáº£ bÃ n tÃ¹m lum mÃ³n mÃ  mÃ³n nÃ o cÅ©ng ngon, Äƒn xong láº¡i cÃ³ trÃ¡i cÃ¢y trÃ¡ng miá»‡ng. Cá»±c kÃ¬ thÃ­ch. ğŸ¤© Sá»‘ Ä‘iá»‡n thoáº¡i anh kháº£i cho ai chÆ°a cÃ³ nÆ¡i tin cáº­y Ä‘á»ƒ Ä‘áº·t tour Ä‘Ã¢y áº¡.0918389417 Cáº£ anh vÃ  chá»‹ Ä‘á»u vui tÃ­nh nhiá»‡t tÃ¬nh. Buá»•i sÃ¡ng Ä‘áº¿n nhÆ¡n lÃ½ cáº¥t xe vÃ  trÆ°a lÃ  vá» láº¡i quÃ¡n cá»§a anh lÃ  ThiÃªn Ä‘Æ°á»ng cá»§a biá»ƒn."
"HÃ´m mÃ¬nh Ä‘i hÆ¡i tá»‘i trá»i, biá»ƒn ráº¥t xanh vÃ  sáº¡ch, giÃ¡ vÃ© ngÆ°á»i lá»›n lÃ  60k, cÃ³ má»—i cÃ¢y cáº§u sá»‘ng áº£p mÃ  quÃ¡ lÃ  Ä‘Ã´ng hihi, tour mÃ¬nh Ä‘i 300k cá»§a nhÃ  hÃ ng Ngá»c Linh (chÆ°a bao gá»“m vÃ© vÃ o) bao Äƒn háº£i sáº£n ngáº­p máº·t vÃ  láº·n ngáº¯m san hÃ´ ná»¯a, free xe Ä‘iá»‡n chá»Ÿ qua eo giÃ³ chÆ¡i, qua chá»— láº·n khÃ¡ thÃ­ch, ngáº¯m phá»‰ phÃª tá»›i khi nÃ o chÃ¡n má»›i thÃ´i, chá»‰ chÃ¡n cÃ¡i lÃ  khÃ´ng ai hÆ°á»›ng dáº«n gÃ¬ cáº£, tháº£ khÃ¡ch xuá»‘ng Æ°ng lÃ m gÃ¬ lÃ m, tá»›i giá» thÃ¬ Ä‘Ã³n qua láº·n san hÃ´ thÃ´i,nÃ³i chung Ä‘Ã¡ng tráº£i nghiá»‡m ^^"
"ÄÃ¢y lÃ  bÃ£i biá»ƒn Ä‘áº¹p nháº¥t mÃ  tÃ´i Ä‘Ã£ tá»«ng Ä‘i.NÆ°á»›c biá»ƒn trong xanh,khÃ´ng khÃ­ trong lÃ nh,mÃ¡t máº».BÃ£i cÃ¡t cá»±c Ä‘áº¹p,áº¥m Ã¡p.Ca nÃ´ Ä‘i trÃªn biá»ƒn cá»±c kÃ¬ sÆ°á»›ng,Ä‘Ã£ luÃ´n. 2 ChÃº ca nÃ´ ráº¥t tá»‘t bá»¥ng,tÆ° váº¥n ráº¥t nhiá»u nÆ¡i cho tÃ´i,nhá»¯ng thÃ´ng tin Ä‘Ã³ giÃºp tÃ´i hiá»ƒu Ä‘Æ°á»£c thÃªm vá» Quy NhÆ¡n.Sau khi táº¯m biá»ƒn Ká»² Co xong thÃ¬ Ä‘i ca nÃ´ vá» láº¡i bÃªn kia Äƒn háº£i sáº£n ráº¥t ngon nhÆ°ng hÆ¡i máº¯c má»™t chÃºt.Biá»ƒn Ká»³ Co Ä‘áº¹p lÃ m sao!Ai muá»‘n Ä‘i biá»ƒn thÃ¬ khÃ´ng nÃªn bá» qua bÃ£i biá»ƒn Ká»³ Co nÃ y."
QuÃ¡ Ä‘áº¹p luÃ´nChÃº lÃ¡i ca nÃ´ ráº¥t thÃ¢n thiá»‡n
An awesome beach. I love the view from the mountain.
"Nghe giá»›i thiá»‡u thiÃªn Ä‘Æ°á»ng biá»ƒn Ä‘áº£o nÃªn cÅ©ng ham há»‘ Ä‘i, ngay Ä‘á»£t cÃ´ng ty tá»• chá»©c Ä‘i chÆ¡i luÃ´n, háº¿t sáº©y con bÃ  báº£y. TrÆ°á»›c tiÃªn mÃ¬nh sáº½ Ä‘Æ°á»£c cho lÃªn cano ra biá»ƒn, tour nÃ o á»Ÿ Ä‘Ã¢y cÅ©ng trang bá»‹ Ã¡o phao Ä‘Ã ng hoÃ ng nÃªn yÃªn tÃ¢m rá»“i. Cano lÆ°á»›t sÃ³ng vÃ¨o vÃ¨o, cháº¡y qua máº¥y chá»— vÃ¡ch nÃºi, nhÃ¬n nÆ°á»›c biá»ƒn trong xanh lÃ  tháº¥y thÃ­ch rá»“i Ä‘Ã³. Äi táº§m 10-15 phÃºt gÃ¬ lÃ  ra tá»›i nÆ¡i rá»“i, nhanh láº¯m. KhÃ´ng há»• danh thiÃªn Ä‘Æ°á»ng, biá»ƒn trong mÃ  sáº¡ch kinh khá»§ng, cháº¯c do dá»‹ch vá»¥ du lá»‹ch cÅ©ng chÆ°a phÃ¡t triá»ƒn láº¯m nÃªn váº«n giá»¯ Ä‘Æ°á»£c nÃ©t hoang sÆ¡ nhÆ° váº­y. MÃ  hÃ¬nh nhÆ° biá»ƒn Ä‘Ã¢y máº·n hÆ¡n chá»— khÃ¡c hay sao mÃ  ai cÅ©ng than háº¿t, thÃ´i miá»…n Ä‘áº¹p lÃ  Ä‘Æ°á»£c rá»“i. MÃ¬nh Ä‘i tour nÃªn táº¯m biá»ƒn xong lÃ  vÃ o láº¡i Ä‘áº¥t liá»n Äƒn trÆ°a, á»Ÿ Ä‘Ã¢y háº£i sáº£n tÆ°Æ¡i mÃ  ngon láº¯m nhÃ©."
"BÃ£i Ká»³ Co nÃ y cÃ¡ch TP.Quy NhÆ¡n khoáº£ng 25km nÃ¨... cÅ©ng Ä‘áº¹p láº¯m nha. NÆ°á»›c trong xanh, sáº¡ch sáº½.váº» Ä‘áº¹p cá»§a sá»± hoang sÆ¡, cÃ³ hang Ä‘á»™ng nÃ¨á» Ä‘Ã¢y cÅ©ng cÃ³ háº£i sáº£n tÆ°Æ¡i ngon láº¯m nhÃ©... thá»­ má»™t láº§n trÃ£i nghiá»‡m cÃ¡c hoáº¡t Ä‘Ã´ng á»Ÿ Ä‘Ã¢y nha. Tháº£ ga chá»¥p choáº¹t view Ä‘áº¹p tha há»“ check-in ""sá»‘ng áº£o"" nha. hihiihChá»‰ 330k báº¡n Ä‘Ã£ cÃ³ 1 tour bao gá»“m cano ra Ä‘áº£o, Ã¡o phao, láº·n ngáº¯m san hÃ´ vÃ  bá»­a Äƒn gá»“m 7 mÃ³n.mÃ¹ hÃ¨ Ä‘i lÃ  thÃ­ch nháº¥t Ä‘áº¥y, thá»­ cáº£m giÃ¡c táº¯m dÆ°á»›i nÆ°á»›c trong xanh táº­n Ä‘Ã¡y biá»ƒn Ä‘i, Ä‘Ã£ láº¯m Ä‘Ã³...Xung quanh Ä‘Ã¢y cÅ©ng cÃ³ nhiá»u khÃ¡ch sáº¡n thuáº­n tiá»‡n cho viá»‡c nghá»‰ ngÆ¡i láº¯m...."
"NhÃ¬n nhá»¯ng táº¥m áº£nh cá»§a tripnow táº¡i Ká»³ Co, lÃ m tÃ´i nhá»› Ä‘áº¿n chuyáº¿n du lá»‹ch Ä‘áº§u tiÃªn cá»§a tÃ´i trÃªn Ä‘áº¥t vÃµ BÃ¬nh Äá»‹nh, má»™t chuyáº¿n Ä‘i Ä‘áº·c biá»‡t khi pháº£i há»™ tá»‘ng Ä‘á»©a báº¡n thÃ¢n tá»« thá»i tháº­p cá»• lai hy vá» ra máº¯t gia Ä‘Ã¬nh ngÆ°á»i yÃªu. KhÃ´ng thá»ƒ diá»…n táº£ báº±ng lá»i, má»i cáº£m xÃºc lÃºc áº¥y váº«n nhÆ° cÃ²n nguyÃªn váº¹n. Má»i thá»© Ä‘á»‘i vá»›i tÃ´i nhÆ° má»™t sá»± vá»¡ Ã²a cá»§a niá»m vui, Ä‘Ã³ lÃ  niá»m vui cá»§a nhá»¯ng Ä‘á»©a tráº» Ä‘Æ°á»£c Ä‘i chÆ¡i Ä‘Ã¢y Ä‘Ã³ vá»›i chÃºng báº¡n cÃ¹ng trang lá»©a, lÃ  niá»m vui cá»§a cÃ¡i tÃ¬nh cÃ¡i nghÄ©a mÃ  con ngÆ°á»i nÆ¡i Ä‘Ã¢y Ä‘Ã£ Ä‘á»‘i Ä‘Ã£i vá»›i tÃ´i. NgÆ°á»i dÃ¢n á»Ÿ Ä‘Ã¢y thÃ¢n thiá»‡n láº¯m má»i ngÆ°á»i Æ¡i, há» sáºµn sÃ ng hÆ°á»›ng dáº«n chá»‰ Ä‘Æ°á»ng, giÃºp Ä‘á»¡ mÃ  khÃ´ng há» cÃ¢u ná»‡ báº¥t cá»© vÃ¢n Ä‘á» gÃ¬ khi báº¡n gáº·p khÃ³ khÄƒn, máº·c dÃ¹ chÃºng tÃ´i cÅ©ng chá»‰ lÃ  nhá»¯ng ngÆ°á»i dÃ¢n nÆ°á»›c lÃ£, tiá»‡n Ä‘Æ°á»ng ghÃ© qua. Náº¿u nÃ³i vá» cÃ¡i Ä‘Æ°á»£c thÃ¬ khÃ´ng thá»ƒ nÃ o ká»ƒ háº¿t vá» con ngÆ°á»i vÃ  cáº£nh váº­t nÆ¡i Ä‘Ã¢y, cÃ³ láº½ do váº«n Ä‘ang trong quÃ¡ trÃ¬nhÄ‘áº§u tÆ° vÃ  phÃ¡t triá»ƒn, trong Ä‘Ã³ cÃ³ du lá»‹ch, nÃªn dá»‹ch vá»¥ vÃ  cÃ¡c Ä‘iá»u kiá»‡n cÆ¡ sá»Ÿ háº¡ táº§ng nÆ¡i Ä‘Ã¢y váº«n chÆ°a Ä‘Æ°á»£c hoÃ n thiá»‡n.Song cÅ©ng chÃ­nh vÃ¬ Ä‘iá»u nÃ y mÃ  bá»™ sÆ°u táº­p cáº£nh quan thiÃªn nhiÃªn váº«n cÃ²n giá»¯ Ä‘Æ°á»£c váº» Ä‘áº¹p hoang sÆ¡, chÃ¢n phÆ°Æ¡ng, má»™c máº¡c vá»‘n cÃ³, tÆ°Æ¡ng lai khÃ´ng biáº¿t sáº½ nhÆ° tháº¿ nÃ o nhÆ°ng Ä‘á»‘i vá»›i tÃ´i hiá»‡n táº¡i cáº£nh quan du lá»‹ch cá»§a BÃ¬nh Äá»‹nh lÃ  vÃ´ cÃ¹ng hoÃ n háº£o, hoÃ n háº£o tá»« cÃ¡i nhÃ¬n cho Ä‘áº¿n sá»± trong lÃ nh, thoÃ¡ng Ä‘Ã£ng cá»§a khÃ´ng gian mÃ  máº¹ thiÃªn nhiÃªn Ä‘Ã£ ban táº·ng cho nÆ¡i Ä‘Ã¢y.Ká»³ Co, nÆ¡i tÃ´i tá»«ng Ä‘áº¿n lÃ  má»™t vÃ­ dá»¥, náº¿u nÃ³i vá» dá»‹ch vá»¥ thÃ¬ chá»‰ cÃ³ phÆ°Æ¡ng tiá»‡n Ä‘i láº¡i, cÃ²n Äƒn uá»‘ng hay ngá»§ nghá»‰ thÃ¬ duy nháº¥t chá»‰ cÃ³ nhá»¯ng cÃ¡i chÃ²i cá»n con, nhÆ°ng cÃ³ láº½ chÃ­nh nhá» Ä‘iá»u nÃ y mÃ  cÃ¡i Ä‘áº¹p, cÃ¡i sáº¡ch váº«n chÆ°a bá»‹ váº¥y báº©n bá»Ÿi bÃ n tay con ngÆ°á»i. NÆ°á»›c trong xanh, nhÃ¬n tháº¥y táº­n cáº£ Ä‘Ã¡y, nhÆ°ng cÃ³ má»™t cáº£nh bÃ¡o nhá», náº¿u ai khÃ´ng thÃ­ch nÆ°á»›c máº·n thÃ¬ khÃ´ng nÃªn ngÃ¢m mÃ¬nh dÆ°á»›i biá»ƒn, bá»Ÿi Ä‘á»™ máº·n á»Ÿ Ä‘Ã¢y theo tÃ´i cáº£m nháº­n lÃ  máº·n hÆ¡n ráº¥t nhiá»u so vá»›i nhá»¯ng vÃ¹ng biá»ƒn khÃ¡c, nhÆ°ng sáº½ lÃ  báº¥t thÆ°á»ng náº¿u báº¡n Ä‘i biá»ƒn mÃ  láº¡i khÃ´ng táº¯m biá»ƒn Ä‘Ãºng khÃ´ng? NÃ³i chung, náº¿u cÃ³ dá»‹p tÃ´i sáº½ quay trá»Ÿ láº¡i Ä‘Ã¢y má»™t láº§n ná»¯a cÃ¹ng nhá»¯ng ngÆ°á»i báº¡n thÃ¢n yÃªu cá»§a mÃ¬nh, cÃ²n tráº» mÃ  cá»© Ä‘i Ä‘i, chá»«ng nÃ o háº¿t Ä‘i Ä‘Æ°á»£c thÃ¬ mÃ¬nh nghá»‰ ngÆ¡i cÅ©ng chÆ°a muá»™n. hihi!"
"Äáº¹p mÃª hoáº·c lÃ  cá»¥m tá»« Ä‘áº§u tiÃªn mÃ¬nh nghÄ© Ä‘áº¿n khi nháº¯c vá» Ká»³ CoVá»«a rá»“i mÃ¬nh Ä‘Ã£ cÃ³ 1 ngÃ y khÃ³ quÃªn á»Ÿ Ä‘áº£o Ká»³ Co, vÃ¬ quÃ¡ hÃ i lÃ²ng nÃªn mÃ¬nh sáº½ review chi tiáº¿t Ä‘á»ƒ cÃ¡c báº¡n cÃ³ thá»ƒ tham kháº£o.- Äáº§u tiÃªn lÃ  vá» tour tuyáº¿n, Ä‘á»ƒ ra Ä‘áº£o thÃ¬ cáº§n pháº£i Ä‘i tÃ u cao tá»‘c táº§m 20 Ä‘áº¿n 30'. GiÃ¡ vÃ© tÃ u ra Ä‘áº£o náº±m trong giÃ¡ tour mua trÆ°á»›c rá»“i nÃªn cÃ¡c báº¡n Ä‘á»«ng lo nhÃ©. MÃ¬nh mua tour cá»§a dá»‹ch vá»¥ biá»ƒn XuÃ¢n Trung vÃ  vÃ´ cÃ¹ng hÃ i lÃ²ng nÃªn cÃ¡c báº¡n nÃ o chÆ°a tÃ¬m Ä‘Æ°á»£c tour thÃ­ch há»£p thÃ¬ cÃ³ thá»ƒ tham kháº£o dá»‹ch vá»¥ cá»§a nhÃ  nÃ y nha. - LÃªn tÃ u rá»“i thÃ¬ cÃ¡c báº¡n cÃ³ táº§m 20' Ä‘á»ƒ táº­n hÆ°á»Ÿng váº» Ä‘áº¹p tuyá»‡t má»¹ cá»§a thiÃªn nhiÃªn biá»ƒn Ä‘áº£o nÆ¡i nÃ y, quáº£ tháº­t tuyá»‡t vá»i, khÃ´ng cÃ³ tá»« nÃ o diá»…n táº£. NÆ°á»›c biá»ƒn xanh ngáº¯t, trá»i trong quang Ä‘Ã£ng, giÃ³ biá»ƒn mÃ¡t rÆ°á»£i, cÃ¡c má»m Ä‘Ã¡ chÄ©a ra biá»ƒn vs vÃ´ sá»‘ hÃ¬nh thÃ¹ Ä‘á»™c Ä‘Ã¡o.- Äáº¿n Ä‘áº£o thÃ¬ Ä‘iá»u Ä‘áº§u tiÃªn cÃ¡c báº¡n nháº­n ra lÃ  mÃ u nÆ°á»›c chuyá»ƒn sang xanh ngá»c bÃ­ch trong váº¯t, tháº¥y rÃµ tá»«ng háº¡t cÃ¡t dÆ°á»›i Ä‘Ã¡y, nÆ°á»›c nÃ´ng nhÆ°ng sÃ³ng máº¡nh nÃªn cÃ¡c báº¡n váº«n pháº£i chÃº Ã½. Äáº¿n Ä‘Ã¢y thÃ¬ Ä‘oÃ n sáº½ di chuyá»ƒn lÃªn cÃ¡c khu hang hÃ³c Ä‘Æ°á»£c tráº£i báº¡t sáºµn Ä‘á»ƒ chuáº©n bá»‹, Ä‘á»“ Ä‘áº¡c Ä‘á»ƒ á»Ÿ Ä‘áº¥y luÃ´n cÅ©ng Ä‘Æ°á»£c. - BÆ¡i táº§m 1 tiáº¿ng Ä‘áº¿n 1 tiáº¿ng rÆ°á»¡i thÃ¬ cáº£ Ä‘oÃ n láº¡i lÃªn tÃ u di chuyá»ƒn vá» bÃ£i san hÃ´ rá»™ng lá»›n. San hÃ´ Ä‘áº¹p náº±m sÃ¢u dÆ°á»›i Ä‘Ã¡y biá»ƒn, tuyá»‡t vá»i, á»Ÿ Ä‘Ã¢y chá»§ tour sáº½ phÃ¡t cho má»—i khÃ¡ch 1 kÃ­nh bÆ¡i Ä‘á»ƒ du khÃ¡ch cÃ³ thá»ƒ ngáº¯m san hÃ´, ai bÆ¡i Ä‘Æ°á»£c tá»± bÆ¡i tá»± ngáº¯m, ai k bÆ¡i Ä‘Æ°á»£c Ä‘Ã£ cÃ³ nhÃ¢n viÃªn há»— trá»£.  - Xong xuÃ´i cáº£ Ä‘oÃ n vá» Ä‘áº¥t liá»n Ä‘á»ƒ Äƒn trÆ°a, Ä‘áº¿n nÆ¡i tháº¥y bÃ n Ä‘Ã£ Ä‘c setup sáºµn, cÃ´ chá»§ Ä‘á»£i khÃ¡ch táº¯m trÃ¡ng rá»“i báº¯t Ä‘áº§u dá»n Ä‘á»“ Äƒn lÃªn. Äá»“ Äƒn trÆ°a bao no, bao ngon cÅ©ng bao gá»“m trong gÃ³i dá»‹ch vá»¥ tour rá»“i nhÃ©, Äƒn thoáº£i mÃ¡i k sá»£. CÃ¡c mÃ³n gá»“m má»±c, tÃ´m, cÃ¡ Äƒn kÃ¨m bÃ¡nh há»i, á»‘c Ä‘Ã¡, hÃ u nÆ°á»›ng má»¡ hÃ nh, chÃ¡o háº£i sáº£n toÃ n háº£i sáº£n Ã­t chÃ¡o :)) ngáº¥t ngÃ¢y. Äáº£m báº£o bÃªn ngoÃ i hÆ¡n 500k - Ä‚n xong mÃ¬nh tá»›i chá»— máº¯c vÃµng Ä‘Ã¡nh 1 giáº¥c ngáº¯n rá»“i má»i ngÆ°á»i trong Ä‘oÃ n gá»i dáº­y Ä‘i tham quan tiáº¿p, tiáº¿p lÃ  Ä‘i thÄƒm tÆ°á»£ng pháº­t 2 máº·t vÃ  eo giÃ³, cÃ¡i nÃ y cÅ©ng trong tour.>> Ä‘iá»u quan trá»ng nháº¥t lÃ  giÃ¡ tour ráº¥t ráº» 350k/ngÆ°á»i @@LÆ°u Ã½ lÃ  trÆ°á»›c khi Ä‘i thÃ¬ ngÃ y hÃ´m trÆ°á»›c nÃªn gá»i Ä‘iá»‡n book tour Ä‘á»ƒ cháº¯c h khá»Ÿi hÃ nh, nhÆ° mÃ¬nh bá»‹ trá»… chuyáº¿n 8h pháº£i Ä‘i 10h nÃªn hÆ¡i náº¯ng. ÄÆ°á»ng tá»« Quy NhÆ¡n Ä‘áº¿n NhÆ¡n LÃ½ táº§m 23km"
"BÃ£i biá»ƒn á»Ÿ Ä‘Ã¢y tháº­t trong, sáº¡ch vÃ  ráº¥t Ä‘áº¹p, nÃ³i ko ngoa chá»© nÃ³ Ä‘áº¹p hÆ¡n Hawai Ã½ :-P. Äáº·t gÃ³i Ä‘i Ká»³ Co vs giÃ¡ 300k/ng cÃ³ cáº£ Äƒn uá»‘ng trÃªn bÃ¨, láº·n biá»ƒn ngáº¯m san hÃ´. Äá»“ Äƒn tÆ°Æ¡i rÃ³i, bá»¯a Ä‘Ã³ cÃ³ á»‘c luá»™c, má»±c háº¥p, bÃ o ngÆ° nÆ°á»›ng má»¡ hÃ nh, cÃ¡ BÃ³p nÆ°á»›ng sa táº¿, chÃ¡o cÃ¡ bÃ³p, canh rong biá»ƒn, trÃ¡i cÃ¢y trÃ¡ng miá»‡ng. MÃ³n nÃ o cÅ©ng ngon háº¿t xáº£y, cháº¿ biáº¿n Ä‘Æ¡n giáº£n ngay trÃªn bÃ¨ thÃ´i mÃ  sao Äƒn nÃ³ ngon tháº¿, ngon hÆ¡n táº¥t cáº£ nhá»¯ng láº§n khÃ¡c Äƒn háº£i sáº£n Ã½, cháº¯c má»™t pháº§n vÃ¬ Ä‘Ã³i. Ä‚n xong no phÃ¨ phá»¡n, láº¡i nháº£y xuá»‘ng biá»ƒn ngáº¯m san hÃ´.Ä‘á»i ko cÃ²n gÃ¬ thÃº hÆ¡n Ä‘c ná»¯a."
"Ai Ä‘i Quy NhÆ¡n cÅ©ng báº£o mÃ¬nh khÃ´ng Ä‘i Ká»³ Co thÃ¬ á»Ÿ HÃ  Ná»™i luÃ´n cho xong nÃªn cÅ©ng tÃ² mÃ² kinh khá»§ng mÃ  pháº£i Ä‘i. Äáº¿n thÃ¬ cÅ©ng khÃ¡ báº¥t ngá». Biá»ƒn Ä‘áº¹p, nÆ°á»›c trong vÃ  cÃ²n ráº¥t hoang sÆ¡. Giá»¯a bÃ£i cÃ³ 1 cÃ¡i cáº§u tÃ u ráº¥t há»£p lÃªn chá»¥p áº£nh sá»‘ng áº£o )) bÃ£i á»Ÿ Ä‘Ã¢y chia lÃ m 2 chá»§ tháº§u. 1 nhÃ  tháº§u bÃ£i trong vÃ¡ch nÃºi cÃ²n 1 nhÃ  tháº§u bÃ£i biá»ƒn cÃ³ lÃ¡n che cÃ¡c thá»©. Má»—i bÃªn khÃ¡ch Ä‘i tÃ u xuá»“ng cano sáº½ xuá»‘ng 1 bÃªn riÃªng. Muá»‘n cÃ³ Ä‘á»“ Äƒn trÆ°a pháº£i Ä‘áº·t tá»« á»Ÿ eo giÃ³ má»›i Ä‘Æ°á»£c."
"MÃ¬nh sv,Ä‘i du lá»‹ch trÆ°á»›c khi chÃ­nh thá»©c Tháº¥t nghiá»‡p :))-Book vÃ© xe PhÆ°Æ¡ng Trang Sg-QN lÃºc 5 pm,Ä‘áº¿n nÆ¡i 5 am,mÆ°á»›n phÃ²ng vÃ  xe,Äƒn uá»‘ng nÃ y ná» r cháº¡y ra Ká»³ Co chÆ¡i-LÃºc Ä‘áº§u tÃ­nh lÃ  ghÃ© Big C mua Ä‘á»“ Äƒn trÆ°a,chá»‰ tá»‘n 150k Ä‘á»ƒ Ä‘i ca nÃ´ ra Äáº£o thÃ´i,nhÆ°ng sá»›m qÃ¡ Big C chÆ°a má»Ÿ nÃªn Ä‘Ã¡nh liá»u,lÃ m luÃ´n suáº¥t 350k bao Äƒn :)).Cháº¡y tá»« Big C Ä‘áº¿n Eo GiÃ³ táº§m 30p,Ä‘Æ°á»ng ráº¥t Ä‘áº¹p-Vá»«a Ä‘áº¿n bÃ£i giá»¯ xe,Ä‘á»‘i diá»‡n quÃ¡n Äƒn HÆ°á»›ng DÆ°Æ¡ng,cÃ³ chÃº ra thÃ´ng bÃ¡o giÃ¡ cáº£ nÃ y ná»,bá»n mÃ¬nh Ä‘áº·t tour bao Äƒn,350k/ng,gá»“m 6 mÃ³n Äƒn vÃ  1 chai nc suá»‘i nhá»-Ngá»“i chá» Ä‘áº¿n 9h thÃ¬ Ä‘i bá»™ 400m Ä‘á»ƒ ra Ä‘c bÃ£i,lÃªn cano táº§m 20p thÃ¬ Ä‘áº¿n Ä‘c Ká»³ Co,nc ráº¥t trong xanh vÃ  khÃ´ng cÃ³ rÃ¡c :)-Táº¯m tÃ¡p nÃ y ná» thÃ¬ dÃ´ báº¡t ngá»“i,ng ta há»i cÃ³ mÃºn Äƒn chÆ°a vÃ  tÃ­nh máº¥y h vá».MÃ¬nh cá»§ng Ä‘Ã³i nÃªn kÃªu dá»n mÃ³n lÃªn,Äƒn r 12h Ä‘i ngáº¯m san hÃ´ ná»­a-MÃ³n Äƒn ngon vÃ  tÆ°Æ¡i cá»±c kÃ¬,200k mÃ  Äƒn nhÆ° váº­y mÃ¬nh tháº¥y Ä‘Ã¡ng ^^+SÃºp rong biá»ƒn tÆ°Æ¡i+BÃ o ngÆ° nÆ°á»›ng+Gháº¹+ChÃ¡o háº£i sáº£n+Gá»i á»‘c(mÃ³n nÃ y dá»Ÿ T.T)+CÃ¡ tá»i nÆ°á»›ng-Máº¥y cÃ´ chÃº á»Ÿ Ä‘Ã¢y dt láº¯m,phá»¥c vá»¥ lÃºc nÃ o cá»§ng cÆ°á»i toe toÃ©t,cÃ³ nhÃ³m kia há» k Ä‘áº·t Äƒn,há» xin nc cháº¥m thÃ¬ váº«n vui váº½ cho há»,mÃ¬nh ráº¥t thÃ­ch :)-Ä‚n xong thÃ¬ cano cháº¡y vá» bÃ£i,Ä‘eo kÃ­nh vÃ o vÃ  ngáº¯m sanho nÃ o,ráº¥t tuyá»‡t vá»i :x.Gáº¥u mÃ¬nh kb bÆ¡i vs nhÃ¡t nÃªn k dÃ¡m xuá»‘ng -_-.MÃ¬nh bÆ¡i cá»§ng chá»‰ Ä‘c 1m lÃ  háº¿t Ä‘Ã¡t nhÆ°ng váº«n nháº£y xuá»‘ng,cÃ³ Ã¡o phao mÃ ,hÃ¬ hÃ¬.Tráº» tuá»•i mÃ ,máº¡nh dáº¡n lÃªn,k sau nÃ y sáº½ há»‘i tiáº¿c Ä‘áº¥y :P-Káº¿t thÃºc tour :)).MÃ¬nh thÃ­ch nÆ¡i Ä‘Ã¢y vÃ¬ khung cáº£nh yÃªn bÃ¬nh vÃ  hoang sÆ¡,trong tráº»o,nhÆ°ng biáº¿t cháº¯c ráº±ng má»™t khi nÆ¡i Ä‘Ã¢y ná»•i tiáº¿ng,sáº½ k cÃ²n ná»­a ^^-Ps:CÃ¡c báº¡n nÃ o xÃ i Ä‘t to to cáº©n tháº­n nhÃ©,mÃ¬nh gáº¯n con Sky 860 6in vÃ´ gáº­y,Ä‘em ra tÃ­nh quay phim,sÃ³ng Ä‘Ã¡nh 1 cÃ¡i rá»›t tá»m xuá»‘ng luÃ´n :(.Cho áº»m Ä‘i du lá»‹ch 1 ngÃ y r ct áº»m luÃ´n :))"
"BÃ£i biá»ƒn tuyá»‡t Ä‘áº¹p, nÆ°á»›c xanh trong mÃ¡t láº¡nh. Báº¡n cÃ³ thá»ƒ Ä‘i tÃ u ra Ä‘áº£o. CÃ³ 1 nhÃ  hÃ ng di Ä‘á»™ng sáº½ cháº¿ biáº¿n nhá»¯ng mÃ³n háº£i sáº£n ngay táº¡i chá»— cho báº¡n thÆ°á»Ÿng thá»©c."
"Biá»ƒn xanh trong veo vÃ o dá»‹p tá»« thÃ¡ng 4 Ä‘áº¿n háº¿t mÃ¹a hÃ¨, nÃªn cÃ¡c báº¡n nÃªn Ä‘i vÃ o dá»‹p nÃ y lÃ  Ä‘áº¹p nháº¥t, nhá»› xem dá»± bÃ¡o thá»i tiáº¿t trÆ°á»›c nhÃ© vÃ¬ Ä‘áº£o cÃ²n ráº¥t hoang sÆ¡, vá»«a rá»“i minh Ä‘i biá»ƒn Ä‘á»™ng nÃªn xáº£y ra vÃ i viá»‡c khÃ´ng hay, nhÆ°ng sáº½ la ká»· niá»‡m khÃ´ng bao giá» quÃªn. KhuyÃªn cÃ¡c báº¡n Ä‘áº¿n Ä‘Ã¢y nÃªn thuÃª khÃ¡ch sáº¡n á»Ÿ Quy NhÆ¡n vÃ¬ á»Ÿ Ä‘Ã¢y cÃ²n hoang sÆ¡ nen KS nhá» vÃ  Motel thÃ´i. Dá»‹ch vá»¥ ra biá»ƒn cÃ¡c báº¡n cÃ³ thá»ƒ Ä‘áº·t tÃ u hoáº·c cano Ä‘á»ƒ chá»Ÿ ra Ä‘áº£o, nÃªn mang theo Ä‘á»“ Äƒn Ä‘á»ƒ Äƒn uá»‘ng hoáº·c Ä‘áº·t táº¡i tour ngÆ°á»i ta sáº½ chuáº©n bá»‹ sáºµn cho mÃ¬nh luÃ´n. Sau khi chÆ¡i Ä‘Ã£ á»Ÿ Ä‘ao cÃ¡c báº¡n sáº½ Ä‘Æ°á»£c dáº«n qua khu ngáº¯m san hÃ´, cá»© hÆ¡i máº£i mÃª chÃ¡n rá»“i sáº½ cÃ³ ngÆ°á»i Ä‘Æ°a cÃ¡c báº¡n vá» láº¡i, vÃ¬ trÃªn Ä‘áº£o váº«n chÆ°a cÃ³ nÆ°á»›c ngá»t nÃªn náº¿u táº¯m biá»ƒn xong á»Ÿ Ä‘áº£o cac báº¡n cÃ³ thá»ƒ dá»™i sÆ¡ nÆ°á»›c ngá»t vá»›i giÃ¡ 5k/ng rá»“i quay vá» Ä‘áº¥t liá»n táº¯m lai :D.Nhá»¯ng trip nhÆ° tháº¿ nÃ y thÃ¬ Ä‘i cÃ ng Ä‘Ã´ng cÃ ng vui nhÃ©.ThanksPiğŸ’™"
"Nghe Ä‘á»“n Ä‘áº£o thiÃªn Ä‘Æ°á»ng nÃªn rá»§ rÃª báº¡n bÃ¨ du lá»‹ch cho biáº¿t, má»Ÿ mamg táº§m máº¯t. Biá»ƒn á»Ÿ Ä‘Ã¢y hoang sÆ¡ nÃªn dá»‹ch vá»¥ cÅ©ng khÃ´ng Ä‘Æ°á»£c nhiá»u nhÆ°ng bÃ¹ láº¡i nÆ°á»›c ráº¥t sáº¡ch vÃ  trong. Ä‘áº¹p khÃ´ng thá»ƒ ráº£ ná»•i,nc trong váº¯t nhÃ¬n tháº¥y cÃ¡ bÆ¡i,cÃ³ Ä‘iá»u pháº£i hy sinh lÃ n da,Ä‘i vá» lÃ  Ã´i thÃ´i,da lá»™t nhÆ° Ä‘i táº¯m tráº¯ng. Äi vÃ o mÃ¹a hÃ¨ thÃ¬ nÆ°á»›c trong vÃ  sÃ³ng hÆ¡n. NgoÃ i táº¯m biá»ƒn vÃ  Ä‘Ã¹a vui, cÃ²n Ä‘Æ°á»£c tráº£i nghiá»‡m cáº£m giÃ¡c máº¡o hiá»ƒm khi leo lÃªn ghá»nh Ä‘Ã¡ vÃ  nháº£y xuá»‘ng biá»ƒn. PhÃª dá»… sá»£."
"PhÃ­a trÃªn lÃ  khu má»™ HÃ n Máº·c Tá»­, Ä‘i xuá»‘ng lÃ  bÃ£i táº¯m HoÃ ng háº­u vÃ  bÃ£i trá»©ng, mÃ¬nh Ä‘i hÃ´m Ä‘Ã³ khÃ¡ Ä‘Ã´ng ngÆ°á»i, trá»i náº¯ng gáº¯t mÃ  trong nÃ y giÃ³ mÃ¡t hihi, khÃ´ng cÃ³ vÃ© vÃ o, chá»‰ cÃ³ vÃ© giá»¯ xe bÃªn ngoÃ i, mÃ¬nh giá»¯ chá»— cÃ´ bÃ¡n nÆ°á»›c mÃ­a, vÃ´ uá»‘ng nÆ°á»›c cÃ¡i cÃ´ free giá»¯ xe luÃ´n hihi"
MÃ¬nh Ä‘i ngÃ y 26/07 thÃ¬ bÃ£i táº¯m HoÃ ng Háº­u Ä‘ang Ä‘Æ°á»£c trÃ¹ng tu. Nghe tour guide nÃ³i lÃ  trÃ¹ng tu trong vÃ²ng 3 nÄƒm :(. KhÃ´ng cho du khÃ¡ch xuá»‘ng tham quan.
"CÃ³ chuyáº¿n cÃ´ng tÃ¡c á»Ÿ Quy NhÆ¡n vÃ i ngÃ y Ä‘Æ°á»£c báº¡n dáº«n Ä‘i tham quan má»™ nhÃ  thÆ¡ HÃ n Máº·c Tá»­-Dá»‘c Má»™ng Cáº§m-Tráº¡i Phong-BÃ£i biá»ƒn Ghá»nh RÃ¡ng. Pháº£i nÃ³i lÃ  biá»ƒn quÃ¡ Ä‘áº¹p, ngÆ°á»i dÃ¢n thÃ¬ vÃ´ cÃ¹ng nhiá»‡t tÃ¬nh, tháº­t tÃ , giÃ¡ cáº£ quÃ¡ Æ° lÃ  ráº», Ä‘á»“ Äƒn quÃ¡ ngon luÃ´n. LÃºc vá» khÃ´ng muá»‘n vá» luÃ´n, muá»‘n lÃ m ng dÃ¢n vÃ  sinh sá»‘ng á»Ÿ Ä‘Ã³ luÃ´n váº­y.Hi vá»ng sáº½ cÃ³ dá»‹p quay láº¡i Ä‘á»ƒ thÆ°á»Ÿng thá»©c mÃ³n bÃºn ráº¡m, tham quan Cáº§u Thá»‹ Náº¡i vÃ  nhá»¯ng Ä‘á»‹a Ä‘iá»ƒm ná»•i tiáº¿ng cá»§a BÃ¬nh Äá»‹nh."" Ai mu trÄƒng tÃ´i bÃ¡n trÄƒng choTrÄƒng náº±m im trÃªn cÃ nh liá»…u Ä‘á»£i chá»..."""
"Khi Ä‘áº¿n BÃ¬nh Äá»‹nh thÃ¬ Ä‘á»«ng bá» lá»¡ Ä‘á»‹a Ä‘iá»ƒm nÃ y-GhÃ¨nh RÃ¡ngá» Ä‘Ã¢y cÃ³ bÃ£i Ä‘Ã¡ trá»©ng lá»›n láº¯m, nÆ°á»›c biá»ƒn trong xanh, sÃ³ng vá»— Ä‘Ã¡.CÃ³ Ä‘iá»u lÃ ... chá»‰ nÃªn chá»¥p áº£nh ká»¹ niá»‡m thÃ´i nhÃ©, vÃ¬ bÃ£i nÃ y khÃ´ng cho táº¯m ná»¯a...nÃªn thoi trah thá»§ ghi láº¡i nÃ©t Ä‘áº¹p qua tá»«ng khung áº£nh nha.NgoÃ i ra, chÃºng ta Ä‘áº¿n Ä‘Ã¢y rá»“i, thÃ¬ pháº£i ghÃ© thÄƒm ngÃ´i má»™ cá»§a nhÃ  thÆ¡ HÃ n Máº·c Tá»­, hÃ ng dÆ°Æ¡ng mÃ¡t máº» cÃ¹ng giÃ³ biá»ƒn xÃ o xáº¡c cÃ²n gÃ¬ pháº£i nÃ³i... Ghá»nh RÃ¡nh- khu du lá»‹ch lÃ½ tÆ°á»Ÿng Ä‘Ã¡ng Ä‘á»ƒ tham quan, nghÄ© dÆ°á»¡ngTrá»i xanh giÃ³ mÃ¡t qÃºa Ä‘áº¹p quÃ¡ thÆ¡ má»™ng luÃ´n nÃ¨.... hÃ£y há»­ 1 láº§n Ä‘áº¿n Ä‘Ã¢y nha..."
"NÃ³i chung lÃ  Ä‘á»«ng tháº¯c máº¯c sao chá»‰ má»—i cÃ¡i lÆ°ng, do thÃ­ch chá»¥p phÃ­a sau thÃ´i Ã¨. Muá»‘n vÃ o khu nÃ y náº¿u Ä‘i xe mÃ¡y thÃ¬ vÃ o cá»­a tá»± do, Ä‘i oto thÃ¬ mua vÃ© nhÃ©. MÃ¬nh Ä‘i xe mÃ¡y nÃªn khÃ´ng xem giÃ¡ bao nhiÃªu cáº£.á» trong nÃ y cÃ¢y nhiá»u nÃªn mÃ¡t láº¯m, Ä‘i bá»™ khÃ´ng pháº£i lo láº¯ng Äƒn náº¯ng nha.BÃ£i hoÃ ng háº­u hÆ¡i Ã­t trá»©ng Ä‘Ã¡. GÃ³c láº¡i háº¹p, thuá»· triá»u dÃ¢ng nÃªn chá»¥p 1 táº¥m lÃ  tÃºm vÃ¡y cháº¡y. HÆ¡i bá»‹ khÃ³, nhÆ°ng mÃ¬nh thÃ­ch vÃ¬ nÃ³ Ä‘áº¹p.MÃ¬nh cÃ³ vÃ o khu hÃ n máº¡c tá»­, khu lÃ ng nghá» Ã½, thÆ¡ kháº¯c trÃªn gá»— Ä‘Ã¡ Ä‘Æ°á»£c bÃ y bÃ¡n trong khu vá»±c nÃ y. MÃ¬nh khÃ´ng vÃ o khu má»™ cá»§a nhÃ  thÆ¡...khÃ´ng biáº¿t nÃ³i sao, táº¡i mÃ¬nh khÃ´ng muá»‘n vÃ o thÃ´i"
"CÃ³ láº½ vÃ¬ Ä‘Ã¢y lÃ  nÆ¡i nhÃ  thÆ¡ HÃ n Máº¡c Tá»­ yÃªn nghá»‰ nÃªn má»i thá»© táº¡o nÃªn nÃ³ Ä‘á»u mang má»™t váº» gÃ¬ Ä‘Ã³ ráº¥t thÆ¡. Cá»© yÃªn bÃ¬nh, Ãªm dá»‹u. ...Ps: HÃ¬nh áº£nh cá»§a cÃ¡ch Ä‘Ã¢y 5 nÄƒm :3"
"ÄÃ£ Ä‘áº¿n nÆ¡i Ä‘Ã¢y du ngoáº¡n vÃ i láº§n rá»“i, khÃ´ng gian tháº­t thoÃ¡ng mÃ¡t, thÃ­ch há»£p Ä‘á»ƒ thÆ° giÃ£n sau má»™t thá»i gian vÃ¹i Ä‘áº§u vÃ o cÃ´ng viá»‡c. View quÃ¡ Ä‘áº¹p luÃ´n, chá»¥p hÃ¬nh á»Ÿ chá»— nÃ o cÅ©ng tháº¥y Æ°ng háº¿t áº¥y. Chá»‹u khÃ³ luyá»‡n cÆ¡ chÃ¢n lÃ  sáº½ tháº¥y Ä‘Æ°á»£c nhiá»u thiá»‡t nhiá»u cáº£nh Ä‘á»ƒ lÆ°u láº¡i lÃ m ká»· niá»‡m Ä‘Ã³ máº¥y you. Äá»“ lÆ°u niá»‡m á»Ÿ Ä‘Ã¢y cÅ©ng khÃ¡ Ä‘áº¹p vÃ  phong phÃº , giÃ¡ cáº£ thÃ¬ bÃ¬nh dÃ¢n nhÆ° ngÆ°á»i bÃ¬nh Ä‘á»‹nh áº¥y. KhoÃ¡i nháº¥t lÃ  dá»‹ch vá»¥ mua mÃ³c khÃ³a free kháº¯c tÃªn nha. MÃ¬nh cÅ©ng khÃ¡ ham há»‘ máº¥y dá»‹ch vá»¥ nhÆ° nÃ y nÃªn cÅ©ng táº­u vá» vÃ i em hihi."
"cÃ¡ch trung tÃ¢m quy nhÆ¡n táº§m 3 4 km gÃ¬ Ä‘Ã³, á»Ÿ Ä‘Ã¢y Ä‘Ã´ng du khÃ¡ch tham quan vÃ¬ cáº£nh Ä‘áº¹p tá»± nhiÃªn hiáº¿m cÃ³, Ä‘Ã¡ á»Ÿ Ä‘Ã¢y hÃ¬nh trÃ²n nÃªn nhiá»u ngÆ°á»i gá»i lÃ  bÃ£i trá»©ng thay cho bÃ£i táº¯m hoÃ ng háº­u, thuá»™c khu du lá»‹ch ghá»nh rÃ¡ng cÃ²n cÃ³ tráº¡i phong quy hÃ²a vÃ  má»™ hÃ n máº¡c tá»­, gáº§n nhau nÃªn di chuyá»ƒn tham quan cÅ©ng ráº¥t tiá»‡n"
"KhÃ´ng gian khÃ¡c nhiá»u so vs cÃ¡ch Ä‘Ã¢y 4 nÄƒmVáº¯ng váº», khÃ´ng cÃ²n Ä‘Æ°á»£c chÄƒm sÃ³c kÄ© ná»¯a. BÃ£i trá»©ng k cÃ²n trá»©ng. Khu lÃ ng nghá» chá»‰ cÃ²n bÃ³ng dÃ¡ng nhÃ¢n viÃªn bÃ¡n hÃ ng, du khÃ¡ch cháº³ng tháº¥y ai.Chá»‰ cÃ³ má»™ HÃ n Máº·c Tá»­ váº«n tháº¿, nhÆ°ng vÃ¬ nÃ³ vá»‘n Ä‘Æ¡n giáº£n tá»« trÆ°á»›c r.Hic. HÆ¡i buá»“n."
"ÄÃªÌn Qui NhÆ¡n phaÌ‰i Ä‘ÄƒÌ£t chÃ¢n Ä‘ÃªÌn mÃ´Ì£ nhaÌ€ thÆ¡ HaÌ€n MÄƒÌ£c TÆ°Ì‰ vaÌ€ vÆ°Æ¡Ì€n thÆ¡ cuÌ‰a NgÆ°Æ¡Ì€i...hÃªÌt sÆ°Ìc laÌƒng maÌ£ng,thÆ¡ mÃ´Ì£ng. BÃªn caÌ£nh Ä‘oÌ laÌ€, baÌƒi TrÆ°Ìng - BaÌƒi tÄƒÌm HoaÌ€ng HÃ¢Ì£u rÃ¢Ìt Ä‘eÌ£p, Ä‘Æ°Ìng Æ¡Ì‰ Ä‘Ã¢y nhiÌ€n thÃ¢Ìy toaÌ€n caÌ‰nh biÃªÌ‰n cuÌ‰a tp Qui NhÆ¡n xinh Ä‘eÌ£p. RÃ¢Ìt thiÌch nÆ¡i naÌ€y mÃ´Ìƒi khi coÌ diÌ£p trÆ¡Ì‰ laÌ£i, caÌ‰m giaÌc quen thuÃ´Ì£c vÃ¢Ìƒn nhÆ° ngaÌ€y naÌ€o."
"CÃ³ dá»‹p Ä‘áº¿n vá»›i Quy NhÆ¡n vÃ o dá»‹p Táº¿t 2015 nÃ y :)) Ä‘áº¿n QN mÃ  ko Ä‘áº¿n thÄƒm má»™ HÃ n Máº·c Tá»­ lÃ  má»™t thiáº¿u sÃ³t, khÃ´ng gian xung quanh ráº¥t Ä‘áº¹p, nhiá»u cÃ¢y cá»‘i, mÃ´ hÃ¬nh tráº­p trÃ¹ng cá»© nhÆ° thung lÅ©ng tÃ¬nh yÃªu trÃªn ÄÃ  Láº¡t váº­y Ã¡ :)) PhÃ­a sau cÃ²n cÃ³ bÃ£i táº¯m HoÃ ng Háº­u, gáº§n Ä‘Ã³ lÃ  khu du lá»‹ch ghá»nh rÃ¡ng, cáº£nh quan thiÃªn nhiÃªn ráº¥t Ä‘áº¹p :3 tá»›i má»›i tháº¥y táº¡o hÃ³a ban cho con ngÆ°á»i thiÃªn nhiÃªn quÃ¡ Ä‘áº¹p luÃ´n, ngoÃ i ra nháº­n xÃ©t chung cá»§a mÃ¬nh lÃ  Quy NhÆ¡n cÅ©ng lÃ  má»™t thÃ nh phá»‘ ráº¥t thÃ¢n thiá»‡n vÃ  Ä‘Ã¡ng sá»‘ng nhÃ© :)"
"Äáº¿n Quy NhÆ¡n báº±ng tour thÆ°á»ng Ä‘Æ°á»£c cho tham quan khu du lá»‹ch Ghá»nh RÃ¡ng vÃ  má»™ nhÃ  thÆ¡ HÃ n Máº·c Tá»­ Ä‘Æ°á»£c xÃ¢y cáº¥t táº¡i Ä‘Ã¢y khÃ¡ trang trá»ng, sau lÆ°ng má»™ HMT Ä‘Æ°á»£c cháº¡m kháº¯c nhá»¯ng Ã¡ng thÆ¡ tÃ¬nh  ÄÆ°á»ng xuá»‘ng bÃ£i Ä‘Ã¡ Ä‘i ngang nhÃ  hÃ ng HoÃ ng Háº­u.Xuá»‘ng Ä‘áº¿n bÃ£i Ä‘Ã¡ trá»©ng chá»‰ tháº¥y má»i ngÆ°á»i chá»¥p áº£nh chá»© k ai táº¯m, Ä‘á»©ng tá»« Ä‘Ã¢y ngáº¯m nhÃ¬n sá»± káº¿t há»£p giá»¯a biá»ƒn trá»i vÃ  nÃºi Ä‘Ã¡ tháº­t kÃ¬ vÄ© lÃ m cho tÃ¢m há»“n nháº¹ nhÃ ng. CÃ³ Ä‘iá»u nhá» nhá»¯ng bÃ n tay thiáº¿u vÄƒn hÃ³a cá»§a con ngÆ°á»i xáº£ rÃ¡c tá»«a lÆ°a trong máº¥y cÃ¡i ngá»‘c ngÃ¡ch lÃ m kÃ©m vá»‡ sinh."
"Äi eo giÃ³ chá»‰ tháº¥y giÃ³ :)))) ngÆ°á»i ngÆ°á»i Ä‘Ã´ng Ä‘Ãºc, náº¯ng vÃ  giÃ³ sáº¥p máº·t, cáº£nh biá»ƒn Ä‘á»“ khÃ¡ Ä‘áº¹p mÃ  mÃ¬nh nghÄ© nÃªn Ä‘i sá»›m cho váº¯ng ngÆ°á»i chá»¥p cho Ä‘áº¹p nÃ¨ :)"
"Eo GiÃ³ gáº§n biá»ƒn Ká»³ Co,lÃ¡i xe má»™t chÃºt lÃ  tá»›i liá»n.Khung cáº£nh ráº¥t Ä‘áº¹p vÃ  thÆ¡ má»™ng.Biá»ƒn ráº¥t Ä‘áº¹p vÃ  xanh.Thá»i tiáº¿t lÃºc mÃ¬nh Ä‘i thÃ¬ khÃ¡ nÃ³ng(vÃ o thÃ¡ng 4)Chá»¥p hÃ¬nh á»Ÿ Eo GiÃ³ lÃ  má»™t quyáº¿t Ä‘á»‹nh sÃ¡ng suá»‘t.NhÃ  mÃ¬nh tá»›i Ä‘Ã¢y lÃ  Ä‘á»ƒ chá»¥p hÃ¬nh,ngáº¯m cáº£nh biá»ƒn,xem nhá»¯ng ngÆ°á»i dÃ¢n Ä‘ang hÃ¡i rong biá»ƒn nhÃ¬n ráº¥t lÃ  tuyá»‡t vá»i.Tá»›i Ä‘Ã¢y lÃ  cÃ¡c báº¡n khÃ´ng muá»‘n vá» luÃ´n Ä‘Ã³.á» dÆ°á»›i biá»ƒn cÃ¡ ráº¥t nhiá»u cá»¥c Ä‘Ã¡ to nhÆ° quáº£ trá»©ng gÃ .ÄÆ°á»ng Ä‘i xuá»‘ng cÅ©ng ráº¥t dá»… dÃ ng.Ã€ Ä‘Ãºng rá»“i cÃ³ má»™t cÃ¡i tÆ°á»£ng Ä‘Ã i trÃªn Ä‘Ã³ lÃ  á»‘ng nhÃ²m Ä‘á»ƒ nhÃ¬n tá»« xa ná»¯a.*Ai muá»‘n chá»¥p hÃ¬nh,check in á»Ÿ Ä‘Ã¢u thÃ¬ hÃ£y tá»›i Eo GiÃ³ lÃ  lá»±a chá»n Ä‘Ãºng Ä‘áº¯ng cá»§a báº¡n."
"TÆ¡Ìi Qui NhÆ¡n maÌ€ ko gheÌ Eo GioÌ laÌ€ mÃ´Ì£t thiÃªÌu soÌt lÆ¡Ìn nhen. BaÌƒi biÃªÌ‰n Æ¡Ì‰ Ä‘Ã¢y tuy ko tÄƒÌm Ä‘Æ°Æ¡Ì£c nhÆ°ng caÌ‰nh rÃ¢Ìt Ä‘eÌ£p vaÌ€ nÆ°Æ¡Ìc khaÌ trong. Ai thiÌch leo Ä‘aÌ maÌ£o hiÃªÌ‰m thiÌ€ cÆ°Ì lÃ¢Ì€n moÌ€ doÌ£c theo baÌƒi Ä‘aÌ seÌƒ thÃ¢Ìy nhiÌ€u goÌc Ä‘eÌ£p lÄƒÌm. ÄaÌ Æ¡Ì‰ Ä‘Ã¢y cuÌƒng laÌ£ nÆ°Ìƒa, nhiÌ€u hiÌ€nh daÌng vaÌ€ maÌ€u sÄƒÌc khaÌ Ä‘eÌ£p. SoÌ‰i thiÌ€ troÌ€n vo vaÌ€ Ä‘uÌ‰ thÆ°Ì maÌ€u, xinh lÄƒÌm ğŸ˜Š.VeÌ vaÌ€o cÃ´Ì‰ng tham quan laÌ€ 25k/ngÆ°Æ¡Ì€i ğŸ˜, maÌ€ thÃ´i kÃªÌ£, coi nhÆ° chi phiÌ tu dÆ°Æ¡Ìƒng vaÌ€ baÌ‰o vÃªÌ£ caÌ‰nh quan. Æ Ì‰ Ä‘Ã¢y hoÌ£ cuÌƒng coÌ xÃ¢y caÌc con Ä‘Æ°Æ¡Ì€ng, bÃ¢Ì£c thang cho du khaÌch dÃªÌƒ Ä‘i vaÌ€ chuÌ£p hiÌ€nh sÃ´Ìng aÌ‰o. BaÌ£n treÌ‰ naÌ€o muÃ´Ìn coÌ nhÆ°Ìƒng shot hiÌ€nh Ä‘eÌ£p vÆ¡Ìi biÃªÌ‰n thiÌ€ Ä‘ÃªÌn Ä‘Ã¢y nheÌ ğŸ˜„"
"â†ª LÃºc mÃ¬nh Ä‘i thÃ¬ thá»i tiáº¿t khÃ¡ thuáº­n lá»£i, máº·c dÃ¹ hÆ¡i nÃ³ng ( vÃ o cuá»‘i thÃ¡ng 4). Tuy váº­y ra tá»›i Ä‘Ã¢y lÃ  quÃªn háº¿t sáº¡ch má»i thá»© ğŸ˜… ÄÃºng nhÆ° tÃªn gá»i ""Eo GiÃ³"", á»Ÿ Ä‘Ã¢y Ä‘Ã³n giÃ³, nÃªn náº¯ng cá»¡ nÃ o thÃ¬ giÃ³ cÅ©ng mÃ¡t lá»“ng lá»™ng nha, nhá» váº­y cÅ©ng Ä‘á»¡ Ä‘i pháº§n nÃ o cÃ¡i náº¯ng nÃ³ng :)))â†ª Cáº£nh quan quÃ¡ Ä‘á»•i tuyá»‡t vá»i, biá»ƒn trong veo, mÃ u nhÃ¬n tá»« xa cá»±c kÃ¬, cá»±c kÃ¬ Ä‘áº¹p. á» gÃ³c nÃ o Ä‘i chÄƒng ná»¯a, thÃ¬ view cÅ©ng Ä‘áº¹p háº¿t Ã¡ ğŸ˜„ Chá»¥p hÃ¬nh sá»‘ng áº£o cÃ¡c kiá»ƒu lÃ  mÃª ly luÃ´n ğŸ˜Šâ†ª Ra Ä‘Ã¢y lÃ  khÃ´ng muá»‘n vá» chÃºt nÃ o. BÃ£i Ä‘Ã¡ á»Ÿ dÆ°á»›i cÅ©ng thÃº vá»‹ láº¯m nÃ¨, cÃ³ máº¥y con sÃ², sinh váº­t biá»ƒn nhá» nhá» trÃ´i dáº¡t vÃ´. ÄÆ°á»ng Ä‘i xuá»‘ng cÅ©ng dá»… nÃ¨, khÃ´ng nguy hiá»ƒm. Ã€, á»Ÿ Ä‘Ã¢y cÃ²n cÃ³ 1 á»‘ng nhÃ²m trÃªn cao, cÃ³ thá»ƒ quan sÃ¡t Ä‘Æ°á»£c cÃ¡c Ä‘áº£o á»Ÿ khu vá»±c lÃ¢n cáº­n.â†ª Báº¥t tiá»‡n duy nháº¥t lÃ  nÃ³ hÆ¡i xa trung tÃ¢m tp Quy NhÆ¡n. LÃºc mÃ¬nh Ä‘i lÃ  bao taxi Ä‘i cáº£ Eo GiÃ³ vÃ  Trung LÆ°Æ¡ng luÃ´n nÃªn giÃ¡ khÃ¡ ráº»."
"Pháº£i nÃ³i lÃ  ká»³ quan thiÃªn nhiÃªn á»Ÿ Viá»‡t Nam luÃ´n ! DÃ¹ náº¯ng banh xÃ¡c bá»¯a Ä‘Ã³ nhÆ°ng mÃ  nghe giá»›i thiá»‡u cÅ©ng phÃ¡t ham Ä‘i xem thá»­ . MÃ  Ä‘Ãºng thiá»‡t , pháº£i nÃ³i dÃ¹ náº¯ng nÃ³ng nhÆ°ng lÃªn mÃ¬nh cÅ©ng quÃªn máº¥t cÃ¡i cáº£m giÃ¡c bá»©c rá»©c khÃ³ chá»‹u , lao ra chá»¥p láº¥y chá»¥p Ä‘á»ƒ luÃ´n . Cung eo biá»ƒn khÃ¡ dÃ i vÃ  cÃ³ thá»ƒ Ä‘i xuá»‘ng bÃ£i Ä‘Ã¡ , do thá»i gian khÃ´ng cho phÃ©p nÃªn mÃ¬nh khÃ´ng xuá»‘ng bÃ£i Ä‘Ã¡ ká»‹p . Cháº¯c má»‘t pháº£i ghÃ© láº¡i ná»¯a náº¿u cÃ³ dá»‹p tá»›i chÆ¡i BÃ¬nh Äá»‹nh ."
"Dáº¡o nÃ y Ä‘Ã¢y lÃ  Ä‘iá»ƒm du lá»‹ch Ä‘ang hot á»Ÿ Qy NhÆ¡n, Ä‘i liá»n vs Ká»³ Co. CÃ´ng ty mÃ¬nh Ä‘i QN thÃ¬ k thá»ƒ bá» qua chá»— nÃ y rá»“i. Äi xe khÃ¡ch khoáº£ng hÆ¡n 30' lÃ  tá»›i. Äá»‹a Ä‘iá»ƒm sÃ¢u Ä‘Ã­p lÃ  Ä‘Ã¢yBiá»ƒn xanh, giÃ³ mÃ¡t, náº¯ng gáº¯t. Chá»n 1 gÃ³c k cÃ³ ngÆ°á»i Ä‘á»ƒ sá»‘ng áº£o thÃ¬ hÆ¡i khÃ³ vÃ¬ khÃ¡ch Ä‘áº¿n Ä‘Ã¢y quÃ¡ nhiá»u"
"Äá»£t du lá»‹ch vá»›i cÃ´ng ty cÃ³ ghÃ© eo giÃ³. GiÃ³ mÃ¡t biá»ƒn Ä‘áº¹p náº¯ng banh Ä‘áº§u. Ai cÅ©ng ra Ä‘Ã¢y check in vÃ i táº¥m áº£nh. á» Ä‘Ã¢y nhÃ¬n trá»i nhÃ¬n biá»ƒn lÃ  Ä‘áº¹p mÆ°á»›t mÃ ng luÃ´nCÃ¡ch trung tÃ¢m táº§m 30km thÃ¬ pháº£i, Ä‘Æ°á»ng ra Ä‘Ã¢y cÅ©ng dá»… Ä‘i"
"ÄÆ°Æ¡ng mÃ¹a du lá»‹ch nÃªn thá»i Ä‘iá»ƒm mÃ¬nh tá»›i tháº¥y Ä‘Ã´ng ngÆ°á»i láº¯m. Tháº­t sá»± thÃ¬ quy nhÆ¡n sáº½ cháº³ng ghi tÃªn vÃ o báº£n Ä‘á»“ du lá»‹ch náº¿u ko cÃ³ eo giÃ³ nÃ y. Cáº£nh Ä‘áº¹p tuyá»‡t vá»i, Ä‘i quy nhÆ¡n mÃ  ko tá»›i Ä‘Ã¢y thÃ¬ tháº­t lÃ£ng phÃ­ cáº£ chuyáº¿n Ä‘i.Má»i gÃ³c á»Ÿ Ä‘Ã¢y lÃªn hÃ¬nh thiá»‡t áº£o diá»‡u, lung linh pháº£i biáº¿t. MÃ  giÃ³ cÅ©ng ghá»›m ghiáº¿c luÃ´n :D tá»›i Ä‘Ã¢y quÃªn Ä‘i mÃ¡i tÃ³c mÆ°á»£t mÃ  Ä‘i hÃ¬. GiÃ³ bay thá»•i tá»© tung. Chá»¥p hÃ¬nh cá»© chá»‰nh sá»­a tÃ³c riáº¿t thÃ´i. NhÆ°ng cáº£nh Ä‘áº¹p nhÆ° nÃ y chá»‹u khÃ³ chÃºt cÅ©ng Ä‘Æ°á»£c"
"MÃ¬nh Ä‘i theo tour cá»§a cÃ´ng ty nÃªn cháº³ng biáº¿t giÃ¡ vÃ© nhiÃªu, Ä‘i ngay giá»¯a trÆ°a luÃ´n nÃªn náº¯ng khá»§ng khiáº¿p. VÃ¬ mÃ¬nh Ä‘i Ká»³ Co xong ghÃ© qua Ä‘Ã¢y luÃ´n cho biáº¿t, sÃ¡t gáº§n bÃªn khÃ´ng Ä‘i thÃ¬ cÅ©ng phÃ­, dá»… gÃ¬ cÃ³ dá»‹p Ä‘áº¿n Ä‘Ã¢y. Leo bá»™ qua con dá»‘c cÅ©ng ngáº¯n thÃ´i lÃ  Ä‘áº¿n rá»“i, Ä‘Ãºng thiá»‡t lÃ  eo giÃ³ luÃ´n, Ä‘áº¿n nÆ¡i giÃ³ lá»“ng lá»™ng. MÃ¬nh cá»© tÆ°á»Ÿng sáº½ hÃ¹ng vÄ© to lá»›n gÃ¬ láº¯m, tháº¥y trÃªn hÃ¬nh mn nhÆ° váº­y hoÃ¡ ra chá»‰ cÃ³ con Ä‘Æ°á»ng cháº¡y quanh cho mn chá»¥p áº£nh thÃ´i, mÃ  cÃ´ng nháº­n vÃ o áº£nh thÃ¬ gÃ³c nÃ o cÅ©ng lung linh háº³n lÃªn^^"
"ÄÃ£ Ä‘áº¿n Ä‘Ã¢y ráº¥t nhiá»u láº§n nhÆ°ng mÃ k váº«n muá»‘n Ä‘áº¿n tiáº¿p.lÃºc tÃ´i Ä‘áº¿n lÃ  ráº¥t Ã­t ngÆ°á»i biáº¿t Ä‘áº¿n, báº­t maps dÃ² thÃ¬ chá»‰ sai Ä‘Æ°á»ng cháº­t váº­t cáº£ buá»•i trá»i nhÆ°ng Ä‘áº¿n nÆ¡i khÃ´ng há» uá»•ng cÃ´ng mÃ¬nh Ä‘i , lÃºc Ä‘o cÃ²n báº­t Ä‘Ã¡ chÆ°a xÃ¢y lang cang , khÃ´ng khÃ­ á»Ÿ Ä‘Ã¢y mÃ¡t máº», Ä‘á»“ Äƒn tÆ°Æ¡i ngon mÃ k láº¡i ráº» . sáº½ gÃ© láº¡i nhÃ¬u láº§n"
"MÃ¬nh Ä‘i Eo GiÃ³ Ä‘á»£t 2016, váº¯ng láº¯m, chÆ°a Ä‘Ã´ng nhÆ° bÃ¢y giá» Ä‘Ã¢u. NhÆ°ng cÃ´ng nháº­n cáº£m giÃ¡c lÃºc bÆ°á»›c bÃªn eo giÃ³ rá»“i phÃ³ng táº§m máº¯t vá» phÃ­a biá»ƒn thá»±c sá»± khÃ´ng thá»ƒ tin ná»•i. NÆ°á»›c trong, xanh, nÃºi cao bao quanh cá»±c Ä‘áº¹p. Táº¯m thÃ¬ mÃ¬nh tháº¥y hÆ¡i nguy hiá»ƒm, vÃ¬ chá»§ yáº¿u lÃ  Ä‘Ã¡ to vÃ  trÆ¡n Ã½, cÃ³ láº§n bÆ°á»›c há»¥t mÃ  háº¿t há»“n, nÃªn chá»‰ gá»i lÃ  máº·c bikini ra táº¡o dÃ¡ng rá»“i quay láº¡i thui chá»© khÃ´ng vÃ¹ng váº«y Ä‘Æ°á»£c nhÆ° á»Ÿ ngoÃ i bÃ£i táº¯m Ä‘Ã¢u. MÃ  Ä‘á»©ng chá»¥p áº£nh trÃªn bá» cÅ©ng Ä‘á»§ Ä‘áº¹p rá»“i Ã½ :""> Há»“i Ä‘Ã³ chÆ°a cÃ³ dá»‹ch vá»¥ gÃ¬, nÃªn pháº£i gá»­i xe á»Ÿ quÃ¡n nÆ°á»›c nhá» tÃ­t dÆ°á»›i rá»“i leo lÃªn thÃ´i, giá» xem áº£nh tháº¥y cáº£ cáº§u thang cÃ¡c thá»© tiá»‡n ghÃª."
"-GiÃ¡ vÃ© vÃ o cá»­a lÃ  22k/ngÆ°á»i-Chá»n chá»— nhÃ  hÃ ng Anh Báº£o há» Ä‘áº·t xe vÃ  cano ra Ä‘áº£o Ká»³ Co cho mÃ¬nh luÃ´n, trong lÃºc chá» xe thÃ¬ lÃªn Eo GiÃ³-Tiáº¿c lÃ  Ä‘i váº«n bá»‹ eo háº¹p thá»i gian, chÆ°a Ä‘i Ä‘Æ°á»£c xuá»‘ng bÃ£i biá»ƒn mÃ  chá»‰ trÃ¨o lÃªn chá»— Ä‘Æ°á»ng Ä‘i bá»™ ven biá»ƒn thÃ´i-Äi sÃ¡ng 7-8h cÅ©ng hÆ¡i náº¯ng, vÃ  Ä‘ang Ä‘i Ä‘Æ°á»£c má»™t Ä‘oáº¡n Ä‘Æ°á»ng Ä‘i bá»™ thÃ¬ chá»§ quÃ¡n Anh Báº£o gá»i xuá»‘ng cÃ³ xe Ä‘i Ká»³ Co rá»“iTÃ³m láº¡i: Ä‘áº¹p, chá»¥p áº£nh lung linh ğŸ˜„ğŸ˜„"
"ThÃ¡p nÃ y náº±m trong thÃ nh phá»‘ luÃ´n nÃªn Ä‘i khÃ¡ tiá»‡n, vÃ´ thÃ¬ chá»‰ cÃ³ thÃ¡p nÃ y chá»¥p hÃ¬nh thÃ´i chá»© khÃ´ng cÃ³ gÃ¬ khÃ¡c, khÃ¡ Ä‘Ã´ng khÃ¡ch, kiáº¿m chá»— chá»¥p hÆ¡i cá»±c hihi"
"VÃ© vÃ o cá»•ng 10,000/ ngÆ°á»iGiá»¯ xe 2,000/xe Kgian nhiá»u cÃ¢y xanh, chiá»u tá»›i mÃ¡t rÆ°á»£i, chá»— nÃ y cÃ³ toÃ  thÃ¡p Ä‘Ã´i Ä‘á»ƒ tham quan chá»¥p hÃ¬nh thÃ´i chá»› cÅ©ng k cÃ³ hoáº¡t Ä‘á»™ng gÃ¬ nhiá»u."
"-VÃ© vÃ o cá»•ng: 8k/ngÆ°á»i-KhÃ´ng gian rá»™ng rÃ£i, xung quanh thÃ¡p nhiá»u cÃ¢y xanh-Äi chá»‰ cÃ³ chá»¥p áº£nh vÃ  ngáº¯m kiáº¿n trÃºc thÃ¡p, cÅ©ng khÃ´ng dÃ¡m vÃ o háº³n trong thÃ¡p, má»™t lÃ  vÃ¬ Ä‘i lÃºc chiá»u tá»‘i hÆ¡i sá»£, hai lÃ  khÃ´ng cÃ³ ngÆ°á»i hÆ°á»›ng dáº«n hay thuyáº¿t minh gÃ¬, cÅ©ng chá»‰ cÃ³ má»™t táº¥m biá»ƒn giáº£i thÃ­ch ráº¥t sÆ¡ lÆ°á»£c vá» thÃ¡p, máº¥y bÃ i review trÃªn máº¡ng Ä‘á»c cÃ²n hay hÆ¡n :))))-Äá»‘i diá»‡n cÃ³ quÃ¡n Äƒn Anh Nháº­t Gia ViÃªn khÃ¡ ná»•i tiáº¿ng tham quan xong sang Äƒn tá»‘i luÃ´n TÃ³m láº¡i lÃ : bÃ¬nh thÆ°á»ng, Ä‘i má»™t láº§n cho biáº¿t thÃ´i"
"NgÃ´i ThÃ¡p Ä‘Ã´i cá»• kÃ­nh xuáº¥t hiá»‡n tá»« thá»i ChÄƒm Pa hiá»‡n lÃ  má»™t Ä‘iá»ƒm du lá»‹ch á»Ÿ thÃ nh phá»‘ Quy NhÆ¡n, gá»Ÿi xáº¿ 10k lÃ  báº£n cÃ³ thá»ƒ thá»a mÃ¡i chá»¥p hÃ¬nh, bÃªn trong trá»“ng nhiá»u cÃ¢y xanh nÃªn ráº¥t thoÃ¡ng mÃ¡t"
"ThÃ¡p Ä‘Ã´i- má»™t thÃ¡p lá»›n vÃ  má»™t thÃ¡p nhá» mag phong cÃ¡ch nghá»‡ thuáº­t KhmerMá»™t cÃ´ng trÃ¬nh kiáº¿n trÃºc nghá»‡ thuáº­t Ä‘á»™c Ä‘Ã¡o Ä‘Æ°á»£c xÃ¢y dá»±ng báº±ng Ä‘Ã¡, xáº¿p táº§ng. ÄÃ£ Ä‘áº¿n Quy NhÆ¡n nhá»› ghÃ© xem kiáº¿n trÃºc thÃ¡p nÃ y nha, giÃ¡ vÃ© ráº» láº¯m nÃ¨, sáºµn nghe lá»‹ch sá»­ hÃ¬nh thÃ nh cá»§a cÃ¡i thÃ¡p nÃ y luÃ´n nha.Äáº¿n Ä‘Ã¢y, Ä‘Æ°á»£c thÆ°á»Ÿng thá»©c nhiá»u tiáº¿t má»¥c Ä‘áº·c sáº¯c cá»§a ngÆ°á»i ChÄƒm, bÃªn trong thÃ¡p cÃ³ cá»‘i Ä‘Ã¡ xay bá»™t gáº¡o thá»i xÆ°a, 3 máº·t cáº£ thÃ¡p cÃ³ cá»­a nhÆ°ng Ä‘á»u xÃ¢y kin háº¿t.Má»™t nÃ©t vÄƒn hÃ³a cá»§a ngÆ°Æ¡i ChÄƒm, vá»›i hÃ¬nh tÆ°á»£ng chim tháº§n Ga-ru-Ä‘a, cÃ¡ch thÃ nh phá»‘ khoáº£ng 3 km.Nhá»› Ä‘áº¿n thÄƒm nha."
"Cáº§u ÄÃ´i liá»n vá»›i ThÃ¡p ÄÃ´iQuanh nÄƒm quáº¥n quÃ½t nhÆ° tÃ´i vá»›i nÃ ngThÃ¡p ÄÃ´i hay cÃ²n cÃ³ tÃªn lÃ  ThÃ¡p HÆ°ng Tháº¡nh. ThÃ¡p cáº¥u trÃºc khÃ¡ Ä‘á»™c Ä‘Ã¡o, Ä‘áº·c biá»‡t lÃ  ká»¹ thuáº­t mÃ i dÅ©a, láº¯p ghÃ©p cÃ¡c táº£ng Ä‘Ã¡ chá»“ng khÃ­t lÃªn nhau ráº¥t vá»¯ng cháº¯c.Quanh tÆ°á»ng phÃ­a ngoÃ i, cÃ¡c gÃ³c vÃ  trÃªn nÃ³c thÃ¡p cÃ³ nhiá»u bá»©c phÃ¹ Ä‘iÃªu cháº¡m kháº¯c cÃ¡c hÃ¬nh tÆ°á»£ng tháº§n, chim, thÃº tháº§n theo tÃ­n ngÆ°á»¡ng cá»§a ngÆ°á»i ChÄƒm ráº¥t sinh Ä‘á»™ng. ThÃ¡p ÄÃ´i má»™t lá»›n má»™t nhá» Ä‘á»©ng gáº§n ká» nhau nhÆ° cáº·p vá»£ chá»“ng quáº¥n quÃ­t. vÃ© vÃ o cá»­a 8k/ ngÆ°á»i"
"MÃ¬nh cÃ³ con báº¡n thÃ¢n 3 nÄƒm chÆ°a gáº·p, má»›i vá» nÆ°á»›c lÃ  lo xÃ¡ch balo lÃªn Ä‘i NhÃ  thá» lÃ²ng sÃ´ng liá»n (Ä‘Ã£ nghiÃªn cá»©u kÄ©ğŸ˜œ). NhÃ  thá» khÃ´ng quÃ¡ xa thÃ nh phá»‘, Ä‘i táº§m 25â€™ lÃ  tá»›i. NghÄ© mn chá»¥p hÃ¬nh chá»‰nh sá»­a má»›i áº£o Ä‘Æ°á»£c váº­y, nhÆ°ng khÃ´ng ngá» Ä‘áº¹p thiá»‡t. Hiá»‡n ra trÆ°á»›c máº¯t lÃ  má»™t nhÃ  thá» cá»• kÃ­nh, trang trá»ng, tÆ°á»Ÿng láº¡c lÃªn ÄÃ  Láº¡t ko hÃ ğŸ¤£. HÃ´m mÃ¬nh Ä‘i trá»i Ã¢m u, nÃªn táº¡o cáº£m giÃ¡c hÆ¡i huyá»n bÃ­ ná»¯a. LÃºc Ä‘Ã³ tá»›i nÆ¡i lÃ  11h15â€™, mÃ¬nh khÃ´ng biáº¿t lÃ  11h30â€™ Ä‘Ã³ng cá»­a, nÃªn chá»‰ chá»¥p Ä‘Æ°á»£c vÃ i táº¥m hÃ¬nh, 14h lÃ  má»Ÿ cá»­a láº¡i. NÃªn ai muá»‘n tráº£i nghiá»‡m thÃ¬ canh thá»i gian Ä‘i cho há»£p lÃ­ Ä‘á»ƒ cÃ³ Ä‘Æ°á»£c nhiá»u táº¥m áº£nh Ä‘áº¹p nha."
"View cháº¥t nha má»i ngÆ°á»i, nÃªn Ä‘i sá»›m sÃ¡ng vÃ¬ lÃºc nÃ y náº¯ng Ä‘áº¹p, trá»i láº¡i mÃ¡t ná»¯a , cÃ³ nhiá»u á»• cá»­a ráº¥t cá»• kÃ­nh, nhÃ¬n nhÆ° trá»i tÃ¢y váº­y Ã¡"
"NhÃ  thá» nÃ y á»Ÿ PhÆ°á»›c Thuáº­n chá»© k pháº£i PhÆ°á»›c SÆ¡n nha Ad, chá»¥p hÃ¬nh á»Ÿ Ä‘Ã¢y thÃ¬ háº¿t sáº©y, táº¿t vá»«a rá»“i, há»™i chá»‹ em nhÃ  mÃ¬nh diá»‡n Ã¡o dÃ i ra nhÃ  thá» chá»¥p áº£nh, chá»‰ cÃ³ thá»ƒ nÃ³i tuyá»‡t, khÃ´ng gian cá»• kÃ­nh, náº¯ng vá»«a pháº£i len qua hÃ ng cÃ¢y, Ä‘á»§ dá»‹u nháº¹, sÃ¡ng nÃªn thÆ¡ cho nhá»¯ng bá»©c hÃ¬nh sá»‘ng ao Ä‘Æ°á»£c trá»n váº¹n vÃ  cháº¥t lá»«"
"NhÃ  thá» Ä‘c xÃ¢y dá»±ng theo phong cÃ¡ch chÃ¢u Ã‚u, náº±m xa trung tÃ¢m nhÆ°ng ráº¥t dá»… Ä‘i theo hÆ°á»›ng dáº«n báº£n Ä‘á»“. VÃ o Ä‘Ã¢y ráº¥t mÃ¡t, giÃ³ lá»“ng lá»™ng, cáº£m giÃ¡c ráº¥t yÃªn bÃ¬nh"
"NhÃ  Thá» lÃ²ng SÃ´ng hay cÃ²n gá»i lÃ  Tiá»ƒu Chá»§ng Viá»‡n LÃ²ng SÃ´ng, tá»a láº¡c táº¡i thÃ´n Quáº£ng VÃ¢n, xÃ£ PhÆ°á»›c Thuáº­n, huyá»‡n Tuy PhÆ°á»›c, tá»‰nh BÃ¬nh Äá»‹nh. NÆ¡i Ä‘Ã¢y lÆ°u giá»¯ nÃ©t cá»• kÃ­nh, má»™c máº¡c, Ä‘áº·c biá»‡t nhá»¯ng cÃ¢y sao cá»• thá»¥. LÃºc mÃ¬nh tÃ¬m Ä‘Æ°á»ng trÆ°á»›c á»Ÿ nhÃ  thÃ¬ nghÄ© cháº¯c xa nÃªn dáº­y sá»›m. KhÃ´ng ngá» Ä‘i chÆ°a tá»›i 1 giá» Ä‘á»“ng há»“, cÃ³ Ä‘iá»u Ä‘Æ°á»ng hÆ¡i khÃ³ tÃ¬m, vÃ  mÃ¬nh pháº£i dá»«ng láº¡i ráº¥t nhiá»u láº§n Ä‘á»ƒ há»i ngÆ°á»i dÃ¢n Ä‘á»‹a phÆ°Æ¡ng. Ká»¹ thuáº­t xÃ¢y dá»±ng, phong cÃ¡ch kiáº¿n trÃºc vÃ  váº­t liá»‡u hiá»‡n Ä‘áº¡i mang Ä‘áº­m dáº¥u áº¥n chÃ¢u Ã‚u"
"Äáº£o nÃ y cÃ¡ch thÃ nh phá»‘ táº§m 45ph Ä‘i tÃ u/ cano , Ä‘á»£t mÃ¬nh Ä‘i trá»i náº¯ng , báº§u trá»i xanh mÃ  nÆ°á»›c cÅ©ng xanh , trong váº¯t Ã¡ , Ä‘áº¿n Ä‘Æ°á»£c Ä‘áº£o lÃ  tháº¥y tháº£ mÃ£n , cÃ¢y xanh , nÆ°á»›c trong , mÃ  bÃ  con á»Ÿ Ä‘Ã¢y cÅ©ng thÃ¢n thiá»‡n ná»¯a , Ä‘á»“ biá»ƒn mÃ¬nh Äƒn tÆ°Æ¡i ngon , Ä‘á»£t team mÃ¬nh Ä‘i , á»Ÿ láº¡i nhÃ  dÃ¢n ngá»§ 1 Ä‘Ãªm , bÃ¡nh trÃ¡ng trá»™n trÃªn Ä‘áº£o bÃ¡n 5k 1 bá»‹ch , mÃ  bá»‹ch to chÃ  bÃ¡ lá»­a , 2 cÃ¡i trá»©ng cÃºt vá»›i bÃ² khÃ´ dÃ y tÃºi luÃ´n , Äƒn dá»“ biá»ƒn cÅ©ng ráº» ná»¯a , cÃ³ cÃ¡i náº¯ng quÃ¡ , mÃ  trÃºng Ä‘á»£t cÃºp Ä‘iá»‡n nÃªn máº¥y Ä‘á»©a mÃ¬nh nhÆ° muá»‘n cháº£y má»¡ luÃ´n. trÃªn Ä‘áº£o cÃ³ ngá»n háº£i Ä‘Äƒng , sÃ¡ng sá»›m chá»‹u khÃ³ leo nÃºi ngáº¯m háº£i Ä‘Äƒng lÃ  cÃ³ nguyÃªn an bum áº£nh Ä‘Äƒng cáº£ tuáº§n hengnáº¿u cÃ³ cÆ¡ há»™i sáº½ quay lai"
"Äá»ƒ Ä‘áº¿n cÃ¹ lao Xanh khÃ¡ khÃ³ khÄƒn, Ä‘áº§u tiÃªn báº¡n gá»­i xe á»Ÿ cáº£ng Quy NhÆ¡n, á»Ÿ Ä‘Ã¢y cÃ¡c báº¡n cÃ³ thá»ƒ mua Ã¡o phao vÃ  kÃ­nh láº·n Ä‘á»ƒ ngáº¯m san hÃ´, sau Ä‘Ã³ lÃªn tÃ u, nhá»› lÃ  má»—i ngÃ y chá»‰ cÃ³ 2 chuyáº¿n sÃ¡ng chiá»u thÃ´i, vÃ© tÃ u lÃ  20k, nhÆ°ng mÃ  cÃ³ lá»‡ phÃ­ thuyá»n chÃ¨o chá»Ÿ báº¡n tá»« tÃ u vÃ´ bá» lÃ  5k ná»¯a :)) Báº¡n nÃ o khÃ´ng bá»‹ say tÃ u xe cÃ³ thá»ƒ ra ngoÃ i máº¡n thuyá»n hÃ³ng giÃ³, coi cÃ¡ chim nháº£y theo Ä‘Ã n vÃ  ranh giá»›i Ä‘á»•i mÃ u nÆ°á»›c biá»ƒn ná»¯a!Ra Ä‘áº¿n Ä‘áº£o má»›i tháº¥y biá»ƒn á»Ÿ Ä‘Ã¢y ráº¥t ráº¥t chi lÃ  trong xanh nha, nÆ°á»›c sÃ¢u hÆ¡n chá»¥c mÃ©t mÃ  váº«n tháº¥y Ä‘Ã¡y, tháº¥y cÃ¡ bÆ¡i bÃªn dÆ°á»›i thÃ­ch vÃ´ cÃ¹ng. Äáº£o cÃ²n hoang sÆ¡ láº¯m, dá»‹ch vá»¥ chÆ°a phÃ¡t triá»ƒn nhiá»u, tuy nhiÃªn nhá» váº­y mÃ  Ä‘á»“ Äƒn khÃ¡ ráº». Báº¡n cÃ³ thá»ƒ thuÃª nhÃ  nghá»‰ cá»§a ngÆ°á»i dÃ¢n trÃªn Ä‘áº£o vá»›i giÃ¡ 120k má»™t Ä‘Ãªm, tuy nhiÃªn Ä‘á»£t Ä‘Ã³ mÃ¬nh Ä‘i gáº·p má»™t chÃº nghá»‡ sÄ© hÃ¡t bÃ i chÃ²i ná»•i tiáº¿ng cá»§a BÃ¬nh Äá»‹nh, láº¡i cÃ²n Ä‘Æ°á»£c chÃº cho á»Ÿ nhá» ná»¯a ^^. TrÆ°a vÃ  chiá»u cÃ¡c báº¡n cÃ³ thá»ƒ leo nÃºi chá»¥p áº£nh vá»›i cá»™t má»‘c vÃ  háº£i Ä‘Äƒng, tuy nhiÃªn hÆ¡i náº¯ng, cÃ³ thá»ƒ ra bÃ£i táº¯m vÃ  láº·n ngáº¯m san hÃ´, tuy nhiÃªn san hÃ´ cÃ²n Ã­t, xÃ¡c nhiá»u, Ä‘Ã¡ nhiá»u, dá»… sá»©t chÃ¢n nÃªn cáº©n tháº­n. Tá»‘i hÃ´m Ä‘Ã³ Ä‘Æ°á»£c nghe chÃº vá»«a Ä‘Ã¡nh Ä‘Ã n ghi ta vá»«a hÃ¡t free luÃ´n, má»—i tá»™i nhÃ³m khÃ´ng cÃ³ ai thuá»™c máº¥y bÃ i xÆ°a xÆ°a nÃªn khÃ´ng thá»ƒ hÃ¡t cÃ¹ng chÃº. Äáº£o táº¯t Ä‘iá»‡n vÃ o lÃºc 11h Ä‘Ãªm, trá»i tá»‘i om luÃ´n, náº±m ngáº¯m sao thÃ¬ thuyá»‡t háº¿t sáº£y!"
"NÆ°á»›c trong xanh, Ä‘á»£t nÃ y mÃ¬nh Ä‘i, trá»i náº¯ng nháº¹ nÃªn cÅ©ng thoáº£i mÃ¡i, cÃ³ cÃ¡i hÆ¡i xa trung tÃ¢m, nÃªn Ä‘i hÆ¡i lÃ¢u chÃºt, nhÆ°ng Ä‘áº¿n nÆ¡i, Ä‘áº¹p quÃ¡ chá»«ng nÃªn cÃ³ thá»ƒ cho qua dc, chá»— nÃ y chá»¥p áº£nh cÆ°á»›i Ä‘áº¹p láº¯m nÃ¨! chÃ¡c cháº¯n sáº½ quay láº¡i"
"Láº·n á»Ÿ HÃ²n KhÃ´ cá»±c kÃ¬ Ä‘Ã£,nhiá»u san hÃ´ vÃ  cÃ¡.Náº¿u ai báº¯t Ä‘Æ°á»£c con gÃ¬ thÃ¬ Ä‘em lÃªn bá» náº¥u chÃ­n rá»“i Äƒn Ä‘Ã£ thui.Náº¿u báº¡n Ä‘ang á»Ÿ bÃªn bÃ£i KÃ¬ co thÃ¬ báº¡n cÃ³ thá»ƒ qua bÃªn HÃ²n KhÃ´ Ä‘á»ƒ ngáº¯m san hÃ´,Ä‘i ca nÃ´ chá»‰ máº¥t 10-15 phÃºt thÃ´i.Äáº·c biáº¿t nháº¥t lÃ  chinh phá»¥c dÃ£y nÃºi Ä‘Ã¡ trÃªn Ä‘áº£o.DÃ£y nÃºi ráº¥t cao vÃ  chá»¥p hÃ¬nh ráº¥t Ä‘áº¹p.Má»i ngÆ°á»i nhá»› qua HÃ²n KhÃ´ Ä‘á»ƒ tráº I nghiá»‡m 1 láº§n nhÃ©!"
"Nghe Ä‘á»“n láº¡i thÃ¬ khi há» khai thÃ¡c du lá»‹ch á»Ÿ Ä‘Ã¢y lÃ  cÃ¢y cá»‘i ko má»c ná»•i mÃ  khÃ´ sÆ¡ chá»‰ cÃ³ cá» nhÃº lÃªn. MÃ  sau th.gian khai thÃ¡c du lá»‹ch thÃ¬ cÃ³ váº» sá»± sá»‘ng Æ°Æ¡m máº§m nÃªn kháº¥n khÃ¡ hÆ¡n.Cháº¡y tá»« Quy NhÆ¡n ra biá»ƒn nÃ y cÅ©ng hÆ¡i xa xa, nhÆ°ng con Ä‘Æ°á»ng cháº¡y cÃ³ cáº£nh Ä‘áº¹p láº¯m. CÃ¢y cá»‘i xanh tÆ°Æ¡i ngÃºt ngÃ¡tNgÆ°á»i phá»¥c vá»¥ du lá»‹ch á»Ÿ Ä‘Ã¢y cÅ©ng khÃ¡ tá»‘t, táº¡o thiá»‡n cáº£m. ( vÃ¬ á»Ÿ Ä‘Ã¢y lÃ  cÃ¡c cÃ´ chÃº lÃ m chá»© ko pháº£i Ä‘c Ä‘Ã o táº¡o gÃ¬ nÃªn náº¿u lÃ  khÃ¡ch thÃ¬ nÃªn thÃ´ng cáº£m chá»© Ä‘á»«ng Ä‘Ã²i pháº£i chuyÃªn nghiá»‡p)Äá»“ Äƒn lÃ  Ä‘á»“ biá»ƒn tÆ°Æ¡i nhÆ°ng cÅ©ng kiá»ƒu bÃ¬nh dÃ¢n thÃ´i chá»© ko Ä‘áº·c sáº¯c.Cáº£nh biá»ƒn á»Ÿ Ä‘Ã¢y Ä‘áº¹p láº¯m, cÃ³ cÃ¡i cáº§u gá»— dÃ i vÃ  Ä‘Æ°á»ng cÃ¡t dÃ i á»Ÿ giá»¯a bá» biá»ƒnPhÃ­ mÃ¬nh Ä‘i lÃ  300k gá»“m Äƒn, Ä‘i tÃ u cano ra vÃ o bá», láº·n ráº·n sanho"
Láº§n Ä‘áº§u tiÃªn Ä‘i hÃ²n khÃ´ nhÆ°ng cáº£m giÃ¡c cÃ²n quÃ¡ hoang sÆ¡. TrÃªn Ä‘áº£o chá»‰ cÃ³ 1 dáº£i cÃ¡t bÃ© & 1 quÃ¡n Äƒn nhá» nÃªn má»i ng tá»‘t nháº¥t chuáº©n bá»‹ Ä‘áº§y Ä‘á»§ tá»« trong Ä‘áº¥t liá»n. CÃ³ cÃ¢y cáº§u gá»— chá»¥p hÃ¬nh khÃ¡ lá»«a tÃ¬nh..kk
"Theo cáº§u Thá»‹ Náº¡i - cÃ¢y cáº§u vÆ°á»£t biá»ƒn dÃ i nháº¥t Viá»‡t Nam, hÃ nh trÃ¬nh tiáº¿n vá» xÃ£ NhÆ¡n Háº£i, Ä‘i theo con Ä‘Æ°á»ng tráº£i nhá»±a báº±ng pháº³ng cÃ¹ng náº¯ng vÃ  giÃ³ mÃ¹a hÃ¨ Ä‘á»ƒ Ä‘áº¿n Ä‘Æ°á»£c bÃ£i biá»ƒn vÃ  san hÃ´ HÃ²n KhÃ´.ÄÃ¢y cÅ©ng lÃ  má»™t Ä‘iá»ƒm du lá»‹ch tÆ°Æ¡ng Ä‘á»‘i má»›i vá»›i nhiá»u du khÃ¡ch. Äáº¿n vá»›i Ä‘áº£o HÃ²n KhÃ´ cÃ³ hai tráº£i nghiá»‡m Ä‘áº§y thÃº vá»‹ mÃ  du khÃ¡ch khÃ´ng thá»ƒ bá» qua Ä‘Ã³ chÃ­nh lÃ  láº·n ngáº¯m san hÃ´ dÆ°á»›i biá»ƒn vÃ  chinh phá»¥c dÃ£y nÃºi Ä‘Ã¡ trÃªn Ä‘áº£o. ÄÃ¢y dá»± lÃ  Ä‘á»‹a Ä‘iá»ƒm lÃ½ tÆ°á»Ÿng cho cÃ¡c báº¡n tráº» trong vÃ  ngoÃ i tá»‰nh Ä‘áº¿n tham quan vÃ  du lá»‹ch."
"Tá»‘n tiá»n vÃ´ cá»•ng 63k /2 ng cÃ²n lá»™i bá»™ thÃªm 2,5km má»›i lÃªn dc tá»›i nÆ¡i mÃ  k co ai ngoáº¡i trá»« máº¥y a nhÃ¢n viÃªn ..... máº¥t cÃ´ng cháº¡y xe tá»« ngoÃ i tp vÃ o"
"ÄÃ£ Ä‘áº¿n Ä‘Ã¢y r nhÆ°ng lÃºc cÃ²n nhá» Ä‘i cÃ¹ng gia Ä‘Ã¬nh , tuy lÃ  mÃ¹a hÃ¨ ráº¥t nÃ³g nhÆ°ng khi bÆ°á»›c chÃ¢n vÃ o dÆ°á»ng nhÆ° má»i cÃ¡i náº¯ng nÃ³ng Ä‘á»u xua tan Ä‘i háº¿t ,xung quanh toÃ n rá»«ng nÃºi cÃ³ váº» cÃ²n nguyÃªn sinh háº¿t. ráº¥t muá»‘n ghÃ© láº¡i chÆ¡i mÃ  chÆ¡i cÃ³ dá»‹p"
"CÃ¡ch trung tÃ¢m thÃ nh phá»‘ Quy NhÆ¡n 30km, Háº§m HÃ´ Ä‘c coi lÃ  khu du lá»‹ch sinh thÃ¡i Ä‘áº§u tiÃªn cá»§a BÃ¬nh Äá»‹nh Ä‘Æ°á»£c nhiá»u ngÆ°á»i Ä‘áº¿n tham quan vÃ  vui chÆ¡i, á»Ÿ Ä‘Ã¢y cÃ¡c báº¡n sáº½ Ä‘Æ°á»£c Ä‘i thuyá»n ra sÃ´ng vÃ  khu vá»±c thÃ¡c Ä‘á»ƒ nghÄ© dÆ°á»¡ng vÃ  táº¯m sÃ´ng... thÃ¡c nÆ°á»›c cháº£y trong Ã¡nh náº¯ng cá»§a buá»•i sÃ¡ng trong khu sinh thÃ¡i táº¡o nÃªn má»™t bá»©c tranh hÃ¹ng vÄ© vÃ  Ä‘áº§y mÃ u sáº¯c cá»§a vÃ¹ng quÃª BÃ¬nh Äá»‹nh... náº¿u cÃ¡c báº¡n muá»‘n du ngoáº¡n hoáº·c Ä‘i chÆ¡i xa thÃ¬ Háº§m HÃ´ lÃ  má»™t Ä‘á»‹a Ä‘iá»ƒm lÃ½ tÆ°á»Ÿng Ä‘á»ƒ cÃ¡c báº¡n Ä‘áº¿n vui chÆ¡i vÃ  táº¯m suá»‘i trong lÃ nh..."
"Nghe báº£o bÃ£i nÃ y cÃ³ tÃªn lÃ  bÃ£i HoÃ ng háº­u vÃ¬ trÆ°á»›c cÃ³ HoÃ ng háº­u táº¯m á»Ÿ Ä‘Ã¢y. NhÆ°ng mÃ¬nh thÃ¬ tháº¥y Ä‘á»‹a tháº¿ hiá»ƒm trá»Ÿ bá» xá»« vÃ¬ toÃ n Ä‘Ã¡ )) ngÃ y xÆ°a cháº¯c HoÃ ng háº­u Ä‘Æ°á»£c khiÃªng xuá»‘ng nÃªn báº£ khÃ´ng tháº¥y má»‡t. Nghe thÃªm ná»¯a lÃ  Ä‘Ã¡ á»Ÿ Ä‘Ã¢y trÃ²n xoe xoe nÃªn cÃ²n Ä‘Æ°á»£c gá»i lÃ  bÃ£i trá»©ng. HÃ´m mÃ¬nh Ä‘i qua cÅ©ng nháº­p nhoáº¡ng tá»‘i rá»“i nÃªn khÃ´ng á»Ÿ láº¡i lÃ¢u. NhÆ°ng tháº¥y á»Ÿ Ä‘Ã¢y dá»‹ch vá»¥ cÃ¡c thá»© phÃ¡t triá»ƒn pháº¿t, biá»ƒn chá»‰ dáº«n, cáº§u thang cáº©n tháº­n. PhÃ­a trÃªn cÃ²n cÃ³ cÃ¡c thá»ƒ loáº¡i nhÃ  hÃ ng ná»¯a, cÃ³ hÃ ng tÃªn HoÃ ng háº­u luÃ´n ))"
"Trong má»™t láº§n cÃ³ dá»‹p Ä‘áº¿n Quy NhÆ¡n Ä‘Æ°á»£c Ä‘á»©a báº¡n (dÃ¢n Ä‘á»‹a phÆ°Æ¡ng) dáº«n Ä‘áº¿n nÆ¡i nÃ y.Äá»‹a Ä‘iá»ƒm nÃ y cÃ¡ch thÃ nh phá»‘ Quy NhÆ¡n cÅ©ng khÃ´ng xa láº¯m, quÃ£ng Ä‘Æ°á»ng Ä‘i cÅ©ng ráº¥t thuáº­n tiá»‡n. CÃ³ tÃªn lÃ  bÃ£i táº¯m HoÃ ng Háº­u vÃ¬ trÆ°á»›c Ä‘Ã¢y cÃ³ má»™t hoÃ ng háº­u Ä‘i ngang chá»• nÃ y tháº¥y biá»ƒn quÃ¡ Ä‘áº¹p nÃªn Ä‘Ã£ xuá»‘ng táº¯m (do Ä‘á»c lÃ¢u quÃ¡ mÃ¬nh k nhá»› rÃµ ná»¯a) :)) Biá»ƒn á»Ÿ Ä‘Ã¢y trong xanh, sáº¡ch sáº½, nhÃ¬n lÃ  muá»‘n táº¯m ngay. TrÃªn bÃ£i cÃ³ nhiá»u hÃ²n Ä‘Ã¡ nhÃ¬n nhÆ° nhá»¯ng cÃ¡i trá»©ng nÃªn bÃ£i nÃ y cÃ²n Ä‘Æ°á»£c gá»i lÃ  BÃ£i Trá»©ng. Nhá»¯ng viÃªn Ä‘Ã¡ to nhá» khÃ¡c nhau, nhÃ¬n nháºµn bÃ³ng táº¡o nÃªn sá»± Ä‘áº·c biá»‡t cho bÃ£i biá»ƒn nÃ y.PhÃ­a trÃªn cÃ³ nhÃ  hÃ ng HoÃ ng Háº­u, ráº¥t thoÃ¡ng mÃ¡t sáº¡ch sáº½, giÃ¡ cáº£ cÅ©ng ráº¥t há»£p lÃ­ pháº£i chÄƒng. HÃ£y tÆ°á»£ng tÆ°á»£ng, vÃ o trÆ°a hÃ¨ náº¯ng nÃ³ng báº¡n Ä‘áº¿n nÆ¡i nÃ y dÃ¹ng bá»¯a, cÃ¡i giÃ³ mÃ¡t vÃ  sá»± trong xanh cá»§a biá»ƒn kÃ¨m vá»›i sá»± tÆ°Æ¡i ngon cá»§a háº£i sáº£n nhÆ° xua tan cÃ¡i náº¯ng nÃ³ng cá»§a ngÃ y hÃ¨. Trong khu vá»±c nÃ y cÃ²n cÃ³ nhiá»u Ä‘á»‹a Ä‘iá»ƒm khÃ¡c nhÆ° má»™ HÃ n Máº¡c Tá»­, HÃ²n Chá»“ng... báº¡n cÃ³ thá»ƒ káº¿t há»£p thÄƒm quan trong chuyáº¿n Ä‘i Ä‘áº¿n bÃ£i táº¯m HoÃ ng Háº­u nÃ y."
"Nhá»¯ng hÃ²n Ä‘Ã¡ bá»‹ mÃ i mÃ²n trÃ²n giá»‘ng nhÆ° quáº£ trá»©ng nÃªn nÆ¡i Ä‘Ã¢y cÃ²n Ä‘Æ°á»£c gá»i lÃ  bÃ£i trá»©ng, náº±m cáº£nh khu du lá»‹ch ghá»nh rÃ¡ng vÃ  má»™ HÃ n máº·c Tá»­"
"Resort Ä‘áº¹p vá»›i tÃ´ng mÃ u nÃ¢u tráº§m áº¥m cÃºng. NhÃ¢n viÃªn nhiá»‡t tÃ¬nh mÃ¬nh ráº¥t thÃ­ch:)Biá»ƒn Quy NhÆ¡n ngoÃ i 3 thÃ¡ng cÃ³ thá»ƒ bÆ¡i Ä‘Æ°á»£c thÃ¬ biá»ƒn Ä‘á»™ng hay cÃ³ cÃ¡ máº­p dáº¡t bá»:(( á»Ÿ Ä‘Ã¢y ngta cá»© Ä‘á»ƒ lÆ°á»›i báº¯t tÃ´m gáº§n bá» nÃªn cÃ¡ cá»© dáº¡t vÃ o biá»ƒn. NÆ°á»›c biá»ƒn trong,hÃ²a mÃ¬nh vá»›i thiÃªn nhiÃªn bÆ¡i cÃ¹ng Ä‘Ã n cÃ¡ bÃ© lun:v, mÃ¬nh cÃ²n bá»‹ cua cáº¯p chÃ¢n huhu. CÃ³ hÃ´m vá»«a táº¯m biá»ƒn xong lÃªn fog nghe tin vá»«a cÃ³ ngÆ°á»i dÃ¢n báº¯t Ä‘Æ°á»£c con cÃ¡ máº­p gáº§n bá» rá»“i bÃ¡n:v. Sá»£ cÅ©ng k dÃ¡m táº¯m biá»ƒn ná»¯a Ä‘Ã nh táº¯m bá»ƒ bÆ¡i thui:(( chá»‰ dÃ¡m Ä‘i dáº¡o.ÄÆ°á»£c cÃ¡i háº£i sáº£n á»Ÿ Quy NhÆ¡n ráº¥t ráº», bá» bá» to Ä‘Ã¹ng Äƒn Ä‘Ã£ nháº¯m^^"
Beautiful & excellent.
"Náº±m trong Khu du lá»‹ch Cá»­a Biá»ƒn, ven Äáº§m Thá»‹ Náº¡i vá»›i khÃ´ng gian xanh trong lÃ nh, Khu nhÃ  gá»— vá»›i kiá»ƒu thiáº¿t káº¿ báº¯t máº¯t, hÃ²a mÃ¬nh vá»›i thiÃªn nhiÃªn, nhá»¯ng gÃ¬ tá»«ng cÄƒn nhÃ  gá»— xinh xáº¯n nÃ y mang Ä‘áº¿n cho báº¡n chÃ­nh lÃ  lÃ£ng máº¡n khi ngáº¯m hoÃ ng hÃ´n trÃªn BÃ¡n Ä‘áº£o PhÆ°Æ¡ng Mai vÃ  ğ‘ ğ‘¢Ì›Ì£ ğ‘¡â„ğ‘¢Ì› ğ‘”ğ‘–ğ‘Ìƒğ‘›, ğ‘¡â„ğ‘œğ‘Ì‰ğ‘– ğ‘šğ‘Ìğ‘– ğ‘£ğ‘Ì€ ğ‘ğ‘Ì‰ğ‘š ğ‘”ğ‘–ğ‘Ìğ‘ ğ‘˜â„ğ‘œğ‘ğ‘› ğ‘˜â„ğ‘œğ‘Ìğ‘– ğ‘›ğ‘”ğ‘ğ‘¦ ğ‘˜â„ğ‘– ğ‘¡â„ğ‘¢Ì›Ìğ‘ ğ‘‘ğ‘Ì£Ì‚ğ‘¦ bÃªn CÃ¢y Cáº§u Thá»‹ Náº¡i vÃ o má»—i buá»•i sÃ¡ng, cÃ¹ng gia Ä‘Ã¬nh tráº£i nghiá»‡m nhá»¯ng buá»•i tiá»‡c BBQ vá»›i khÃ´ng gian ngoÃ i trá»i tháº­t áº¥n tÆ°á»£ng. Khu du lá»‹ch cÃ²n lÃ  má»™t cÃ´ng viÃªn Ä‘áº­m cháº¥t thiÃªn nhiÃªn hoang dÃ£, vá»›i cáº£nh quan Ä‘á»“i nÃºi, rá»«ng, biá»ƒn Ä‘a dáº¡ng, káº¿t há»£p vá»›i nhiá»u dá»‹ch vá»¥ vui chÆ¡i, thá»ƒ thao, giáº£i trÃ­ dÃ nh cho má»i lá»©a tuá»•i Ä‘á»ƒ báº¡n cÃ¹ng chia sáº½ thá»i gian quÃ½ bÃ¡u vá»›i nhiá»u niá»m vui cÃ¹ng gia Ä‘Ã¬nh. HÃ£y Ä‘áº¿n vÃ  cÃ³ nhá»¯ng khoáº£ng thá»i gian khÃ³ quÃªn vá» nÆ¡i Ä‘Ã¢y."
Äá»‹a Ä‘iá»ƒm vui chÆ¡i táº¡i thÃ nh phá»‘ Quy NhÆ¡n
"Biá»ƒn Quy HÃ²a lÃ  má»™t trong nhá»¯ng bÃ£i biá»ƒn Ä‘áº¹p nháº¥t cá»§a Quy NhÆ¡n.KhÃ´ng khÃ­ trong lÃ nh,mÃ¡t máº».BÃ£i cÃ¡t thÃ¬ vÃ ng vÃ  ráº¥t má»‹n.ThÃ­ch há»£p Ä‘i vÃ o buá»•i chiá»u khoáº£ng 3h.Sau khi táº¯m biá»ƒn xong thÃ¬ táº¯m nÆ°á»›c ngá»t vÃ  thÆ°á»Ÿng thá»©c nhá»¯ng mÃ³n Äƒn váº·t trÃªn vá»‰a hÃ¨.Ã”i thÃ­ch quÃ¡ Ä‘i!Ai Ä‘áº¿n Quy NhÆ¡n thÃ¬ khÃ´ng nÃªn bá» qua Ä‘á»‹a Ä‘iá»ƒm nÃ y!"
"Biá»ƒn quy hÃ²a lÃ  1 quáº§n thá»ƒ bao gá»“m tráº¡i phong quy hÃ²a, khu vÆ°á»n tÆ°á»£ng danh nhÃ¢n, nhÃ  lÆ°u niá»‡m nhÃ  thÆ¡ HÃ n Máº·c Tá»­ vÃ  khu Äƒn uá»‘ng dÃ nh cho khÃ¡ch du lá»‹ch. khu vÆ°á»n tÆ°á»£ng danh y náº±m vá» phÃ­a tay pháº£i. Quáº§n thá»ƒ khu vÆ°á»n cÃ³ 40 bá»©c tÆ°á»£ng bÃ¡n thÃ¢n cá»§a cÃ¡c báº­c danh y ÄÃ´ng TÃ¢y kim cá»•, tá»« Háº£i ThÆ°á»£ng LÃ£n Ã”ng Ä‘áº¿n Hippocrate, tá»« H.Dunant Ä‘áº¿n GS TÃ´n Tháº¥t TÃ¹ngâ€¦ BÃªn ngoÃ i vÆ°á»n tÆ°á»£ng lÃ  Biá»ƒn Quy HÃ²a dá»‹u dÃ ng, xanh mÃ¡t, nhá»¯ng hÃ ng liá»…u rá»§ táº¡o nÃªn 1 phong cáº£nh cá»±c kÃ¬ thÆ¡ má»™ng"
"KhÃ´ng gian háº¿t sá»©c rá»™ng lá»›n, Ä‘i tá»« cá»•ng vÃ o Ä‘áº¿n Ä‘Ã n táº¿ trá»i má»i chÃ¢n luÃ´n Ä‘Ã³, Ä‘ang quÃ¡ trÃ¬nh xÃ¢y dá»±ng cÃ¢y xanh chÆ°a nhiá»u nÃªn náº¿u Ä‘i vÃ o buá»•i trÆ°a thÃ¬ ráº¥t náº¯ng"
ÄÃ n táº¿ trá»i nÃ y náº±m trong má»™t khu vá»±c heo hÃºt á»Ÿ TÃ¢y SÆ¡n BÃ¬nh Äá»‹nh. Ná»•i tiáº¿ng lÃ  quÃª hÆ°Æ¡ng cá»§a Nguyá»…n Huá»‡ nÃªn mÃ¬nh quyáº¿t Ä‘á»‹nh tá»›i Ä‘Ã¢y xem thá»­. ÄÆ°á»ng vÃ o cÃ¡ch Ä‘Æ°á»ng chÃ­nh khoáº£ng 5km mÃ  láº¡i pháº£i má»Ÿ báº£n Ä‘á»“ ra xem chá»© ko cÃ³ chá»‰ dáº«n. Äá»n rá»™ng vÃ  cÃ³ chá»«ng nÄƒm sÃ¡u chá»¥c báº­c thang lÃªn tá»›i Ä‘á»‰nh. Leo khoáº£ng 10 phÃºt lÃ  tá»›i dÃ¹ hÆ¡i má»‡t. LÃºc mÃ¬nh Ä‘i thÃ¬ chá»‰ cÃ³ Ä‘Ã¡m tá»¥i mÃ¬nh. BÃªn trÃªn lÃ  Ä‘Ã n táº¿ bá»‘n máº·t Ä‘Æ°á»£c bao bá»c bá»Ÿi nÃºi vÃ  nÃºi nhÃ¬n ráº¥t thÃ­ch
