"TÃ¬m kiáº¿m trÃªn máº¡ng vÃ´ tÃ¬nh nháº­n review tá»‘t vá» quÃ¡n nÃªn Ä‘i thá»­.KhÃ´ng giá»i vá» rÆ°á»£u, Ä‘Æ°á»£c máº¥y em nhÃ¢n viÃªn tÆ° váº¥n dá»… thÆ°Æ¡ng, khÃ´ng gian áº¥m cÃºng, nháº¡c nháº¹ nhÃ ng vá»«a Ä‘á»§ nghe. Nay mÃ¬nh Ä‘i má»™t mÃ¬nh, nÃªn máº¥y em cÃ²n trÃ² chuyá»‡n cho mÃ¬nh qua thá»i gian. Cáº£m Æ¡n team Eureka Ä‘Ã£ cho chá»‹ tráº£i nghiá»‡m nÃ y nhe"
"QuÃ¡n bar nhá», khÃ´ng khÃ­ ráº¥t áº¥m Ã¡p, cÃ¡c báº¡n pha cháº¿ ráº¥t thÃ¢n thiá»‡n vÃ  nhiá»‡t tÃ¬nh, sáº½ tÆ° váº¥n loáº¡i cocktail phÃ¹ há»£p náº¿u báº¡n chÆ°a biáº¿t nÃªn uá»‘ng gÃ¬..LÃºc mÃ¬nh vÃ o cÃ²n cÃ³ Ä‘Ã n guitar vÃ  hÃ¡t khÃ¡ hay..LÃ  Ä‘á»‹a Ä‘iá»ƒm thÃ­ch há»£p Ä‘i cÃ¹ng báº¡n thÃ¢n, ngÆ°á»i yÃªu ğŸ˜"
"KhÃ´ng gian quaÌn rÃ¢Ìt retro Ä‘uÌng kiÃªÌ‰u miÌ€nh thiÌch, taÌch biÃªÌ£t khoÌ‰i nhÆ°Ìƒng Ã´Ì€n aÌ€o ngoaÌ€i kia. RÃ¢Ìt Ä‘aÌng Ä‘ÃªÌ‰ thÆ°Ì‰ mÃ´Ì£t lÃ¢Ì€n, baÌ£n seÌƒ yÃªu nÆ¡i naÌ€y mÃ¢Ìt... â¤"
"má»™t nÆ¡i thÆ° tuyá»‡t vá»i giÃ nh cho nhá»¯ng ngÆ°á»i muá»‘n tÃ¬m kiáº¿m sá»± yÃªn tÄ©nh nhÆ° mÃ¬nh. cocktail ğŸ¸ğŸ¸ğŸ¤¤ ráº¥t ok, bartender thÃ¢n thiá»‡n."
"KhÃ´ng gian tuyá»‡t voi. Thuc uá»‘ng ngon, khÃ´ng gian sang trá»ng áº¥m cÃºng."
"nháº¡c hay, rÆ°á»£u ngon,khÃ´ng gian nháº¹ nhÃ ng cÃ²n j báº±ng... sáº½ á»§ng há»™ dÃ i dÃ i.."
ÄÃ£ tá»›i rá»“i nhÆ°ng khÃ´ng hÃ i lÃ²ng service vÃ  thá»©c uá»‘ng. VÃ¬ mÃ¬nh Ä‘Ã£ uá»‘ng nhiá»u quÃ¡n cocktail khÃ¡c nhau rá»“i nhÃ©.1 láº§n khÃ´ng láº§n sau.MÃ¹ng 1 táº¿t
"QuÃ¡n náº±m vá»‹ trÃ­ trung tÃ¢m thÃ nh phá»‘, khÃ´ng gian phÃ­a trong áº¥m cÃºng, nhÃ¢n viÃªn ráº¥t nhiá»‡t tÃ¬nh, Ä‘Ã¡ng Ä‘á»ƒ tÃ´i dÃ y vÃ² pháº£i há»c há»i theo ráº¥t nhiá»u tá»« anh bartender vui tÃ¡nh vÃ  dá»… hÆ°Æ¡ng."
"Äi xong vá» thÃ¬ chá»‰ muá»‘n review láº¡i cho má»i ngÆ°á»i thÃ´i, quÃ¡n gÃ¬ mÃ  nhÃ¢n viÃªn cÆ°ng dá»… sá»£, nhiá»‡t tÃ¬nh, cocktail uá»‘ng xong muá»‘n tan cháº£y, khÃ´ng gian áº¥m cÃºng , trá»i láº¡nh nhÆ° tháº¿ nÃ y ná»¯a chá»‰ muá»‘n ngá»§ láº¡i luÃ´n v. Ä‘Ã³. KhÃ´ng gian lÃ£ng máº¡n. Láº§n sau sáº½ dáº«n theo n.y tá»›i luÃ´n nÃ¨ğŸ˜‚ğŸ˜‚ I'm falling in love with this barğŸ˜‚ğŸ˜‚"
"KhÃ´ng gian sang trá»ng thÃ­ch há»£p Ä‘á»ƒ má»i ngÆ°á»i chill, nhÃ¢n viÃªn nhiá»‡t tÃ¬nh ... Cocktail cá»±c ngon, bartender thÃ¢n thiá»‡n vÃ  vui váº» ğŸ˜"
"Cocktail ngon, khÃ´ng gian nháº¹ nhÃ ng lÃ£ng mÃ£n"
"KhÃ´ng gian rÃ¢Ìt Ã¢Ìm cuÌng, sang troÌ£ng, tinh tÃªÌ. MÃ¢Ìy anh chiÌ£ nhÃ¢n viÃªn nhiÃªÌ£t tiÌ€nh vui veÌ‰ hoaÌ€ Ä‘Ã´Ì€ng. NÆ°Æ¡Ìc uÃ´Ìng rÃ¢Ìt wonderful moÌ£i ngÆ°Æ¡Ì€i aÌ£...MoÌ£i ngÆ°Æ¡Ì€i nhÆ¡Ì Ä‘ÃªÌn uÌ‰ng hÃ´Ì£ nhaâ¤"
Bartender Ä‘áº¹p trai nhiá»‡t tÃ¬nh thÃ¢n thiá»‡n. KhÃ´ng gian chill Ä‘á»“ uá»‘ng ngon. Sáº½ quay láº¡i náº¿u cÃ³ dá»‹p.
"QuÃ¡n khÃ´ng gian chill, Ä‘áº¹p, anh bartender ráº¥t friendly, Ä‘á»“ uá»‘ng ngon, vá»‹ trÃ­ Ä‘áº¹p dá»… tÃ¬m, highly recommend this!!"
"pha cháº¿ nÆ°á»›c ngon vÃ  sÃ¡ng táº¡o, khÃ´ng gian áº¥m Ã¡p. gÃ­a cáº£ há»£p lÃ­."
"Äá»“ uá»‘ng tinh táº¿, khÃ´ng gian áº¥m kÃ­n táº¡o nÃªn má»™t cáº£m giÃ¡c khÃ³ táº£, cháº¯c cháº¯n lÃ  sáº½ Ä‘i láº§n sau"
Äá»“ uá»‘ng ngon nháº¡c chill thÃ­ch há»£p Ä‘á»ƒ quáº©y cÃ¹ng Ä‘á»“ng bá»n.CÃ³ cÆ¡ há»™i sáº½ quay láº¡i láº§n ná»¯a
"Ráº¥t thÃ­ch há»£p cho cÃ¡c báº¡n tráº» chill vÃ o cuá»‘i tuáº§n, sáº½ quay láº¡i Ä‘Ã¢y náº¿u cÃ³ cÆ¡ há»™i ğŸ˜ğŸ˜ğŸ˜"
"NÆ°á»›c uá»‘ng ngon, khÃ´ng gian yÃªn tÄ©nh, Ã¢m nháº¡c tuyá»‡t vá»i"
Dá»‹ch vá»¥ khÃ¡ tá»‘t . RÆ°á»£u ráº¥t ngon. Phá»¥c vá»¥ nhiá»‡t tÃ¬nh.
"YÃªn tÄ©nh, menu phong phÃº, nhÃ¢n viÃªn lá»‹ch sá»±..."
VÃ o Ä‘Ã¢y Ä‘Æ°á»£c giao lÆ°u vá»›i ngÆ°á»i ngoÃ i ğŸ˜˜ğŸ˜˜ğŸ˜˜
(Báº£n dá»‹ch cá»§a Google) Quáº§y bar phá»¥c vá»¥ cocktail tuyá»‡t vá»i vá»›i Ä‘á»“ uá»‘ng ngon vÃ  má»™t cáº£m giÃ¡c tuyá»‡t vá»i. Há» Ä‘Ã£ cÃ³ nháº¡c sá»‘ng vÃ o tá»‘i thá»© báº£y cÅ©ng ráº¥t hay. Há» cÅ©ng táº·ng khoai tÃ¢y chiÃªn miá»…n phÃ­ khi báº¡n gá»i cocktail. 100% sáº½ trá»Ÿ láº¡i! Cáº£m Æ¡n vÃ¬ buá»•i tá»‘i tuyá»‡t vá»i...(BÃ i Ä‘Ã¡nh giÃ¡ gá»‘c).Fantastic cocktail bar with delicious drinks and a great vibe. They had live music on Saturday night which was also nice. They also give free chips when you order your cocktails. 100% will come again! Thanks for the great night out.
"(Báº£n dá»‹ch cá»§a Google) Quáº§y bar phá»¥c vá»¥ cocktail ráº¥t Ä‘áº¹p. NÃ³ Ä‘Æ°á»£c che giáº¥u giá»‘ng nhÆ° má»™t lá»i nÃ³i dá»… nghe bÃªn trong khÃ¡ch sáº¡n, nhÆ°ng Ä‘á»«ng náº£n lÃ²ng. Ráº¥t Ä‘Ã¡ng Ä‘á»ƒ ghÃ© thÄƒm. â€¦"
"(Báº£n dá»‹ch cá»§a Google) Má»™t quÃ¡n bar thá»±c sá»± áº¥m cÃºng, nháº¥t Ä‘á»‹nh pháº£i thá»­ náº¿u báº¡n Ä‘áº¿n Quy NhÆ¡n imo. Táº¥t cáº£ cÃ¡c nhÃ¢n viÃªn pha cháº¿ Ä‘á»u thá»±c sá»± tá»‘t Ä‘áº¹p vÃ  cÃ³ sá»©c chá»©a. Äá»“ uá»‘ng há» Ä‘á» nghá»‹ cho chÃºng tÃ´i Ä‘Ã£ Ä‘Æ°á»£c ngay táº¡i chá»—. ChÃºng tÃ´i Ä‘Ã£ Ä‘i vÃ o thá»© â€¦"
"Táº§m sau 12h nháº¡c hÆ¡i bá»‹ á»‰u, phá»¥c vá»¥ á»•n, Ä‘á»“ uá»‘ng tÃ n táº¡m, decor cÆ¡ báº£n"
"ğŸ Láº¥y cáº£m há»©ng tá»« xa lá»™ huyá»n thoáº¡i Route 66 - tuyáº¿n Ä‘Æ°á»ng cao tá»‘c Ä‘áº§u tiÃªn táº¡i Má»¹, Ä‘iá»ƒm Ä‘áº¿n khÃ´ng thá»ƒ bá» qua cá»§a nhá»¯ng káº» thÃ­ch xÃª dá»‹ch, nÆ¡i mÃ  nhá»¯ng ngÆ°á»i tráº» Ã­t nháº¥t má»™t láº§n pháº£i Ä‘i qua trong Ä‘á»i Ä‘á»ƒ cÃ³ thá»ƒ ngáº¯m nhÃ¬n toÃ n bá»™ váº» Ä‘áº¹p kÃ¬ vá»¹ cá»§a nÆ°á»›c Má»¹...ğ‘ğğ”ğ“ğ„ ğŸ•ğŸ• ğ‚ğ‹ğ”ğ - ğğ€ğ‘ ğƒğ” ğ‹ğˆÌ£ğ‚ğ‡ Äáº¦U TIÃŠN Táº I QUY NHÆ N cÅ©ng hi vá»ng sáº½ Ä‘Æ°á»£c má»i ngÆ°á»i Ä‘Ã³n nháº­n nhÆ° lÃ  má»™t nÆ¡i nháº¥t Ä‘á»‹nh pháº£i ghÃ© khi Ä‘Ã£ Ä‘áº·t chÃ¢n tá»›i thÃ nh phá»‘ biá»ƒn xinh Ä‘áº¹p nÃ y.ğŸ–..Bá»Ÿi Ä‘áº¿n vá»›i ğ‘ğğ”ğ“ğ„ ğŸ•ğŸ•, ngoÃ i nhá»¯ng ğŸ§ Ä‘Ãªm diá»…n sÃ´i Ä‘á»™ng, háº¥p dáº«n vá»›i sá»± gÃ³p máº·t thÆ°á»ng xuyÃªn cá»§a cÃ¡c ğŸ¤ ca sÄ©, DJ trong vÃ  ngoÃ i nÆ°á»›c thÃ¬ báº¡n sáº½ cÃ²n cáº£m nháº­n Ä‘Æ°á»£c ráº¥t nhiá»u dáº¥u áº¥n du lá»‹ch Ä‘áº·c sáº¯c, mang Ä‘áº­m nÃ©t vÄƒn hÃ³a Ä‘á»‹a phÆ°Æ¡ng qua nhá»¯ng â€œcháº¥t liá»‡uâ€ thiáº¿t káº¿ Ä‘á»™c Ä‘Ã¡o nhÆ°:..âœ” Bá»©c tÆ°á»ng Ä‘áº¡i dÆ°Æ¡ng vá»›i biá»ƒu tÆ°á»£ng cÃ¡ BÃ  GÃ¹ káº¿t há»£p cÃ¹ng Ä‘Æ°á»ng nÃ©t cá»• xÆ°a cá»§a nhá»¯ng chiáº¿c máº·t náº¡ Tuá»“ng ÄÃ o Táº¥n Ä‘áº§y áº¥n tÆ°á»£ng...âœ” Hay bá»¥c DJ vá»›i Ã½ tÆ°á»Ÿng tá»« má»™t chiáº¿c thuyá»n Ä‘ang ra khÆ¡i...âœ” ÄÃ¨n biá»ƒn, lÆ°á»›i Ä‘Ã¡nh cÃ¡, vá» tÃ u cÅ©,... cÅ©ng Ä‘Æ°á»£c cÃ¡ch Ä‘iá»‡u khÃ©o lÃ©o nháº±m táº¡o hÃ¬nh rÃµ nÃ©t nháº¥t sá»± Ä‘áº·c trÆ°ng cá»§a BÃ¬nh Äá»‹nh khÃ´ng láº«n vá»›i báº¥t ká»³ tá»‰nh thÃ nh nÃ o khÃ¡c trÃªn dáº£i Ä‘áº¥t hÃ¬nh chá»¯ S cá»§a chÃºng ta...ChÆ°a háº¿t, ğ‘ğğ”ğ“ğ„ ğŸ•ğŸ• cÃ²n cÃ³ nhá»¯ng Ä‘iá»ƒm cá»™ng Ä‘áº¯t giÃ¡ khÃ¡c nhÆ°:..âœ” Vá»‹ tháº¿ Ä‘áº¯c Ä‘á»‹a, náº±m ngay trÃªn cung Ä‘Æ°á»ng biá»ƒn XuÃ¢n Diá»‡u (song song vá»›i phá»‘ Ä‘i bá»™, gáº§n Quáº£ng TrÆ°á»ng vÃ  Phá»‘ áº¨m Thá»±c Quy NhÆ¡n)...âœ” Diá»‡n tÃ­ch ~ 400mÂ² vá»›i sá»©c chá»©a lÃªn Ä‘áº¿n hÃ ng trÄƒm khÃ¡ch má»—i Ä‘Ãªm...âœ” Há»‡ thá»‘ng Ã¡nh sÃ¡ng, Ã¢m thanh Ä‘á»‰nh cao tá»« Martin Audio Ä‘áº¿n tá»« London (má»™t trong nhá»¯ng thÆ°Æ¡ng hiá»‡u Ã¢m thanh danh giÃ¡ nháº¥t tháº¿ giá»›i)...âœ” CÃ¹ng Ä‘á»™i ngÅ© nhÃ¢n viÃªn tráº» trung, thÃ¢n thiá»‡n, chuyÃªn nghiá»‡p...Tin cháº¯c sáº½ khÃ´ng lÃ m báº¡n tháº¥t vá»ng!..ğŸ™‹â€â™€ğŸ™‹â€â™‚Náº¿u báº¡n muá»‘n cáº£m nháº­n nhá»‹p sá»‘ng cá»§a nhá»¯ng ngÆ°á»i tráº» nÆ¡i Ä‘Ã¢y, muá»‘n xem cÃ¡i cÃ¡ch mÃ  há» yÃªu quÃª hÆ°Æ¡ng báº±ng má»™t gÃ³c nhÃ¬n ráº¥t khÃ¡c, muá»‘n hÃ nh trÃ¬nh tráº£i nghiá»‡m Ä‘Æ°á»£c trá»n váº¹n hÆ¡n,... thÃ¬ hÃ£y thá»­ má»™t láº§n ghÃ© Ä‘áº¿n ğ‘ğğ”ğ“ğ„ ğŸ•ğŸ• ğ‚ğ‹ğ”ğ - ğğ€ğ‘ ğƒğ” ğ‹ğˆÌ£ğ‚ğ‡ Äáº¦U TIÃŠN Táº I QUY NHÆ N nhÃ©! ğŸ’‹"
"Pub nhá» nhÆ°ng Dj chÆ¡i hay, nhÃ¢n viÃªn vui váº», giÃ¡ há»£p lÃ½ phÃ¹ há»£p giá»›i tráº»..nÃªn Ä‘i náº¿u báº¡n tá»›i Quy NhÆ¡n nhÃ©"
"Bar quáº©y ráº¥t cÄƒng, vÅ© cÃ´ng nháº£y Ä‘áº¹p. Äá»“ uá»‘ng tá»‘t vÃ  nhÃ¢n viÃªn nhiá»‡t tÃ¬nh"
"Äáº³ng cáº¥p bar du lá»‹ch, cáº£m Æ¡n quy nhÆ¡n vÃ¬ nhá»¯ng tráº£i nghiá»‡m tuyá»‡t vá»i"
"Dj hay, Ä‘á»“ uá»‘ng á»•n, giÃ¡ khÃ´ng cao, khÃ´ng khÃ­ ráº¥t chÃ¡y"
"NV phá»¥c vá»¥ Ä‘á»“ uá»‘ng nhiá»‡t tÃ¬nh, nháº¡c Ä‘Ã¡nh siu hay..."
Bar nghá»‰ sá»›m.12h khÃ¡ch vá» háº¿t ğŸ˜†
Club tuy nhá» nhÆ°ng chÆ¡i khÃ¡ á»•n
Nháº¡c Ä‘Æ°á»£c. KhÃ´ng gian vui. NhÃ¢n viÃªn nhiá»‡t tÃ¬nh.
"QuÃ¡n ráº¥t ráº¥t vui áº¡, nhÃ¢n viÃªn phá»¥c vá»¥ nhiá»‡t tÃ¬nh. Muá»‘n tÃ¬m ngÆ°á»i yÃªu thÃ¬ cá»© vÃ o Ä‘Ã¢y lÃ  thÃ  há»“ mÃ  lá»±a luÃ´n nha ğŸ˜†"
"KhÃ´ng cÃ²n gÃ¬ Ä‘á»ƒ nÃ³i, quÃ¡n phá»¥c vá»¥ ráº¥t tá»‘t, nhÃ¢n viÃªn thÃ¢n thiá»‡n, dá»… thÆ°Æ¡ng. MÃ¬nh sáº½ á»§ng há»™ quÃ¡n dÃ i dÃ i"
Nháº¡c hit hot...trai xing gÃ¡i Ä‘áº¹p nhiá»u...1 Ä‘á»‹a Ä‘iá»ƒm vui chÆ¡i khÃ´ng thá»ƒ nÃ o bá» qua cá»§a Quy NhÆ¡n
"Nháº¡c hay. KhÃ´ng gian tuyá»‡t vá»i, nhÃ¢n viÃªn phá»¥c vá»¥ tá»‘t, Bar hÃ ng Ä‘áº§u quy nhÆ¡n"
Cháº¥t lÆ°á»£ng phá»¥c vá»¥ vÃ  Ã¢m thanh Xá»©ng Ä‘Ã¡ng lÃ  clup TOP 1 Quy NhÆ¡n
"QuÃ¡n ráº¥t trang trÃ­ ráº¥t Ä‘áº¹p, Ã¢m thanh cá»±c bá»‘c"
"DJ chÆ¡i nháº¡c khÃ¡ hay, NhÃ¢n viÃªn tráº», xinh xáº¯n"
ÄÃªm chá»§ nháº­t DJ chÆ¡i nháº¡c hÆ¡i tá»‡
CÅ©ng táº¡m á»•n Ä‘á»ƒ ghÃ© giáº£i stress
"Giáº£i trÃ­ nháº¹, ban nháº¡c hÃ¡t cho nhau phÃ¹ há»£p há»c sinh, sinh viÃªn."
"QuÃ¡n bar nÃ y náº¿u á»Ÿ Saigon sáº½ cá»±c hot...TÃ¬nh cá» ghÃ© quÃ¡n bar vÃ¬ náº±m gáº§n khÃ¡ch sáº¡n cá»§a mÃ¬nh. KhÃ´ng há» cÃ³ sá»± mong Ä‘á»£i nÃ o nhÆ°ng tháº­t sá»± quÃ¡n Ä‘Ã£ lÃ m mÃ¬nh báº¥t ngá». Ã‚m nháº¡c á»Ÿ Ä‘Ã¢y ráº¥t cÃ³ gu vÃ  thiÃªn vá» rock. Buá»•i tá»‘i mÃ¬nh ghÃ© cÃ³ giáº£i banh bÃ n nÃªn khÃ´ng khÃ­ ráº¥t vui váº». GiÃ¡ bia khÃ¡ ráº», nháº¥t lÃ  láº¡i Ä‘Æ°á»£c uá»‘ng bia dÆ°á»›i Ã¡nh náº¿n. So vá»›i cÃ¡c quÃ¡n bar á»Ÿ khu Pháº¡m NgÅ© LÃ£o Q.1 thÃ¬ vui khÃ´ng kÃ©m mÃ  giÃ¡ tháº¥p hÆ¡n nhiá»u ^^. Nghe phá»¥c vá»¥ nÃ³i tá»‘i hÃ´m sau cÃ³ nháº¡c sá»‘ng mÃ  mÃ¬nh Ä‘Ã£ book vÃ© vá» máº¥t. Láº§n tá»›i du lá»‹ch Quy NhÆ¡n, cháº¯c cháº¯n mÃ¬nh sáº½ ghÃ© quÃ¡n."
Chill. Äáº¹p. Barista thÃ¢n thiá»‡n
"""Khi uá»‘ng chÃºng ta sáº½ say. Khi say chÃºng ta sáº½ ngá»§. Khi ngá»§ chÃºng ta sáº½ khÃ´ng lÃ m Ä‘iá»u xáº¥u. Khi khÃ´ng lÃ m Ä‘iá»u xáº¥u, chÃºng ta sáº½ lÃªn thiÃªn Ä‘Æ°á»ng. Váº­y thÃ¬ hÃ£y uá»‘ng Ä‘á»ƒ lÃªn thiÃªn Ä‘Æ°á»ng""..TÃ´i quáº£ lÃ  ngÆ°á»i may máº¯n khi ""say"" táº¡i Come Together Bar. May máº¯n Ä‘Æ°á»£c dá»‹p ghÃ© Quy NhÆ¡n cÃ´ng tÃ¡c cÃ¹ng cÃ¡c Ä‘á»“ng nghiá»‡p, cá»© ngá»¡ Quy NhÆ¡n vá» Ä‘Ãªm sáº½ tráº§m láº¯ng láº¯m láº¯m, nhÆ°ng khÃ´ng, tÃ´i Ä‘Ã£ thá»±c sá»± ngá»¡ ngÃ ng khi Ä‘áº·t chÃ¢n Ä‘áº¿n Ä‘Ã¢y. Pháº£i dÃ¹ng tá»« ""cháº¥t lá»«"" Ä‘á»ƒ diá»…n táº£ vá» quÃ¡n Bar nÃ y. Tá»« khÃ´ng gian, Ä‘á»“ uá»‘ng cho Ä‘áº¿n cÃ¡ch bÃ i trÃ­ á»Ÿ Ä‘Ã¢y Ä‘á»u lÃ m tÃ´i vÃ  cÃ¡c Ä‘á»“ng nghiá»‡p khÃ¡ hÃ i lÃ²ng. NhÆ°ng, Ä‘iá»ƒm thu hÃºt nháº¥t á»Ÿ Ä‘Ã¢y chÃ­nh lÃ  cÃ¡ch phá»¥c vá»¥ háº¿t sá»©c chuyÃªn nghiá»‡p vÃ  nhiá»‡t tÃ¬nh cá»§a dÃ n nhÃ¢n viÃªn, cÃ¹ng vá»›i Ä‘Ã³ lÃ  Ä‘Ãªm nháº¡c sá»‘ng Rock n Roll cÃ³ má»™t khÃ´ng hai táº¡i Ä‘Ã¢y. Thá»±c sá»±, Ä‘Ã¢y lÃ  má»™t nÆ¡i khÃ¡ thÃº vá»‹ cho nhá»¯ng ai muá»‘n tÃ¬m nÆ¡i giáº£i trÃ­ vá» Ä‘Ãªm táº¡i Quy NhÆ¡n. TÃ´i nháº¥t Ä‘á»‹nh sáº½ Ä‘áº¿n nÆ¡i nÃ y, khÃ´ng chá»‰ má»™t mÃ  sáº½ lÃ  nhiá»u láº§n ná»¯a náº¿u tÃ´i cÃ³ dá»‹p ghÃ© thÄƒm thÃ nh phá»‘ biá»ƒn xinh Ä‘áº¹p nÃ y."
Nghe nháº¡c vÃ  thÆ°á»Ÿng thá»©c trong khÃ´ng gian khÃ¡ má»Ÿ
"Äá»“ uá»‘ng ngon, giÃ¡ há»£p lÃ½! KhÃ´ng khÃ­ nÄƒng Ä‘á»™ng. CÃ¡c báº¡n tráº» hÃ¡t hay, cÃ³ ná»™i lá»±c."
"Pháº£i nÃ³i ráº±ng Quy NhÆ¡n cÃ³ ráº¥t nhiá»u Ä‘iá»ƒm Ä‘á»ƒ chÆ¡i! NhÆ°ng riÃªng cÃ¡ nhÃ¢n mÃ¬nh, Come Together Bar á»Ÿ Ä‘Æ°á»ng ChÆ°Æ¡ng DÆ°Æ¡ng láº¡i cá»±c kÃ¬ áº¥n tÆ°á»£ng :) KhÃ´ng nhá»¯ng thá»©c uá»‘ng vÃ  Ä‘á»“ Äƒn ngon - giÃ¡ cáº£ há»£p lÃ½ - nhÃ¢n viÃªn dá»… thÆ°Æ¡ng thÃ¢n thiá»‡n cÆ°á»i hoÃ i, mÃ  khÃ´ng gian á»Ÿ Ä‘Ã¢y cÅ©g cá»±c kÃ¬ ""Ä‘Ã¨n má»"" vÃ  ""thoÃ¡ng Ä‘Ã£ng"" - vÃ´ cÃ¹ng lÃ£ng máº¡n nhÆ° phim mÃ  hiáº¿m nÆ¡i nÃ o cÃ³ Ä‘cğŸ˜‚ ğŸ˜‚ Má»™t Ä‘iá»ƒm ná»¯a Ä‘Ã¡ng Ä‘á»ƒ tráº£i nghiá»‡m, Ä‘Ã³ lÃ  báº¡n sáº½ Ä‘c táº­n máº¯t chá»©ng kiáº¿n a boss ""John"" vá»«a Ä‘Ã n vá»«a Ä‘iÃªn vá»«a hÃ¡t nhá»¯ng báº£n Rock báº¥t há»§ cÃ¹ng vá»›i ban nháº¡c chuyÃªn nghiá»‡p, thoáº£ sá»©c lÃ m ca sÄ© nha ğŸ˜‚ ğŸ˜‚ Bar gáº§n biá»ƒn ná»¯a chá»©.. Ráº¥t thuáº­n lá»£i cho nhá»¯ng báº¡n yÃªu thiÃªn nhiÃªn nhÆ° mÃ¬nh =)) YÃªu nÆ¡i nÃ y!! Ã€ cÃ²n yÃªu cáº£ nhá»¯ng anh TÃ¢y Ä‘Ã¡ng yÃªu trá» á»Ÿ Ä‘Ã¢y :v ğŸ˜‚ ğŸ˜‚.Sáº½ quay láº¡i náº¿u cÃ³ dá»‹p tá»›i Quy NhÆ¡n láº§n ná»¯a ğŸ˜‚"
QuÃ¡n vÃ o má»—i thá»© 6 tá»›i chá»§ nháº­t Ä‘á»u cÃ³ ban nháº¡c chÆ¡i ráº¥t hay
"1 khÃ´ng gian Ä‘áº¹p, cáº§n trau chuá»‘t thÃªm"
(Báº£n dá»‹ch cá»§a Google) MÃ´i trÆ°á»ng xung quanh ráº¥t Ä‘áº¹p vÃ  nÃ³ lÃ m báº¡n thÆ° giÃ£n. CÃ¡c nhÃ¢n viÃªn ráº¥t thÃ¢n thiá»‡n vÃ  cÃ³ sá»©c chá»©a. Há» cÃ³ thá»ƒ nÃ³i tiáº¿ng Anh nÃªn tiáº¿ng Anh dá»… nÃ³i chuyá»‡n hÆ¡n nhiá»u. ChÃºng tÃ´i Ä‘Ã£ Ä‘áº¿n Ä‘Ã¢y vá»›i nhá»¯ng Ä‘á»©a tráº» vÃ  chÃºng ráº¥t thÃ­ch chÆ¡i bi-a. Má»™t nÆ¡i khÃ´ng thá»ƒ bá» qua khi báº¡n á»Ÿ Quy háº¿t. Thá»©c Äƒn cÅ©ng ráº¥t ngon vÃ  phá»¥c vá»¥ ráº¥t hÃ o phÃ³ng. GiÃ¡ cáº£ cÅ©ng khÃ´ng quÃ¡ Ä‘áº¯t...(BÃ i Ä‘Ã¡nh giÃ¡ gá»‘c).The ambience is very nice & it makes you relax. The staff are very friendly & accommodating. They can speak english so itâ€™s much easier to converse with. We went here with the kids & they enjoyed playing billiards. A must-visit when you are in Quy Nhon. The food is also very delectable & the serving is very generous. Price is not too expensive as well.
"(Báº£n dá»‹ch cá»§a Google) Buá»•i biá»ƒu diá»…n vÃ  cÃ¡c bÃ i hÃ¡t cÃ³ pháº§n láº¡c lÃµng, nhÆ°ng khÃ´ng khÃ­ thoáº£i mÃ¡i vÃ  nhÃ¢n viÃªn ráº¥t thÃ¢n thiá»‡n..Mohito lÃ  má»™t chÃºt sÃ¢u sáº¯c, máº·t khÃ¡c..CÃ³ má»™t sá»‘ ngÆ°á»i hÃºt thuá»‘c..NÃ³ hÆ¡i xa trung tÃ¢m thÃ nh phá»‘ nhÆ°ng khÃ´ng khÃ³ Ä‘á»ƒ báº¯t taxi...(BÃ i Ä‘Ã¡nh giÃ¡ gá»‘c).ì—°ì£¼ì™€ ë…¸ë˜ëŠ” ë‹¤ì†Œ ì–´ì„¤í”ˆ ë¶€ë¶„ì´ ìˆì—ˆì§€ë§Œ í¸ì•ˆí•œ ë¶„ìœ„ê¸°, ì¹œì ˆí•œ ì§ì›ë“¤ ë•Œë¬¸ì— ë‹¤ì‹œ ë°©ë¬¸í•  ê²ƒ ê°™ìŒ..ëª¨íˆë˜ëŠ” ì¡°ê¸ˆ ë…í•œí¸..ë‹´ë°°ë¥¼ í”¼ìš°ëŠ” ì‚¬ëŒì´ ë”ëŸ¬ ìˆì—ˆìŒ..ë²ˆí™”ê°€ì—ì„œ ì¡°ê¸ˆ ë–¨ì–´ì ¸ ìˆìœ¼ë‚˜ íƒì‹œë¥¼ ì¡ê¸°ëŠ” ì–´ë µì§€ì•Šì•˜ìŒ."
"Excellent beer selection, brilliant cocktails and super-friendly barman. Stumbled in here on a Friday night for a really good playlist and cool live music"
(Báº£n dá»‹ch cá»§a Google) NÆ¡i tá»‘t nháº¥t Ä‘á»ƒ Ä‘i chÆ¡i vÃ o ban Ä‘Ãªm. KhÃ´ng khÃ­ trong lÃ nh. Nháº¡c sá»‘ng. Tá»‘t thanh Äƒn nháº¹. Ráº¥t khuyÃªn báº¡n nÃªn...(BÃ i Ä‘Ã¡nh giÃ¡ gá»‘c).Best place to hang out at night. Nice atmosphere. Live music. Good snack bar. Highly recommend.
(Báº£n dá»‹ch cá»§a Google) NÆ¡i tuyá»‡t vá»i cho nháº¡c sá»‘ng vÃ  bia. Ráº¥t nhiá»u khÃ¡ch du lá»‹ch ba lÃ´ vÃ  nhá»¯ng ngÆ°á»i ráº£nh rá»—i..(BÃ i Ä‘Ã¡nh giÃ¡ gá»‘c).Great place for live music & beer. Loads of backpackers & free minders
"(Báº£n dá»‹ch cá»§a Google) # 1 quÃ¡n bar láº·n á»Ÿ Quynhon vÃ  báº±ng má»™t shot dÃ i. LÃ  má»™t ngÆ°á»i sÃ nh sá»i vá» cÃ¡c quÃ¡n bar láº·n, tÃ´i thá»±c sá»± cÃ³ thá»ƒ nÃ³i ráº±ng Come Together Bar cÅ©ng chÃ¢n thá»±c nhÆ° nhá»¯ng gÃ¬ há» Ä‘áº¿n. Náº¿u báº¡n lÃ  má»™t ngÆ°á»i thÃ­ch Ä‘i bar, hÃ£y Ä‘áº·t Ä‘iá»u nÃ y lÃªn Ä‘áº§u danh sÃ¡ch viá»‡c cáº§n lÃ m cá»§a ThÃ nh phá»‘ Quynhon (vÃ o ban Ä‘Ãªm)..(BÃ i Ä‘Ã¡nh giÃ¡ gá»‘c).#1 dive bar in Quynhon and by a long shot. As a connoisseur of dive bars, I can truly say that Come Together Bar is as authentic as they come. If you are a bar person, put this on the top of your Quynhon City (at night) to-do list"
"(Báº£n dá»‹ch cá»§a Google) Ã‚m nháº¡c tuyá»‡t vá»i, Ä‘Ã¡m Ä‘Ã´ng tuyá»‡t vá»i vÃ  Ä‘á»“ uá»‘ng tuyá»‡t vá»i. BÃ n bi-a thá»±c sá»± báº±ng pháº³ng nÃªn báº¡n cÃ³ thá»ƒ chÆ¡i má»™t sá»‘ trÃ² chÆ¡i thá»±c sá»± tá»‘t. CÃ¡c nhÃ¢n viÃªn Ä‘á»u ráº¥t Ä‘Ã¡ng yÃªu...(BÃ i Ä‘Ã¡nh giÃ¡ gá»‘c).Awesome music, awesome crowd and great drinks. The pool table is actually flat so you can get some really decent games going. The staff are all lovely too."
(Báº£n dá»‹ch cá»§a Google) Cocktail ngon. Báº§u khÃ´ng khÃ­ Ä‘Ã¡ng yÃªu. NhÃ¢n viÃªn pha cháº¿ thÃ¢n thiá»‡n. HÃ©t lÃªn Ä‘á»ƒ Trung chÄƒm sÃ³c chÃºng tÃ´i. Ráº¥t khuyáº¿n khÃ­ch!..(BÃ i Ä‘Ã¡nh giÃ¡ gá»‘c).Tasty cocktail. Lovely atmosphere. Friendly bartender. Shout out to Trung for take care of us. Highly recomended!
"(Báº£n dá»‹ch cá»§a Google) NhÃ¢n viÃªn tuyá»‡t vá»i, ráº¥t thÃ¢n thiá»‡n. Thá»©c Äƒn á»Ÿ má»©c trung bÃ¬nh. NÆ¡i tuyá»‡t vá»i Ä‘á»ƒ uá»‘ng bia hoáº·c Ä‘á»“ uá»‘ng...(BÃ i Ä‘Ã¡nh giÃ¡ gá»‘c).Great staff, very friendly.  Food was average. Great place to have a beer or a drink."
(Báº£n dá»‹ch cá»§a Google) NÆ¡i hoÃ n háº£o! Thá»©c Äƒn ngon vÃ  bia khÃ¡c thÆ°á»ng. ğŸ˜..(BÃ i Ä‘Ã¡nh giÃ¡ gá»‘c).ĞÑ‚Ğ»Ğ¸Ñ‡Ğ½Ğ¾Ğµ Ğ¼ĞµÑÑ‚Ğ¾! Ğ’ĞºÑƒÑĞ½Ğ°Ñ ĞµĞ´Ğ° Ğ¸ Ğ½ĞµĞ¾Ğ±Ñ‹Ñ‡Ğ½Ğ¾Ğµ Ğ¿Ğ¸Ğ²Ğ¾. ğŸ˜
(Báº£n dá»‹ch cá»§a Google) Thanh Ä‘áº¹p. Thá»©c Äƒn ok. Ban nháº¡c sá»‘ng tuyá»‡t vá»i...(BÃ i Ä‘Ã¡nh giÃ¡ gá»‘c).Nice bar. Food ok. Great live band.
"(Báº£n dá»‹ch cá»§a Google) Má»™t nÆ¡i tuyá»‡t vá»i Ä‘á»ƒ thÆ° giÃ£n vÃ  thÆ°á»Ÿng thá»©c Ã¢m nháº¡c, mÃ³n Äƒn tuyá»‡t vá»i ğŸ˜ğŸ˜ğŸ˜ğŸ˜ğŸ‘ğŸ‘..(BÃ i Ä‘Ã¡nh giÃ¡ gá»‘c).A great place to relax and enjoy music, great food ğŸ˜ğŸ˜ğŸ˜ğŸ˜ğŸ‘ğŸ‘"
(Báº£n dá»‹ch cá»§a Google) KhÃ´ng tÃ¬m tháº¥y thanh nÃ y!..(BÃ i Ä‘Ã¡nh giÃ¡ gá»‘c).ã“ã®ãƒãƒ¼ã‚’è¦‹ã¤ã‘ã‚Œã¾ã›ã‚“ã§ã—ãŸ!
(Báº£n dá»‹ch cá»§a Google) NÆ¡i tá»‘t Ä‘á»ƒ Ä‘i chÆ¡i vá»›i báº¡n cá»§a báº¡n..(BÃ i Ä‘Ã¡nh giÃ¡ gá»‘c).Good place to hanging out with your friend
(Báº£n dá»‹ch cá»§a Google) Ráº¥t tá»‘t!!!..(BÃ i Ä‘Ã¡nh giÃ¡ gá»‘c).Very good!!!
